controller,horizon_steps,control_frequency_hz,warm_start,sample_count,mean_solve_time_ms,median_solve_time_ms,p95_solve_time_ms,max_solve_time_ms,mean_nn_inference_time_ms,mean_total_loop_time_ms,median_total_loop_time_ms,p95_total_loop_time_ms,max_total_loop_time_ms,solver_failure_rate,budget_10hz_ms,budget_20hz_ms,budget_50hz_ms,meets_10hz_budget_p95,meets_20hz_budget_p95,meets_50hz_budget_p95,success_rate,performance_source
gain_scheduled_lqr,5,10.0,False,5,0.005641626194119453,0.004083034582436085,0.011042028199881313,0.01266703475266695,0.0,0.38939983351156116,0.3802500432357192,0.4150664433836937,0.4219580441713333,0.0,100.0,50.0,20.0,True,True,True,0.0,phase5_monte_carlo
gain_scheduled_lqr,5,20.0,False,5,0.005691801197826862,0.004582980182021856,0.009984010830521582,0.011334021110087633,0.0,0.36747498670592904,0.3625829704105854,0.3834081697277725,0.38845796370878816,0.0,100.0,50.0,20.0,True,True,True,0.0,phase5_monte_carlo
gain_scheduled_lqr,5,50.0,False,5,0.009624799713492393,0.011000025551766157,0.015058193821460009,0.01575000351294875,0.0,0.43503340566530824,0.4021250060759485,0.5617254180833697,0.5995840183459222,0.0,100.0,50.0,20.0,True,True,True,0.0,phase5_monte_carlo
gain_scheduled_lqr,10,10.0,False,5,0.007908185943961143,0.00462500611320138,0.014924397692084312,0.015666009858250618,0.0,0.38443361409008503,0.3696670173667371,0.4317506216466427,0.44470903230831027,0.0,100.0,50.0,20.0,True,True,True,0.0,phase5_monte_carlo
gain_scheduled_lqr,10,20.0,False,5,0.005058408714830875,0.0038750004023313522,0.00923342304304242,0.010500021744519472,0.0,0.3674415987916291,0.36641600308939815,0.37321678828448057,0.3736669896170497,0.0,100.0,50.0,20.0,True,True,True,0.0,phase5_monte_carlo
gain_scheduled_lqr,10,50.0,False,5,0.006641587242484093,0.006999995093792677,0.010075012687593699,0.010750023648142815,0.0,0.38010861026123166,0.3658340428955853,0.4167918348684907,0.4255000385455787,0.0,100.0,50.0,20.0,True,True,True,0.0,phase5_monte_carlo
gain_scheduled_lqr,15,10.0,False,5,0.006825022865086794,0.004458008334040642,0.011125626042485237,0.011584023013710976,0.0,0.37300800904631615,0.372458016499877,0.38304959889501333,0.3849579952657223,0.0,100.0,50.0,20.0,True,True,True,0.0,phase5_monte_carlo
gain_scheduled_lqr,15,20.0,False,5,0.009874801617115736,0.009665964171290398,0.014883431140333414,0.01587503356859088,0.0,0.4001583787612617,0.39070798084139824,0.42515837121754885,0.4309999640099704,0.0,100.0,50.0,20.0,True,True,True,0.0,phase5_monte_carlo
gain_scheduled_lqr,15,50.0,False,5,0.005333195440471172,0.0036249984987080097,0.01022517681121826,0.011666968930512667,0.0,0.36826678551733494,0.36987499333918095,0.37274998612701893,0.37299998803064227,0.0,100.0,50.0,20.0,True,True,True,0.0,phase5_monte_carlo
nominal_nmpc,5,10.0,False,5,21.077991800848395,16.653958009555936,33.74005821533501,37.70795802120119,0.0,40.56765821296722,32.968125015031546,55.736650025937706,57.985750027000904,0.0,100.0,50.0,20.0,True,False,False,0.1,phase12_learning_augmented_mpc
nominal_nmpc,5,20.0,False,5,16.475333424750715,16.950667020864785,17.055874620564282,17.075041017960757,0.0,32.28877461515367,32.523166039027274,33.25082460651174,33.34920800989494,0.0,100.0,50.0,20.0,True,True,False,0.1,phase12_learning_augmented_mpc
nominal_nmpc,5,50.0,False,5,16.55452500563115,16.17729099234566,18.497883598320186,18.846541992388666,0.0,32.672649796586484,32.30704099405557,34.42315838765353,34.70562497386709,0.0,100.0,50.0,20.0,True,True,False,0.1,phase12_learning_augmented_mpc
nominal_nmpc,10,10.0,False,5,29.074333410244435,29.23037501750514,29.50799179961905,29.544749995693564,0.0,58.52656642673537,58.55504103237763,60.129066405352205,60.30170799931511,0.0,100.0,50.0,20.0,True,False,False,0.1,phase12_learning_augmented_mpc
nominal_nmpc,10,20.0,False,5,28.21934139356017,28.91487500164658,29.540491569787264,29.56324996193871,0.0,57.12556679500267,57.552959013264626,58.87251638341695,59.06920798588544,0.0,100.0,50.0,20.0,True,False,False,0.1,phase12_learning_augmented_mpc
nominal_nmpc,10,50.0,False,5,28.72527480358258,28.678458009380847,29.98853321187198,30.216625018510967,0.0,58.749599813017994,58.903333032503724,60.174149624072015,60.297958028968424,0.0,100.0,50.0,20.0,True,False,False,0.1,phase12_learning_augmented_mpc
nominal_nmpc,15,10.0,False,5,41.49255038937554,41.69933398952708,44.89885839866474,45.66800000611693,0.0,82.80235859565437,83.57404201524332,85.18801721511409,85.53245902294293,0.0,100.0,50.0,20.0,True,False,False,0.1,phase12_learning_augmented_mpc
nominal_nmpc,15,20.0,False,5,40.520233393181115,40.99720902740955,41.489700379315764,41.606333979871124,0.0,83.63355018664151,83.0425419844687,85.4539756081067,85.67645901348442,0.0,100.0,50.0,20.0,True,False,False,0.1,phase12_learning_augmented_mpc
nominal_nmpc,15,50.0,False,5,39.26215837709606,39.04820897150785,40.468533569946885,40.495416964404285,0.0,81.11447520786896,80.81387501442805,83.09832562226802,83.121084026061,0.0,100.0,50.0,20.0,True,False,False,0.1,phase12_learning_augmented_mpc
pid,5,10.0,False,5,0.014958204701542854,0.014666002243757248,0.021024630405008793,0.02254103310406208,0.0,0.5663665826432407,0.5009169690310955,0.8037577965296805,0.8660409948788583,0.0,100.0,50.0,20.0,True,True,True,0.05,phase5_monte_carlo
pid,5,20.0,False,5,0.011575000826269388,0.007207971066236496,0.024850189220160242,0.028166978154331446,0.0,0.3924417891539633,0.39295904571190476,0.4274663981050253,0.4360830062068999,0.0,100.0,50.0,20.0,True,True,True,0.05,phase5_monte_carlo
pid,5,50.0,False,5,0.01214159419760108,0.013833981938660145,0.0187002238817513,0.019667029846459627,0.0,0.43569979025051,0.3977909800596535,0.5434915772639215,0.565374968573451,0.0,100.0,50.0,20.0,True,True,True,0.05,phase5_monte_carlo
pid,10,10.0,False,5,0.011858402285724878,0.011167023330926895,0.016816414427012205,0.01733301905915141,0.0,0.44072498567402363,0.4122090176679194,0.5398917943239212,0.5666670040227473,0.0,100.0,50.0,20.0,True,True,True,0.05,phase5_monte_carlo
pid,10,20.0,False,5,0.007299997378140688,0.005416979547590017,0.013391626998782156,0.015125027857720852,0.0,0.38506679702550173,0.37516700103878975,0.4174247616901994,0.42520795250311494,0.0,100.0,50.0,20.0,True,True,True,0.05,phase5_monte_carlo
pid,10,50.0,False,5,0.005816423799842596,0.004791014362126589,0.00894962577149272,0.009833020158112049,0.0,0.3688413999043405,0.3671660088002682,0.37797519471496344,0.38066698471084237,0.0,100.0,50.0,20.0,True,True,True,0.05,phase5_monte_carlo
pid,15,10.0,False,5,0.009783392306417227,0.00833295052871108,0.01601718831807375,0.017208978533744812,0.0,0.4267666023224592,0.38641702849417925,0.565607997123152,0.6072079995647073,0.0,100.0,50.0,20.0,True,True,True,0.05,phase5_monte_carlo
pid,15,20.0,False,5,0.01106681302189827,0.008374976459890604,0.01764182234182954,0.01875002635642886,0.0,0.4245166084729135,0.38179202238097787,0.5568832042627037,0.596500001847744,0.0,100.0,50.0,20.0,True,True,True,0.05,phase5_monte_carlo
pid,15,50.0,False,5,0.006325007416307926,0.005332985892891884,0.009983230847865341,0.011083029676228762,0.0,0.3718833904713392,0.365916988812387,0.38860017666593194,0.39004196878522635,0.0,100.0,50.0,20.0,True,True,True,0.05,phase5_monte_carlo
residual_corrected_nmpc,5,10.0,False,5,16.47814119933173,16.543540987186134,17.36588323256001,17.522625043056905,0.3177833859808743,32.61673318920657,32.75837498949841,33.713225182145834,33.8701669825241,0.0,100.0,50.0,20.0,True,True,False,0.1,phase12_learning_augmented_mpc
residual_corrected_nmpc,5,20.0,False,5,16.612100007478148,16.71925000846386,17.342841834761202,17.435917048715055,0.35021700896322727,33.13742500031367,33.077542029786855,33.682517206761986,33.68795901769772,0.0,100.0,50.0,20.0,True,True,False,0.1,phase12_learning_augmented_mpc
residual_corrected_nmpc,5,50.0,False,5,16.01694980636239,15.828082978259772,16.946857795119286,17.223540984559804,0.31528319232165813,32.346399989910424,32.38108300138265,32.992999989073724,32.999749993905425,0.0,100.0,50.0,20.0,True,True,False,0.1,phase12_learning_augmented_mpc
residual_corrected_nmpc,10,10.0,False,5,29.091833217535168,29.190250032115728,30.178824404720217,30.278666003141552,0.7507164031267166,58.30134160351008,58.18716698559001,58.901083609089255,58.98616701597348,0.0,100.0,50.0,20.0,True,False,False,0.1,phase12_learning_augmented_mpc
residual_corrected_nmpc,10,20.0,False,5,28.45390000147745,29.25016696099192,29.68525820178911,29.7618749900721,0.35063339164480567,57.62746660038829,58.48508403869346,59.19127480592579,59.235583001282066,0.0,100.0,50.0,20.0,True,False,False,0.1,phase12_learning_augmented_mpc
residual_corrected_nmpc,10,50.0,False,5,29.40185860497877,29.143250023480505,32.28640001034364,33.035875007044524,0.40404159808531404,58.96004178794101,58.1125839962624,63.38514998788014,64.40124998334795,0.0,100.0,50.0,20.0,True,False,False,0.1,phase12_learning_augmented_mpc
residual_corrected_nmpc,15,10.0,False,5,42.35589960590005,41.99345799861476,46.43873297609389,47.36220795894042,0.47419159673154354,84.65743320994079,84.69024999067187,88.0196166341193,88.5458750417456,0.0,100.0,50.0,20.0,True,False,False,0.1,phase12_learning_augmented_mpc
residual_corrected_nmpc,15,20.0,False,5,41.7210748186335,43.02266601007432,43.79539982182905,43.83508302271366,0.49085839418694377,85.35904979798943,85.24691697675735,89.85317461192608,90.5972080072388,0.0,100.0,50.0,20.0,True,False,False,0.1,phase12_learning_augmented_mpc
residual_corrected_nmpc,15,50.0,False,5,39.762899989727885,40.120874997228384,40.70594999939203,40.71137501159683,0.47563299303874373,81.5208833781071,82.1732499753125,82.88295016391203,83.04366696393117,0.0,100.0,50.0,20.0,True,False,False,0.1,phase12_learning_augmented_mpc
residual_corrected_tightened_nmpc,5,10.0,False,5,17.368800390977412,17.36770902061835,19.99436718178913,20.419958978891373,0.2679247874766588,34.31465819012374,33.50037499330938,38.81064937449992,39.74466596264392,0.0,100.0,50.0,20.0,True,True,False,0.1,phase12_learning_augmented_mpc
residual_corrected_tightened_nmpc,5,20.0,False,5,16.57577499281615,16.763499996159226,17.370283172931522,17.443457967601717,0.21224998636171222,32.93514997931197,32.76729094795883,33.93078336957842,34.041999955661595,0.0,100.0,50.0,20.0,True,True,False,0.1,phase12_learning_augmented_mpc
residual_corrected_tightened_nmpc,5,50.0,False,5,16.21909160166979,16.030750004574656,16.912866395432502,17.09133299300447,0.3104166011326015,32.42461659247056,32.218666980043054,33.064416609704494,33.12237502541393,0.0,100.0,50.0,20.0,True,True,False,0.1,phase12_learning_augmented_mpc
residual_corrected_tightened_nmpc,10,10.0,False,5,33.08354978216812,34.60449998965487,37.321657955180854,37.51083294628188,0.3770750015974045,62.15385820250958,63.99125000461936,66.28429143456742,66.34570803726092,0.0,100.0,50.0,20.0,True,False,False,0.1,phase12_learning_augmented_mpc
residual_corrected_tightened_nmpc,10,20.0,False,5,29.437566793058068,29.326791991479695,32.82932478468865,33.43458299059421,0.3168750088661909,58.2394081982784,58.64875001134351,61.97920822305605,62.802250031381845,0.0,100.0,50.0,20.0,True,False,False,0.1,phase12_learning_augmented_mpc
residual_corrected_tightened_nmpc,10,50.0,False,5,28.32953359466046,28.917083982378244,29.51214979402721,29.6348329866305,0.3660251968540251,57.505724823568016,57.82829102827236,58.96709143416956,59.21008303994313,0.0,100.0,50.0,20.0,True,False,False,0.1,phase12_learning_augmented_mpc
residual_corrected_tightened_nmpc,15,10.0,False,5,51.35129177942872,53.21095895487815,58.73105820501223,59.32545801624656,0.4680828074924648,93.8789582112804,97.09983301581815,100.87512520840392,101.15166701143607,0.0,100.0,50.0,20.0,False,False,False,0.1,phase12_learning_augmented_mpc
residual_corrected_tightened_nmpc,15,20.0,False,5,50.884133006911725,46.68333299923688,66.51416642125696,70.01708302414045,0.49534140853211284,93.62415841314942,89.20754201244563,108.83740042336285,112.09695902653039,0.0,100.0,50.0,20.0,False,False,False,0.1,phase12_learning_augmented_mpc
residual_corrected_tightened_nmpc,15,50.0,False,5,41.902816598303616,40.61608301708475,46.615524985827506,47.31212498154491,0.45783299719914794,84.51365820365027,82.81504100887105,89.58145839860663,90.05487500689924,0.0,100.0,50.0,20.0,True,False,False,0.1,phase12_learning_augmented_mpc
