scenario_id,tier,seed,controller,time_s,alpha_rad,q_radps,theta_rad,alpha_ref_rad,q_ref_radps,theta_ref_rad,alpha_min_rad,alpha_max_rad,q_min_radps,q_max_radps,alpha_error_rad,q_error_rad,theta_error_rad,solver_status,solve_time_s,solver_failure,learned_delta_flap_raw_rad,safety_delta_flap_raw_rad,pitching_moment_nm,cm,flap_effectiveness,delta_flap_raw_rad,delta_flap_delayed_rad,delta_flap_lagged_rad,delta_flap_rad,delta_flap_rate_radps,flap_saturated,flap_rate_saturated,altitude_m,velocity_mps,mach,density_kgm3,dynamic_pressure_pa,density_scale,cm_alpha_scale,cm_delta_scale,cm_q_scale,actuator_lag_s,actuator_delay_s,sensor_noise_alpha_rad,sensor_noise_q_radps,sensor_noise_theta_rad,initial_alpha_error_rad,initial_q_error_radps,initial_theta_error_rad,external_disturbance_moment_nm,corridor_violation
2,stress,10057,oracle_command_replay,0.0,0.07839380400208648,0.04667776517874292,0.05715996535184981,0.12,-1.5202636718752993e-05,0.08,0.04999999999999999,0.19,-0.08,0.08,-0.041606195997913514,0.04669296781546167,-0.02284003464815019,not_applicable,0.0,False,0.1800000098981752,0.1800000098981752,6086.366471142814,-0.009619003026293253,0.4015798869488264,0.1800000098981752,0.0,0.0,0.0,0.0,False,False,82000.0,6200.0,21.012104371718653,4.430044587322265e-06,85.14545696833393,0.8866800433930975,0.9276352786236607,0.7499245797839396,0.7309926130233437,0.2586107576985939,1.0,0.004478437066488493,0.0012923100994562892,0.005160534056958272,-0.041606195997913514,0.04669296781546167,-0.02284003464815019,6107.333239994104,False
2,stress,10057,oracle_command_replay,0.5,0.09235820131794782,0.04679938363673642,0.08052926148079995,0.12002304098079561,-3.0341796874999716e-05,0.07999239868164063,0.0500230409807956,0.19002304098079562,-0.08,0.08,-0.027664839662847787,0.04682972543361142,0.0005368627991593211,not_applicable,0.0,False,0.2650000098965995,0.2650000098965995,6075.665784493224,-0.014526755994931882,0.40159248685423254,0.2650000098965995,0.0,0.0,0.0,0.0,False,False,81998.8598022461,6199.7501458924335,21.01125760388222,4.430841171640748e-06,85.1539036612638,0.8866800433930975,0.9276352786236607,0.7499245797839396,0.7309926130233437,0.2586107576985939,1.0,0.004478437066488493,0.0012923100994562892,0.005160534056958272,-0.041606195997913514,0.04669296781546167,-0.02284003464815019,6107.333239994104,False
2,stress,10057,oracle_command_replay,1.0,0.10492552111680875,0.04692079897208714,0.10395931516584295,0.12009173525377229,-6.052490234374763e-05,0.079969658203125,0.05009173525377228,0.1900917352537723,-0.08,0.08,-0.015166214136963535,0.04698132387443089,0.023989656962717945,not_applicable,0.0,False,0.3500000098950238,0.3500000098950238,6049.474922482379,-0.02653246617594302,0.40162486243193063,0.3500000098950238,0.1800000098981752,0.15396221004300017,0.09,0.18,False,True,81995.44873046875,6199.108143368448,21.00908182581111,4.433225127878122e-06,85.18207515330676,0.8866800433930975,0.9276352786236607,0.7499245797839396,0.7309926130233437,0.2586107576985939,1.0,0.004478437066488493,0.0012923100994562892,0.005160534056958272,-0.041606195997913514,0.04669296781546167,-0.02284003464815019,6107.333239994104,False
2,stress,10057,oracle_command_replay,1.5,0.1162411199504337,0.04704170023030077,0.12744994720131242,0.12020543981481481,-9.05175781250045e-05,0.07993187377929688,0.0502054398148148,0.1902054398148148,-0.08,0.08,-0.003964319864381116,0.047132217808425775,0.04751807342201554,not_applicable,0.0,False,0.35000000989396124,0.35000000989396124,6024.204290396493,-0.038099017030739195,0.4016744554206741,0.35000000989396124,0.2650000098965995,0.24893789961903606,0.18,0.18,False,True,81989.78106689453,6198.124722339112,21.005748963664374,4.437189024930374e-06,85.2311909001937,0.8866800433930975,0.9276352786236607,0.7499245797839396,0.7309926130233437,0.2586107576985939,1.0,0.004478437066488493,0.0012923100994562892,0.005160534056958272,-0.041606195997913514,0.04669296781546167,-0.02284003464815019,6107.333239994104,False
2,stress,10057,oracle_command_replay,2.0,0.12643514511416118,0.04716210478770516,0.15100090497696322,0.12036351165980795,-0.00012031982421875642,0.079879140625,0.050363511659807944,0.19036351165980797,-0.08,0.08,0.0060716334543532285,0.04728242461192392,0.07112176435196323,not_applicable,0.0,False,0.3500000098928987,0.3500000098928987,5999.734635184228,-0.04927295087999829,0.4017399997587981,0.3500000098928987,0.3500000098950238,0.3353809273638818,0.27,0.18000000000000005,False,True,81981.87109375,6196.824988604601,21.00134410223131,4.442727092514173e-06,85.30178171431467,0.8866800433930975,0.9276352786236607,0.7499245797839396,0.7309926130233437,0.2586107576985939,1.0,0.004478437066488493,0.0012923100994562892,0.005160534056958272,-0.041606195997913514,0.04669296781546167,-0.02284003464815019,6107.333239994104,False
2,stress,10057,oracle_command_replay,2.5,0.13562419468518883,0.04728202774525391,0.17461194399288468,0.12056530778463648,-0.00014993164062498954,0.07981155395507812,0.05056530778463647,0.19056530778463648,-0.08,0.08,0.015058886900552348,0.0474319593858789,0.09480039003780656,not_applicable,0.0,False,0.3500000098909636,0.3500000098909636,5978.192431312577,-0.05907385099402139,0.4018206300465545,0.3500000098909636,0.35000000989396124,0.34788529476033525,0.34788529476033525,0.15577058952067047,False,False,81971.73309326172,6195.226102903411,20.995925400097143,4.449835193126151e-06,85.39417617505032,0.8866800433930975,0.9276352786236607,0.7499245797839396,0.7309926130233437,0.2586107576985939,1.0,0.004478437066488493,0.0012923100994562892,0.005160534056958272,-0.041606195997913514,0.04669296781546167,-0.02284003464815019,6107.333239994104,False
2,stress,10057,oracle_command_replay,3.0,0.1439127386358071,0.04740152683141996,0.19828283794849383,0.12081018518518519,-0.00017935302734374547,0.07972920898437501,0.05081018518518518,0.1908101851851852,-0.08,0.08,0.023102553450621927,0.047580879858763706,0.11855362896411882,not_applicable,0.0,False,0.3500000098890285,0.3500000098890285,5971.306463983649,-0.06214047931203903,0.40191568368588926,0.3500000098890285,0.3500000098928987,0.3496941069687625,0.3496941069687625,0.003617624416854537,False,False,81959.38134765625,6193.341204448907,20.98953738670099,4.458510796973173e-06,85.50860882849565,0.8866800433930975,0.9276352786236607,0.7499245797839396,0.7309926130233437,0.2586107576985939,1.0,0.004478437066488493,0.0012923100994562892,0.005160534056958272,-0.041606195997913514,0.04669296781546167,-0.02284003464815019,6107.333239994104,False
2,stress,10057,oracle_command_replay,3.5,0.15139444864740734,0.04752089443749817,0.22201344806602433,0.12109750085733882,-0.00020858398437501036,0.07963220092773438,0.051097500857338815,0.19109750085733884,-0.08,0.08,0.030296947790068515,0.04772947842187318,0.14238124713828995,not_applicable,0.0,False,0.3500000098864066,0.3500000098864066,5965.274069508825,-0.06479268186163335,0.40202462079258067,0.3500000098864066,0.3500000098909636,0.3499557596763781,0.3499557596763781,0.0005233054152311567,False,False,81944.83013916016,6191.180999058791,20.98221634458463,4.468752959769412e-06,85.64526405824083,0.8866800433930975,0.9276352786236607,0.7499245797839396,0.7309926130233437,0.2586107576985939,1.0,0.004478437066488493,0.0012923100994562892,0.005160534056958272,-0.041606195997913514,0.04669296781546167,-0.02284003464815019,6107.333239994104,False
2,stress,10057,oracle_command_replay,4.0,0.15815331092387297,0.04764014697903275,0.24580371276305507,0.12142661179698216,-0.00023762451171874255,0.079520625,0.05142661179698216,0.19142661179698217,-0.08,0.08,0.036726699126890805,0.047877771490751495,0.16628308776305506,not_applicable,0.0,False,0.3500000098837847,0.3500000098837847,5959.784821720722,-0.06717157768178891,0.40214698367832524,0.3500000098837847,0.3500000098890285,0.3499936088994886,0.3499936088994886,7.569844622101751e-05,False,False,81928.09375,6188.754562618874,20.973993032370615,4.48056230330391e-06,85.80429830169916,0.8866800433930975,0.9276352786236607,0.7499245797839396,0.7309926130233437,0.2586107576985939,1.0,0.004478437066488493,0.0012923100994562892,0.005160534056958272,-0.041606195997913514,0.04669296781546167,-0.02284003464815019,6107.333239994104,False
2,stress,10057,oracle_command_replay,4.5,0.1642645694716637,0.04775929473285385,0.26965357712453925,0.121796875,-0.00026647460937499756,0.07939457641601563,0.05179687499999999,0.191796875,-0.08,0.08,0.04246769447166371,0.048025769342228845,0.1902590007085236,not_applicable,0.0,False,0.3500000098801095,0.3500000098801095,5954.744008126372,-0.06931973891557058,0.40228237351219553,0.3500000098801095,0.3500000098864066,0.34999908395525614,0.34999908395525614,1.095011153506853e-05,False,False,81909.18646240234,6186.0698038826085,20.964894253212666,4.49394099869038e-06,85.9858528476713,0.8866800433930975,0.9276352786236607,0.7499245797839396,0.7309926130233437,0.2586107576985939,1.0,0.004478437066488493,0.0012923100994562892,0.005160534056958272,-0.041606195997913514,0.04669296781546167,-0.02284003464815019,6107.333239994104,False
2,stress,10057,oracle_command_replay,5.0,0.16979563486953494,0.04787834614382618,0.2935629909107511,0.1222076474622771,-0.0002951342773437615,0.079254150390625,0.05220764746227709,0.1922076474622771,-0.08,0.08,0.04758798740725785,0.048173480421169944,0.2143088405201261,not_applicable,0.0,False,0.3500000098764342,0.3500000098764342,5950.09348523716,-0.07126318031368392,0.4024304356602051,0.3500000098764342,0.3500000098837847,0.3499998759441159,0.3499998759441159,1.583977719543661e-06,False,False,81888.12255859375,6183.133755185188,20.95494384003998,4.508892752217591e-06,86.19006186864921,0.8866800433930975,0.9276352786236607,0.7499245797839396,0.7309926130233437,0.2586107576985939,1.0,0.004478437066488493,0.0012923100994562892,0.005160534056958272,-0.041606195997913514,0.04669296781546167,-0.02284003464815019,6107.333239994104,False
2,stress,10057,oracle_command_replay,5.5,0.17480689955110318,0.04799730854950796,0.31753190782301866,0.12265828617969822,-0.0003236035156249928,0.07909944213867187,0.05265828617969821,0.1926582861796982,-0.08,0.08,0.05214861337140496,0.048320912065132955,0.23843246568434678,not_applicable,0.0,False,0.3500000098710596,0.3500000098710596,5945.785143239972,-0.0730234596190102,0.40259084988176863,0.3500000098710596,0.3500000098801095,0.34999999050567393,0.34999999050567393,2.291231160356233e-07,False,False,81864.91632080078,6179.952766846162,20.944163314397265,4.525422793725946e-06,86.4170577836531,0.8866800433930975,0.9276352786236607,0.7499245797839396,0.7309926130233437,0.2586107576985939,1.0,0.004478437066488493,0.0012923100994562892,0.005160534056958272,-0.041606195997913514,0.04669296781546167,-0.02284003464815019,6107.333239994104,False
2,stress,10057,oracle_command_replay,6.0,0.1793524683781907,0.04811618837483161,0.34156028499923163,0.12314814814814815,-0.0003518823242187469,0.07893054687500001,0.05314814814814814,0.19314814814814815,-0.08,0.08,0.05620432023004254,0.048468070699050354,0.2626297381242316,not_applicable,0.0,False,0.3500000098656851,0.3500000098656851,5941.776540533327,-0.07461964112456274,0.4027633234553852,0.3500000098656851,0.3500000098764342,0.3500000070743678,0.35,1.8988652095153213e-08,False,False,81839.58203125,6176.532643486048,20.932572348428415,4.54353786744217e-06,86.66697501119202,0.8866800433930975,0.9276352786236607,0.7499245797839396,0.7309926130233437,0.2586107576985939,1.0,0.004478437066488493,0.0012923100994562892,0.005160534056958272,-0.041606195997913514,0.04669296781546167,-0.02284003464815019,6107.333239994104,False
2,stress,10057,oracle_command_replay,6.5,0.18348081318469717,0.048234991240127034,0.36564808258497183,0.12367659036351165,-0.0003799707031250099,0.07874755981445312,0.05367659036351165,0.19367659036351165,-0.08,0.08,0.05980422282118551,0.048614961943252044,0.2869005227705187,not_applicable,0.0,False,0.3500000098573623,0.3500000098573623,5938.029801503104,-0.07606877345802114,0.40294758617496185,0.3500000098573623,0.3500000098710596,0.3500000094665057,0.35,0.0,False,False,81812.13397216797,6172.878743248417,20.920189101145034,4.563246225210069e-06,86.93995269562633,0.8866800433930975,0.9276352786236607,0.7499245797839396,0.7309926130233437,0.2586107576985939,1.0,0.004478437066488493,0.0012923100994562892,0.005160534056958272,-0.041606195997913514,0.04669296781546167,-0.02284003464815019,6107.333239994104,False
2,stress,10057,oracle_command_replay,7.0,0.18723535918535683,0.048353722047681943,0.3897952633532419,0.12424296982167352,-0.00040786865234375413,0.078550576171875,0.05424296982167351,0.19424296982167352,-0.08,0.08,0.06299238936368332,0.0487615907000257,0.3112446871813669,not_applicable,0.0,False,0.3500000098490395,0.3500000098490395,5934.5110504456325,-0.0773861272490797,0.4031433865961587,0.3500000098490395,0.3500000098656851,0.350000009807942,0.35,0.0,False,False,81782.58642578125,6168.996052234287,20.907030470688255,4.584557622061453e-06,87.23613674978738,0.8866800433930975,0.9276352786236607,0.7499245797839396,0.7309926130233437,0.2586107576985939,1.0,0.004478437066488493,0.0012923100994562892,0.005160534056958272,-0.041606195997913514,0.04669296781546167,-0.02284003464815019,6107.333239994104,False
2,stress,10057,oracle_command_replay,7.5,0.1906550103391371,0.048472385057498846,0.41400179236473095,0.12484664351851851,-0.0004355761718749934,0.07833969116210937,0.054846643518518506,0.19484664351851852,-0.08,0.08,0.06580836682061858,0.04890796122937384,0.3356621012026216,not_applicable,0.0,False,0.35000000983502677,0.35000000983502677,5931.189958144463,-0.07858538515346372,0.40335048914940924,0.35000000983502677,0.3500000098573623,0.3500000098502134,0.35,0.0,False,False,81750.9536743164,6164.88924175046,20.893112288346153,4.607483314076453e-06,87.55568142619592,0.8866800433930975,0.9276352786236607,0.7499245797839396,0.7309926130233437,0.2586107576985939,1.0,0.004478437066488493,0.0012923100994562892,0.005160534056958272,-0.041606195997913514,0.04669296781546167,-0.02284003464815019,6107.333239994104,False
2,stress,10057,oracle_command_replay,8.0,0.19377462002153248,0.048590983954445194,0.4382676366637692,0.1254869684499314,-0.00046309326171874166,0.078115,0.055486968449931395,0.1954869684499314,-0.08,0.08,0.06828765157160108,0.049054077216163935,0.36015263666376923,not_applicable,0.0,False,0.350000009821014,0.350000009821014,5928.039349363883,-0.07967880724799489,0.4035686718725181,0.350000009821014,0.3500000098490395,0.3500000098492093,0.35,0.0,False,False,81717.25,6160.562713271744,20.878449470932924,4.632036058488184e-06,87.89875055414127,0.8866800433930975,0.9276352786236607,0.7499245797839396,0.7309926130233437,0.2586107576985939,1.0,0.004478437066488493,0.0012923100994562892,0.005160534056958272,-0.041606195997913514,0.04669296781546167,-0.02284003464815019,6107.333239994104,False
2,stress,10057,oracle_command_replay,8.5,0.19662541269890296,0.0487095219079644,0.4625927650059641,0.12616330161179698,-0.0004904199218749988,0.07787659790039063,0.05616330161179697,0.196163301611797,-0.08,0.08,0.07046211108710598,0.049199941829839396,0.38471616710557344,not_applicable,0.0,False,0.3500000097940873,0.3500000097940873,5925.034855181606,-0.08067737860680131,0.4037977245977856,0.3500000097940873,0.35000000983502677,0.35000000983707835,0.35,0.0,False,False,81681.4896850586,6156.020634389981,20.86305614262193,4.6582301159914984e-06,88.26551853455804,0.8866800433930975,0.9276352786236607,0.7499245797839396,0.7309926130233437,0.2586107576985939,1.0,0.004478437066488493,0.0012923100994562892,0.005160534056958272,-0.041606195997913514,0.04669296781546167,-0.02284003464815019,6107.333239994104,False
2,stress,10057,oracle_command_replay,9.0,0.19923536170545117,0.048828001625199444,0.48697714761401506,0.126875,-0.0005175561523437511,0.077624580078125,0.05687499999999998,0.196875,-0.08,0.08,0.07236036170545118,0.049345557777543195,0.40935256753589006,not_applicable,0.0,False,0.3500000097671606,0.3500000097671606,5922.154603598167,-0.08159094161053614,0.4040374474800409,0.3500000097671606,0.350000009821014,0.3500000098233378,0.35,0.0,False,False,81643.68701171875,6151.266968002932,20.84694573386822,4.686081255220473e-06,88.65617115616399,0.8866800433930975,0.9276352786236607,0.7499245797839396,0.7309926130233437,0.2586107576985939,1.0,0.004478437066488493,0.0012923100994562892,0.005160534056958272,-0.041606195997913514,0.04669296781546167,-0.02284003464815019,6107.333239994104,True
2,stress,10057,oracle_command_replay,9.5,0.2016295276924983,0.048946425398254445,0.5114207559585983,0.12762142061042525,-0.0005445019531249984,0.07735904174804688,0.057621420610425245,0.19762142061042526,-0.08,0.08,0.07400810708207306,0.04949092735137944,0.4340617142105514,not_applicable,0.0,False,0.3500000097019528,0.3500000097019528,5919.37894416439,-0.08242831456040405,0.40428764978530923,0.3500000097019528,0.3500000097940873,0.3500000097983185,0.35,0.0,False,False,81603.85626220703,6146.305496334782,20.830131062815237,4.715606759363981e-06,89.07090627781733,0.8866800433930975,0.9276352786236607,0.7499245797839396,0.7309926130233437,0.2586107576985939,1.0,0.004478437066488493,0.0012923100994562892,0.005160534056958272,-0.041606195997913514,0.04669296781546167,-0.02284003464815019,6107.333239994104,True
2,stress,10057,oracle_command_replay,10.0,0.20383036184404024,0.04906479514623878,0.5359235625615536,0.12840192043895748,-0.0005712573242187546,0.077080078125,0.05840192043895748,0.1984019204389575,-0.08,0.08,0.07542844140508276,0.049636052470457534,0.4588434844365536,not_applicable,0.0,False,0.350000009636745,0.350000009636745,5916.690202840612,-0.08319739800865007,0.40454814888211915,0.350000009636745,0.3500000097671606,0.35000000977166773,0.35,0.0,False,False,81562.01171875,6141.139840938384,20.81262440308339,4.746825434893015e-06,89.50993440965527,0.8866800433930975,0.9276352786236607,0.7499245797839396,0.7309926130233437,0.2586107576985939,1.0,0.004478437066488493,0.0012923100994562892,0.005160534056958272,-0.041606195997913514,0.04669296781546167,-0.02284003464815019,6107.333239994104,True
2,stress,10057,oracle_command_replay,10.5,0.20585797752640023,0.049183112452666586,0.5604855408189114,0.12921585648148148,-0.000597822265625006,0.07678778442382812,0.05921585648148148,0.1992158564814815,-0.08,0.08,0.07664212104491874,0.04978093471829159,0.48369775639508333,not_applicable,0.0,False,0.3500000093849406,0.3500000093849406,5914.072463722606,-0.08390527007288401,0.40481876939269756,0.3500000093849406,0.3500000097019528,0.3500000097120374,0.35,0.0,False,False,81518.16766357422,6135.773479526905,20.794437540813334,4.779757622377817e-06,89.97347921707141,0.8866800433930975,0.9276352786236607,0.7499245797839396,0.7309926130233437,0.2586107576985939,1.0,0.004478437066488493,0.0012923100994562892,0.005160534056958272,-0.041606195997913514,0.04669296781546167,-0.02284003464815019,6107.333239994104,True
2,stress,10057,oracle_command_replay,11.0,0.2077303936579894,0.04930137859872069,0.5851066648415669,0.13006258573388202,-0.0006241967773437523,0.076482255859375,0.06006258573388201,0.20006258573388203,-0.08,0.08,0.07766780792410738,0.04992557537606444,0.508624408982192,not_applicable,0.0,False,0.3500000091331361,0.3500000091331361,5911.51137464449,-0.08455827187176779,0.4050993424719997,0.3500000091331361,0.350000009636745,0.3500000096476364,0.35,0.0,False,False,81472.33837890625,6130.2097602705635,20.7755818231183,4.814425209376829e-06,90.46177796560657,0.8866800433930975,0.9276352786236607,0.7499245797839396,0.7309926130233437,0.2586107576985939,1.0,0.004478437066488493,0.0012923100994562892,0.005160534056958272,-0.041606195997913514,0.04669296781546167,-0.02284003464815019,6107.333239994104,True
2,stress,10057,oracle_command_replay,11.5,0.20946375274312387,0.049419594592833294,0.6097869093116479,0.1309414651920439,-0.0006503808593749938,0.07616358764648437,0.06094146519204388,0.2009414651920439,-0.08,0.08,0.07852228755107998,0.05006997545220829,0.5336233216651636,not_applicable,0.0,False,0.35000000749889626,0.35000000749889626,5908.993974002939,-0.08516208410283255,0.40538970519014955,0.35000000749889626,0.3500000093849406,0.3500000094229407,0.35,0.0,False,False,81424.53814697266,6124.451914042717,20.75606819958672,4.85085164538349e-06,90.97508192054896,0.8866800433930975,0.9276352786236607,0.7499245797839396,0.7309926130233437,0.2586107576985939,1.0,0.004478437066488493,0.0012923100994562892,0.005160534056958272,-0.041606195997913514,0.04669296781546167,-0.02284003464815019,6107.333239994104,True
2,stress,10057,oracle_command_replay,12.0,0.21107251620738995,0.04953776119698545,0.6345262493528385,0.13185185185185186,-0.0006763745117187442,0.075831875,0.06185185185185185,0.20185185185185187,-0.08,0.08,0.0792206643555381,0.05021413570870419,0.5586943743528385,not_applicable,0.0,False,0.3500000058646564,0.3500000058646564,5906.508536443913,-0.0857217956782597,0.40568969999943083,0.3500000058646564,0.3500000091331361,0.35000000917505764,0.35,0.0,False,False,81374.78125,6118.5030649893715,20.735907258102767,4.88906195882086e-06,91.51365671191672,0.8866800433930975,0.9276352786236607,0.7499245797839396,0.7309926130233437,0.2586107576985939,1.0,0.004478437066488493,0.0012923100994562892,0.005160534056958272,-0.041606195997913514,0.04669296781546167,-0.02284003464815019,6107.333239994104,True
2,stress,10057,oracle_command_replay,12.5,0.21256963939749285,0.04965587895008271,0.6593246604131081,0.13279310270919067,-0.0007021777343750035,0.07548721313476563,0.06279310270919067,0.20279310270919068,-0.08,0.08,0.07977653668830217,0.05035805668445771,0.5838374472783425,not_applicable,0.0,False,0.3500000013973308,0.3500000013973308,5904.044435317121,-0.08624196524019957,0.4059991742710676,0.3500000013973308,0.35000000749889626,0.3500000077413604,0.35,0.0,False,False,81323.08197021484,6112.36623971472,20.715109255976643,4.929082776077299e-06,92.07778267317545,0.8866800433930975,0.9276352786236607,0.7499245797839396,0.7309926130233437,0.2586107576985939,1.0,0.004478437066488493,0.0012923100994562892,0.005160534056958272,-0.041606195997913514,0.04669296781546167,-0.02284003464815019,6107.333239994104,True
2,stress,10057,oracle_command_replay,13.0,0.21396672836254604,0.049773948188724514,0.6841821181584643,0.13376457475994513,-0.000727790527343744,0.075129697265625,0.06376457475994513,0.20376457475994514,-0.08,0.08,0.08020215360260091,0.05050173871606826,0.6090524208928393,not_applicable,0.0,False,0.3499999969300052,0.3499999969300052,5901.592020037717,-0.08672667629255551,0.40631797989012214,0.3499999969300052,0.3500000058646564,0.35000000613612997,0.35,0.0,False,False,81269.45458984375,6106.044375314271,20.693684147169208,4.970942342580579e-06,92.66775516031427,0.8866800433930975,0.9276352786236607,0.7499245797839396,0.7309926130233437,0.2586107576985939,1.0,0.004478437066488493,0.0012923100994562892,0.005160534056958272,-0.041606195997913514,0.04669296781546167,-0.02284003464815019,6107.333239994104,True
2,stress,10057,oracle_command_replay,13.5,0.21527418031338644,0.04989196906564973,0.7090985983764998,0.134765625,-0.0007532128906250074,0.07475942260742188,0.064765625,0.204765625,-0.08,0.08,0.08050855531338644,0.05064518195627474,0.634339175769078,not_applicable,0.0,False,0.34999999634647494,0.34999999634647494,5899.142506702929,-0.08717958661017128,0.4066459728991729,0.34999999634647494,0.3500000013973308,0.3500000020828191,0.35,0.0,False,False,81213.91339111328,6099.540326440656,20.671641606238378,5.014670545910691e-06,93.28388485656926,0.8866800433930975,0.9276352786236607,0.7499245797839396,0.7309926130233437,0.2586107576985939,1.0,0.004478437066488493,0.0012923100994562892,0.005160534056958272,-0.041606195997913514,0.04669296781546167,-0.02284003464815019,6107.333239994104,True
2,stress,10057,oracle_command_replay,14.0,0.21650130945906695,0.05000994156610946,0.7340740768886337,0.13579561042524005,-0.0007784448242187519,0.074376484375,0.06579561042524004,0.20579561042524006,-0.08,0.08,0.0807056990338269,0.05078838639032821,0.6596975925136337,not_applicable,0.0,False,0.3499999957629446,0.3499999957629446,5896.68788097369,-0.08760397231949663,0.4069830131832363,0.3499999957629446,0.3499999969300052,0.3499999976753826,0.3499999976753826,-4.649234774944944e-09,False,False,81156.47265625,6092.856871551574,20.64899104951369,5.060298940955329e-06,93.9264980670708,0.8866800433930975,0.9276352786236607,0.7499245797839396,0.7309926130233437,0.2586107576985939,1.0,0.004478437066488493,0.0012923100994562892,0.005160534056958272,-0.041606195997913514,0.04669296781546167,-0.02284003464815019,6107.333239994104,True
2,stress,10057,oracle_command_replay,14.5,0.21765645974279935,0.050127865522399846,0.7591085294700713,0.13685388803155007,-0.0008034863281249915,0.07398097778320313,0.06685388803155007,0.20685388803155008,-0.08,0.08,0.08080257171124927,0.05093135185052484,0.6851275516868682,not_applicable,0.0,False,0.3499999950802021,0.3499999950802021,5894.220809290865,-0.0880027682768093,0.4073289641897978,0.3499999950802021,0.34999999634647494,0.34999999653870734,0.34999999653870734,-2.2733505078420535e-09,False,False,81097.14666748047,6085.996718461531,20.625741653911437,5.1078607771150815e-06,94.59593700689311,0.8866800433930975,0.9276352786236607,0.7499245797839396,0.7309926130233437,0.2586107576985939,1.0,0.004478437066488493,0.0012923100994562892,0.005160534056958272,-0.041606195997913514,0.04669296781546167,-0.02284003464815019,6107.333239994104,True
2,stress,10057,oracle_command_replay,15.0,0.21874710584114268,0.050245740626710576,0.7842019317766017,0.13793981481481482,-0.000828337402343754,0.073572998046875,0.06793981481481481,0.20793981481481483,-0.08,0.08,0.08080729102632786,0.05107407802905433,0.7106289337297267,not_applicable,0.0,False,0.3499999943974595,0.3499999943974595,5891.73456314208,-0.08837860276802106,0.407683692678915,0.3499999943974595,0.3499999957629446,0.3499999958751621,0.3499999958751621,-1.3270904375417558e-09,False,False,81035.94970703125,6078.962509297259,20.60190237372883,5.157391027568712e-06,95.2925600853639,0.8866800433930975,0.9276352786236607,0.7499245797839396,0.7309926130233437,0.2586107576985939,1.0,0.004478437066488493,0.0012923100994562892,0.005160534056958272,-0.041606195997913514,0.04669296781546167,-0.02284003464815019,6107.333239994104,True
2,stress,10057,oracle_command_replay,15.5,0.21977994364826897,0.05036356644254012,0.8093542592774541,0.13905274777091908,-0.0008529980468749976,0.07315264038085938,0.06905274777091908,0.2090527477709191,-0.08,0.08,0.08072719587734989,0.05121656448941512,0.7362016188965947,not_applicable,0.0,False,0.3499999935900253,0.3499999935900253,5889.222948669104,-0.0887338297534912,0.4080470684992265,0.3499999935900253,0.3499999950802021,0.3499999951951966,0.3499999951951966,-1.3599310566547729e-09,False,False,80972.8960571289,6071.756824939426,20.577481955697145,5.2089264206117195e-06,96.01674218899107,0.8866800433930975,0.9276352786236607,0.7499245797839396,0.7309926130233437,0.2586107576985939,1.0,0.004478437066488493,0.0012923100994562892,0.005160534056958272,-0.041606195997913514,0.04669296781546167,-0.02284003464815019,6107.333239994104,True
2,stress,10057,oracle_command_replay,16.0,0.2207609713399464,0.05048134241477578,0.834565487193523,0.1401920438957476,-0.0008774682617187501,0.07272,0.0701920438957476,0.2101920438957476,-0.08,0.08,0.0805689274441988,0.05135881067649453,0.761845487193523,not_applicable,0.0,False,0.3499999927825912,0.3499999927825912,5886.680244499411,-0.08907055744557277,0.40841896438639796,0.3499999927825912,0.3499999943974595,0.3499999945128557,0.3499999945128557,-1.3646818119994464e-09,False,False,80908.0,6064.382189019411,20.552488952527018,5.262505473084799e-06,96.76887496497685,0.8866800433930975,0.9276352786236607,0.7499245797839396,0.7309926130233437,0.2586107576985939,1.0,0.004478437066488493,0.0012923100994562892,0.005160534056958272,-0.041606195997913514,0.04669296781546167,-0.02284003464815019,6107.333239994104,True
2,stress,10057,oracle_command_replay,16.5,0.2216955619979167,0.05059906787859516,0.8598355904403326,0.14135706018518518,-0.0009017480468750116,0.07227517211914063,0.07135706018518517,0.21135706018518519,-0.08,0.08,0.08033850181273153,0.05150081592547017,0.7875604183211921,not_applicable,0.0,False,0.34999999181560676,0.34999999181560676,5884.10114633709,-0.08939067384123439,0.4087992557810987,0.34999999181560676,0.3499999935900253,0.3499999937235168,0.3499999937235168,-1.5786777440851552e-09,False,False,80841.2758178711,6056.841071528806,20.526931735141215,5.318168525911277e-06,97.54936710696016,0.8866800433930975,0.9276352786236607,0.7499245797839396,0.7309926130233437,0.2586107576985939,1.0,0.004478437066488493,0.0012923100994562892,0.005160534056958272,-0.041606195997913514,0.04669296781546167,-0.02284003464815019,6107.333239994104,True
2,stress,10057,oracle_command_replay,17.0,0.22258852867325815,0.0507167420673173,0.8851645435751851,0.1425471536351166,-0.0009258374023437543,0.071818251953125,0.0725471536351166,0.21254715363511661,-0.08,0.08,0.08004137503814154,0.051642579469661054,0.8133462916220602,not_applicable,0.0,False,0.3499999908486223,0.3499999908486223,5881.480717205221,-0.08969586967509009,0.4091878206640562,0.3499999908486223,0.3499999927825912,0.34999999291870026,0.34999999291870026,-1.6096330934800562e-09,False,False,80772.73779296875,6049.1358920902585,20.500818503759668,5.3759577817659794e-06,98.35864464437932,0.8866800433930975,0.9276352786236607,0.7499245797839396,0.7309926130233437,0.2586107576985939,1.0,0.004478437066488493,0.0012923100994562892,0.005160534056958272,-0.041606195997913514,0.04669296781546167,-0.02284003464815019,6107.333239994104,True
2,stress,10057,oracle_command_replay,17.5,0.22344418267586144,0.05083436411931027,0.9105523207479939,0.1437616812414266,-0.0009497363281249921,0.07134933471679687,0.0737616812414266,0.2137616812414266,-0.08,0.08,0.07968250143443484,0.05178410044743526,0.839202986031197,not_applicable,0.0,False,0.3499999896732612,0.3499999896732612,5878.814343048099,-0.08998765892641064,0.4095845394061104,0.3499999896732612,0.34999999181560676,0.3499999919751741,0.3499999919751741,-1.8870522922043165e-09,False,False,80702.40020751953,6041.269022930859,20.47415729797645,5.435917344900429e-06,99.19715123662863,0.8866800433930975,0.9276352786236607,0.7499245797839396,0.7309926130233437,0.2586107576985939,1.0,0.004478437066488493,0.0012923100994562892,0.005160534056958272,-0.041606195997913514,0.04669296781546167,-0.02284003464815019,6107.333239994104,True
2,stress,10057,oracle_command_replay,18.0,0.22426638579520367,0.050951933084056905,0.9359988956553569,0.145,-0.0009734448242187527,0.070868515625,0.07499999999999998,0.215,-0.08,0.08,0.07926638579520368,0.05192537790827566,0.8651303800303569,not_applicable,0.0,False,0.3499999884979,0.3499999884979,5876.097692781146,-0.09026739726431808,0.40998929463149714,0.3499999884979,0.3499999908486223,0.349999991011583,0.349999991011583,-1.9271821916078125e-09,False,False,80630.27734375,6033.242791593229,20.44695600594777,5.49809326315246e-06,100.06534847301607,0.8866800433930975,0.9276352786236607,0.7499245797839396,0.7309926130233437,0.2586107576985939,1.0,0.004478437066488493,0.0012923100994562892,0.005160534056958272,-0.041606195997913514,0.04669296781546167,-0.02284003464815019,6107.333239994104,True
2,stress,10057,oracle_command_replay,18.5,0.22505859708419323,0.05106944792746268,0.9615042414974698,0.14626146690672154,-0.0009969628906250083,0.07037588989257812,0.07626146690672153,0.21626146690672154,-0.08,0.08,0.0787971301774717,0.05206641081808769,0.8911283516048917,not_applicable,0.0,False,0.349999987043888,0.349999987043888,5873.326682678939,-0.09053629849443631,0.41040197109284127,0.349999987043888,0.3499999896732612,0.3499999898668554,0.3499999898668554,-2.2894552920149636e-09,False,False,80556.38348388672,6025.059483414375,20.419222372792923,5.562533572170584e-06,100.96371617937722,0.8866800433930975,0.9276352786236607,0.7499245797839396,0.7309926130233437,0.2586107576985939,1.0,0.004478437066488493,0.0012923100994562892,0.005160534056958272,-0.041606195997913514,0.04669296781546167,-0.02284003464815019,6107.333239994104,True
2,stress,10057,oracle_command_replay,19.0,0.22582391477208874,0.05118690753648811,0.9870683309375214,0.147545438957476,-0.0010202905273437451,0.069871552734375,0.07754543895747598,0.217545438957476,-0.08,0.08,0.07827847581461275,0.05220719806383185,0.9171967782031465,not_applicable,0.0,False,0.349999985589876,0.349999985589876,5870.497444192813,-0.09079544938601015,0.41082245555655417,0.349999985589876,0.3499999884979,0.34999998869592547,0.34999998869592547,-2.3418598171787153e-09,False,False,80480.73291015625,6016.721343798232,20.39096400829609,5.629288341886719e-06,101.89275273209202,0.8866800433930975,0.9276352786236607,0.7499245797839396,0.7309926130233437,0.2586107576985939,1.0,0.004478437066488493,0.0012923100994562892,0.005160534056958272,-0.041606195997913514,0.04669296781546167,-0.02284003464815019,6107.333239994104,True
2,stress,10057,oracle_command_replay,19.5,0.22656511381357144,0.05130431072317033,1.0126911360632491,0.14885127314814814,-0.001043427734374991,0.06935559936523437,0.07885127314814813,0.21885127314814815,-0.08,0.08,0.0777138406654233,0.05234773845754532,0.9433355366980147,not_applicable,0.0,False,0.34999998375303004,0.34999998375303004,5867.606295324039,-0.09104582285115181,0.41125063669750794,0.34999998375303004,0.349999987043888,0.3499999872828626,0.3499999872828626,-2.826125777843913e-09,False,False,80403.33990478516,6008.230580304267,20.362188393984678,5.698409725273121e-06,102.8529753801431,0.8866800433930975,0.9276352786236607,0.7499245797839396,0.7309926130233437,0.2586107576985939,1.0,0.004478437066488493,0.0012923100994562892,0.005160534056958272,-0.041606195997913514,0.04669296781546167,-0.02284003464815019,6107.333239994104,True
2,stress,10057,oracle_command_replay,20.0,0.22728467952826206,0.051421656228101506,1.038372628350368,0.1501783264746228,-0.0010663745117187456,0.068828125,0.08017832647462278,0.2201783264746228,-0.08,0.08,0.07710635305363928,0.05248803073982025,0.969544503350368,not_applicable,0.0,False,0.3499999819161841,0.3499999819161841,5864.649714580543,-0.09128828987403005,0.4116864050020053,0.3499999819161841,0.349999985589876,0.34999998583477404,0.34999998583477404,-2.8961770759394767e-09,False,False,80324.21875,5999.589364571574,20.332902889650182,5.7699520094222736e-06,103.84492057577746,0.8866800433930975,0.9276352786236607,0.7499245797839396,0.7309926130233437,0.2586107576985939,1.0,0.004478437066488493,0.0012923100994562892,0.005160534056958272,-0.041606195997913514,0.04669296781546167,-0.02284003464815019,6107.333239994104,True
2,stress,10057,oracle_command_replay,20.5,0.22798483773767825,0.05153894272341261,1.0641127786276128,0.15152595593278462,-0.0010891308593749954,0.06828922485351563,0.08152595593278461,0.22152595593278462,-0.08,0.08,0.07645888180489363,0.05262807358278761,0.9958235537740971,not_applicable,0.0,False,0.34999997953795203,0.34999997953795203,5861.624317917674,-0.09152363005698468,0.4121296526781913,0.34999997953795203,0.34999998375303004,0.34999998405416355,0.34999998405416355,-3.561220984771296e-09,False,False,80243.38372802734,5990.799834095381,20.303114739368862,5.843971668990853e-06,104.86914431425659,0.8866800433930975,0.9276352786236607,0.7499245797839396,0.7309926130233437,0.2586107576985939,1.0,0.004478437066488493,0.0012923100994562892,0.005160534056958272,-0.041606195997913514,0.04669296781546167,-0.02284003464815019,6107.333239994104,True
2,stress,10057,oracle_command_replay,21.0,0.2286675817642592,0.05165616881531944,1.08991155704316,0.1528935185185185,-0.0011116967773437542,0.06773899414062501,0.0828935185185185,0.22289351851851852,-0.08,0.08,0.07577406324574068,0.05276786559266319,1.0221725629025349,not_applicable,0.0,False,0.34999997715972,0.34999997715972,5858.526837531701,-0.0917525412344011,0.41258027357316207,0.34999997715972,0.3499999819161841,0.3499999822254523,0.3499999822254523,-3.6574224759888807e-09,False,False,80160.84912109375,5981.864093870782,20.27283107707244,5.920527422051797e-06,105.92622248312883,0.8866800433930975,0.9276352786236607,0.7499245797839396,0.7309926130233437,0.2586107576985939,1.0,0.004478437066488493,0.0012923100994562892,0.005160534056958272,-0.041606195997913514,0.04669296781546167,-0.02284003464815019,6107.333239994104,True
2,stress,10057,oracle_command_replay,21.5,0.2293346966191238,0.05177333304626548,1.1157689330322214,0.15428037122770918,-0.001134072265625008,0.06717752807617187,0.08428037122770918,0.2242803712277092,-0.08,0.08,0.07505432539141463,0.05290740531189049,1.0485914049560494,not_applicable,0.0,False,0.34999997399525135,0.34999997399525135,5855.354103260076,-0.09197564789001467,0.4130381630961138,0.34999997399525135,0.34999997953795203,0.3499999799267109,0.3499999799267109,-4.597482838875067e-09,False,False,80076.62921142578,5972.78421791668,20.242058931712783,5.999680288400883e-06,107.01675122140186,0.8866800433930975,0.9276352786236607,0.7499245797839396,0.7309926130233437,0.2586107576985939,1.0,0.004478437066488493,0.0012923100994562892,0.005160534056958272,-0.041606195997913514,0.04669296781546167,-0.02284003464815019,6107.333239994104,True
2,stress,10057,oracle_command_replay,22.0,0.22998778067122125,0.05189043389671157,1.1416848752856184,0.15568587105624143,-0.001156257324218743,0.066604921875,0.08568587105624142,0.22568587105624144,-0.08,0.08,0.07430190961497982,0.053046691220930316,1.0750799534106183,not_applicable,0.0,False,0.3499999708307827,0.3499999708307827,5852.092412474654,-0.09219734241277992,0.4135553796234184,0.3499999708307827,0.34999997715972,0.34999997755997747,0.34999997755997747,-4.733466840711742e-09,False,False,79990.73828125,5963.562250691366,20.210805232059418,6.08149365036659e-06,108.14134728894796,0.8866800433930975,0.9276352786236607,0.7499245797839396,0.7309926130233437,0.2586107576985939,1.0,0.004478437066488493,0.0012923100994562892,0.005160534056958272,-0.041606195997913514,0.04669296781546167,-0.02284003464815019,6107.333239994104,True
2,stress,10057,oracle_command_replay,22.5,0.23062826500889333,0.052007469574340506,1.167659351666104,0.157109375,-0.0011782519531250008,0.06602127075195313,0.08710937499999999,0.227109375,-0.08,0.08,0.07351889000889333,0.05318572152746551,1.1016380809141508,not_applicable,0.0,False,0.34999996644296655,0.34999996644296655,5848.6583308043355,-0.0924467401048975,0.41452118455903586,0.34999996644296655,0.34999997399525135,0.3499999745109048,0.3499999745109048,-6.0981453220421145e-09,False,False,79903.19061279297,5954.200208409866,20.179076811164045,6.166033316175021e-06,109.30064844644549,0.8866800433930975,0.9276352786236607,0.7499245797839396,0.7309926130233437,0.2586107576985939,1.0,0.004478437066488493,0.0012923100994562892,0.005160534056958272,-0.041606195997913514,0.04669296781546167,-0.02284003464815019,6107.333239994104,True
2,stress,10057,oracle_command_replay,23.0,0.23125743039937943,0.052124436619293994,1.1936923287232934,0.15855024005486967,-0.0012000561523437536,0.065426669921875,0.08855024005486967,0.22855024005486968,-0.08,0.08,0.07270719034450976,0.05332449277163775,1.1282656588014184,not_applicable,0.0,False,0.3499999620551504,0.3499999620551504,5845.135519305414,-0.09269260485259648,0.41550436793117296,0.3499999620551504,0.3499999708307827,0.3499999713631287,0.3499999713631287,-6.295552190671572e-09,False,False,79814.00048828125,5944.700080271976,20.146880410522424,6.253367585923667e-06,110.49531384611905,0.8866800433930975,0.9276352786236607,0.7499245797839396,0.7309926130233437,0.2586107576985939,1.0,0.004478437066488493,0.0012923100994562892,0.005160534056958272,-0.041606195997913514,0.04669296781546167,-0.02284003464815019,6107.333239994104,True
2,stress,10057,oracle_command_replay,23.5,0.23187642296324257,0.05224133324596506,1.2197837716953512,0.16000782321673526,-0.0012216699218750016,0.06482121459960938,0.09000782321673526,0.23000782321673527,-0.08,0.08,0.0718685997465073,0.05346300316784006,1.1549625570957418,not_applicable,0.0,False,0.34999995553550933,0.34999995553550933,5841.52087571847,-0.09293533473658508,0.4165048071705042,0.34999995553550933,0.34999996644296655,0.34999996715468984,0.34999996715468984,-8.416877750327956e-09,False,False,79723.1821899414,5935.063829608949,20.11422268396056,6.343567320220685e-06,111.72602443351872,0.8866800433930975,0.9276352786236607,0.7499245797839396,0.7309926130233437,0.2586107576985939,1.0,0.004478437066488493,0.0012923100994562892,0.005160534056958272,-0.041606195997913514,0.04669296781546167,-0.02284003464815019,6107.333239994104,True
2,stress,10057,oracle_command_replay,24.0,0.23248626857429888,0.052358157607620255,1.2459336449122818,0.16148148148148148,-0.0012430932617187584,0.064205,0.09148148148148147,0.23148148148148148,-0.08,0.08,0.0710047870928174,0.053601250869339014,1.1817286449122817,not_applicable,0.0,False,0.3499999490158683,0.3499999490158683,5837.811317389618,-0.09317528576531607,0.41752238101690514,0.3499999490158683,0.3499999620551504,0.34999996279282136,0.34999996279282136,-8.723736955040806e-09,False,False,79630.75,5925.293394955936,20.08111020126924,6.436706011548455e-06,112.99348336054966,0.8866800433930975,0.9276352786236607,0.7499245797839396,0.7309926130233437,0.2586107576985939,1.0,0.004478437066488493,0.0012923100994562892,0.005160534056958272,-0.041606195997913514,0.04669296781546167,-0.02284003464815019,6107.333239994104,True
2,stress,10057,oracle_command_replay,24.5,0.23308788535634498,0.05247490779669666,1.2721419117654473,0.16297057184499314,-0.0012643261718749965,0.06357812133789062,0.09297057184499313,0.23297057184499315,-0.08,0.08,0.07011731351135184,0.05373923396857166,1.2085637904275568,not_applicable,0.0,False,0.34999993841973676,0.34999993841973676,5834.003771670711,-0.09341277588735893,0.4185569694413684,0.34999993841973676,0.34999995553550933,0.3499999565853117,0.3499999565853117,-1.2415019345901612e-08,False,False,79536.7182006836,5915.390691056471,20.047549451608308,6.532859858413231e-06,114.29841640994813,0.8866800433930975,0.9276352786236607,0.7499245797839396,0.7309926130233437,0.2586107576985939,1.0,0.004478437066488493,0.0012923100994562892,0.005160534056958272,-0.041606195997913514,0.04669296781546167,-0.02284003464815019,6107.333239994104,False
2,stress,10057,oracle_command_replay,25.0,0.23368209487825045,0.05259158184491662,1.2984085346771903,0.164474451303155,-0.0012853686523437435,0.062940673828125,0.09447445130315499,0.234474451303155,-0.08,0.08,0.06920764357509546,0.053876950497260365,1.2354678608490652,not_applicable,0.0,False,0.3499999278236053,0.3499999278236053,5830.095164623654,-0.09364808944971116,0.41960845357147647,0.3499999278236053,0.3499999490158683,0.34999995011082186,0.34999995011082186,-1.294897966630515e-08,False,False,79441.10107421875,5905.35760980471,20.01354684669993,6.632107842344342e-06,115.64157243137005,0.8866800433930975,0.9276352786236607,0.7499245797839396,0.7309926130233437,0.2586107576985939,1.0,0.004478437066488493,0.0012923100994562892,0.005160534056958272,-0.041606195997913514,0.04669296781546167,-0.02284003464815019,6107.333239994104,False
2,stress,10057,oracle_command_replay,25.5,0.23426963218290656,0.05270817772318518,1.3247334750704554,0.16599247685185187,-0.0013062207031249995,0.062292752685546876,0.09599247685185186,0.23599247685185187,-0.08,0.08,0.06827715533105469,0.05401439842631018,1.2624407223849086,not_applicable,0.0,False,0.349999642839702,0.349999642839702,5826.082414099189,-0.09388148001772335,0.42067671562017306,0.349999642839702,0.34999993841973676,0.3499999401109041,0.3499999401109041,-1.9999835565442936e-08,False,False,79343.91290283203,5895.1960211304795,19.97910872382809,6.734531807809589e-06,117.02372378925068,0.8866800433930975,0.9276352786236607,0.7499245797839396,0.7309926130233437,0.2586107576985939,1.0,0.004478437066488493,0.0012923100994562892,0.005160534056958272,-0.041606195997913514,0.04669296781546167,-0.02284003464815019,6107.333239994104,False
2,stress,10057,oracle_command_replay,26.0,0.23485115477142154,0.05282469334135683,1.3511166933383287,0.16752400548696844,-0.0013268823242187505,0.061634453125,0.09752400548696843,0.23752400548696845,-0.08,0.08,0.0673271492844531,0.05415157566557558,1.2894822402133288,not_applicable,0.0,False,0.3499993578557986,0.3499993578557986,5821.962418553437,-0.0941131745175963,0.4217616388175952,0.3499993578557986,0.3499999278236053,0.34999992960101756,0.34999992960101756,-2.1019773033259526e-08,False,False,79245.16796875,5884.907773831726,19.944241348659794,6.840216545115665e-06,118.44566682257499,0.8866800433930975,0.9276352786236607,0.7499245797839396,0.7309926130233437,0.2586107576985939,1.0,0.004478437066488493,0.0012923100994562892,0.005160534056958272,-0.041606195997913514,0.04669296781546167,-0.02284003464815019,6107.333239994104,False
2,stress,10057,oracle_command_replay,26.5,0.23542725065130735,0.05294112654778556,1.3775581488134052,0.16906839420438957,-0.0013473535156250036,0.060965870361328126,0.09906839420438956,0.23906839420438958,-0.08,0.08,0.06635885644691777,0.05428848006341056,1.3165922784520772,not_applicable,0.0,False,0.3424387206209074,0.3424387206209074,5817.732115649153,-0.09434335445194218,0.42286310734575583,0.3424387206209074,0.349999642839702,0.34999968432099826,0.34999968432099826,-4.90560038590715e-07,False,False,79144.88055419922,5874.494696358492,19.908950917901986,6.949249876364523e-06,119.90822231667812,0.8866800433930975,0.9276352786236607,0.7499245797839396,0.7309926130233437,0.2586107576985939,1.0,0.004478437066488493,0.0012923100994562892,0.005160534056958272,-0.041606195997913514,0.04669296781546167,-0.02284003464815019,6107.333239994104,False
2,stress,10057,oracle_command_replay,27.0,0.23599844554639166,0.05305747513005313,1.4040577997372246,0.170625,-0.0013676342773437516,0.060287099609375,0.10062499999999999,0.240625,-0.08,0.08,0.06537344554639166,0.05442510940739688,1.3437707001278496,not_applicable,0.0,False,0.3348780833860162,0.3348780833860162,5813.388294032228,-0.09457221801637308,0.4239810062758817,0.3348780833860162,0.3499993578557986,0.3499994050804378,0.3499994050804378,-5.584811209047302e-07,False,False,79043.06494140625,5863.958597552136,19.87324356180684,7.061722744539496e-06,121.41223598718875,0.8866800433930975,0.9276352786236607,0.7499245797839396,0.7309926130233437,0.2586107576985939,1.0,0.004478437066488493,0.0012923100994562892,0.005160534056958272,-0.041606195997913514,0.04669296781546167,-0.02284003464815019,6107.333239994104,False
2,stress,10057,oracle_command_replay,27.5,0.23656520935514233,0.053173736811938495,1.4306156032291324,0.1721931798696845,-0.0013877246093749948,0.059598236083984374,0.10219317986968449,0.2421931798696845,-0.08,0.08,0.06437202948545784,0.05456146142131349,1.371017367145148,not_applicable,0.0,False,0.3214772840544299,0.3214772840544299,5810.744789185548,-0.09422267609281951,0.4251152215082343,0.3214772840544299,0.3424387206209074,0.34353240716479566,0.34353240716479566,-0.012933995831284295,False,False,78939.73541259766,5853.301267343199,19.837125346536833,7.177729305797274e-06,122.95857897621433,0.8866800433930975,0.9276352786236607,0.7499245797839396,0.7309926130233437,0.2586107576985939,1.0,0.004478437066488493,0.0012923100994562892,0.005160534056958272,-0.041606195997913514,0.04669296781546167,-0.02284003464815019,6107.333239994104,False
2,stress,10057,oracle_command_replay,28.0,0.23712797069680153,0.053289945594243736,1.4572315243395964,0.17377229080932782,-0.001407624511718747,0.058899375000000004,0.10377229080932782,0.24377229080932783,-0.08,0.08,0.0633556798874737,0.05469757010596248,1.3983321493395964,not_applicable,0.0,False,0.3080764847228436,0.3080764847228436,5808.305209410244,-0.09378527580225429,0.42626563971425235,0.3080764847228436,0.3348780833860162,0.3361299697084737,0.3361299697084737,-0.014804874912643928,False,False,78834.90625,5842.524477410941,19.800602276399946,7.29736702504376e-06,124.54814836084601,0.8866800433930975,0.9276352786236607,0.7499245797839396,0.7309926130233437,0.2586107576985939,1.0,0.004478437066488493,0.0012923100994562892,0.005160534056958272,-0.041606195997913514,0.04669296781546167,-0.02284003464815019,6107.333239994104,False
2,stress,10057,oracle_command_replay,28.5,0.23768712242676218,0.05340610555014526,1.4839055376375594,0.17536168981481481,-0.001427333984375001,0.05819061157226563,0.10536168981481481,0.24536168981481482,-0.08,0.08,0.06232543261194737,0.05483343953452026,1.4257149260652937,not_applicable,0.0,False,0.2913891459724671,0.2913891459724671,5807.297813423823,-0.09288286872306759,0.42743214828087306,0.2913891459724671,0.3214772840544299,0.3235968600289902,0.3235968600289902,-0.025066219358967023,False,False,78728.59173583984,5831.629981807371,19.763680295964555,7.420736774874994e-06,126.18186767406422,0.8866800433930975,0.9276352786236607,0.7499245797839396,0.7309926130233437,0.2586107576985939,1.0,0.004478437066488493,0.0012923100994562892,0.005160534056958272,-0.041606195997913514,0.04669296781546167,-0.02284003464815019,6107.333239994104,False
2,stress,10057,oracle_command_replay,29.0,0.23824302432926256,0.05352224531822888,1.510637625869888,0.17696073388203018,-0.0014468530273437502,0.057472041015625,0.10696073388203017,0.2469607338820302,-0.08,0.08,0.06128229044723238,0.05496909834557263,1.4531655848542628,not_applicable,0.0,False,0.2747018072220906,0.2747018072220906,5806.501318723013,-0.09190664589803023,0.428614635256898,0.2747018072220906,0.3080764847228436,0.3103215758543788,0.3103215758543788,-0.02655056834922276,False,False,78620.80615234375,5820.619517548277,19.726365292062432,7.547942937965884e-06,127.86068743809773,0.8866800433930975,0.9276352786236607,0.7499245797839396,0.7309926130233437,0.2586107576985939,1.0,0.004478437066488493,0.0012923100994562892,0.005160534056958272,-0.041606195997913514,0.04669296781546167,-0.02284003464815019,6107.333239994104,False
2,stress,10057,oracle_command_replay,29.5,0.23879600638252454,0.05363836911159557,1.5374277799963545,0.17856878000685872,-0.0014661816406250014,0.05674375854492188,0.10856878000685871,0.24856878000685872,-0.08,0.08,0.06022722637566583,0.05510455075222057,1.4806840214514325,not_applicable,0.0,False,0.256604904482961,0.256604904482961,5806.579838926584,-0.09065961823458484,0.429812989301285,0.256604904482961,0.2913891459724671,0.2941278059331872,0.2941278059331872,-0.032387539842383184,False,False,78511.56378173828,5809.494805173575,19.68866309568782,7.679093512992362e-06,129.58558571029016,0.8866800433930975,0.9276352786236607,0.7499245797839396,0.7309926130233437,0.2586107576985939,1.0,0.004478437066488493,0.0012923100994562892,0.005160534056958272,-0.041606195997913514,0.04669296781546167,-0.02284003464815019,6107.333239994104,False
2,stress,10057,oracle_command_replay,30.0,0.239346369389364,0.05375449442581865,1.5642759964038853,0.1801851851851852,-0.0014853198242187476,0.056005859375,0.11018518518518519,0.2501851851851852,-0.08,0.08,0.05916118420417879,0.0552398142500374,1.5082701370288853,not_applicable,0.0,False,0.2385080017438315,0.2385080017438315,5806.81921395584,-0.08936545692434675,0.4310270996332512,0.2385080017438315,0.2747018072220906,0.2775118641032683,0.2775118641032683,-0.03323188365983787,False,False,78400.87890625,5798.257549279098,19.65057948379968,7.814300224174646e-06,131.35756864150892,0.8866800433930975,0.9276352786236607,0.7499245797839396,0.7309926130233437,0.2586107576985939,1.0,0.004478437066488493,0.0012923100994562892,0.005160534056958272,-0.041606195997913514,0.04669296781546167,-0.02284003464815019,6107.333239994104,False
2,stress,10057,oracle_command_replay,30.5,0.23989438765961826,0.05387062447342344,1.5911822766564174,0.18180930641289436,-0.0015042675781250028,0.05525843872070313,0.11180930641289435,0.25180930641289434,-0.08,0.08,0.0580850812467239,0.05537489205154844,1.5359238379357143,not_applicable,0.0,False,0.2203689022810596,0.2203689022810596,5807.490896091106,-0.08794711205429084,0.43225685598409136,0.2203689022810596,0.256604904482961,0.25962918892873266,0.25962918892873266,-0.035765350349071245,False,False,78288.76580810547,5786.909439021749,19.61212018103368,7.953678634531669e-06,133.17767104712328,0.8866800433930975,0.9276352786236607,0.7499245797839396,0.7309926130233437,0.2586107576985939,1.0,0.004478437066488493,0.0012923100994562892,0.005160534056958272,-0.041606195997913514,0.04669296781546167,-0.02284003464815019,6107.333239994104,False
2,stress,10057,oracle_command_replay,31.0,0.24044030975939998,0.053986767896151984,1.6181466252814412,0.1834405006858711,-0.001523024902343753,0.054501591796875,0.11344050068587108,0.2534405006858711,-0.08,0.08,0.05699980907352889,0.05550979279849574,1.5636450334845662,not_applicable,0.0,False,0.2022298028182877,0.2022298028182877,5808.277865589415,-0.08650213838953438,0.43350214855061187,0.2022298028182877,0.2385080017438315,0.2415632751570677,0.2415632751570677,-0.03613182754332994,False,False,78175.23876953125,5775.452148599784,19.573290861329905,8.097348262938811e-06,135.04695699056265,0.8866800433930975,0.9276352786236607,0.7499245797839396,0.7309926130233437,0.2586107576985939,1.0,0.004478437066488493,0.0012923100994562892,0.005160534056958272,-0.041606195997913514,0.04669296781546167,-0.02284003464815019,6107.333239994104,False
2,stress,10057,oracle_command_replay,31.5,0.2409843609258936,0.05410292699549202,1.6451690495422426,0.185078125,-0.0015415917968750054,0.053735413818359376,0.115078125,0.25507812500000004,-0.08,0.08,0.05590623592589358,0.05564451879236702,1.5914336357238832,not_applicable,0.0,False,0.1850251957760693,0.1850251957760693,5809.149256186544,-0.08504130670190792,0.43476286795009866,0.1850251957760693,0.2203689022810596,0.22343476232914308,0.22343476232914308,-0.03625702565584921,False,False,78060.3120727539,5763.887337709867,19.534097149481823,8.245432705083685e-06,136.96652037945992,0.8866800433930975,0.9276352786236607,0.7499245797839396,0.7309926130233437,0.2586107576985939,1.0,0.004478437066488493,0.0012923100994562892,0.005160534056958272,-0.041606195997913514,0.04669296781546167,-0.02284003464815019,6107.333239994104,False
2,stress,10057,oracle_command_replay,32.0,0.2415267438751924,0.0542191034557503,1.6722495576985446,0.186721536351166,-0.0015599682617187527,0.05295999999999999,0.116721536351166,0.256721536351166,-0.08,0.08,0.0548052075240264,0.055779071717469056,1.6192895576985447,not_applicable,0.0,False,0.1678205887338509,0.1678205887338509,5810.093756709415,-0.08356936407628891,0.4360389051767378,0.1678205887338509,0.2022298028182877,0.20529719427006082,0.20529719427006082,-0.03627513611816452,False,False,77944.0,5752.216651982374,19.494544622611564,8.398059758416367e-06,138.93748557436373,0.8866800433930975,0.9276352786236607,0.7499245797839396,0.7309926130233437,0.2586107576985939,1.0,0.004478437066488493,0.0012923100994562892,0.005160534056958272,-0.041606195997913514,0.04669296781546167,-0.02284003464815019,6107.333239994104,False
2,stress,10057,oracle_command_replay,32.5,0.24206764095028746,0.054335298735136976,1.6993881587956887,0.18837009173525376,-0.0015781542968749881,0.05217544555664062,0.11837009173525376,0.25837009173525377,-0.08,0.08,0.053697549215033696,0.055913453032011964,1.6472127132390482,not_applicable,0.0,False,0.1522212493409462,0.1522212493409462,5810.849417234216,-0.08216030439947182,0.43733015155941524,0.1522212493409462,0.1850251957760693,0.18795763027843157,0.18795763027843157,-0.034679127983258506,False,False,77826.3168334961,5740.441723396339,19.45463881157619,8.555361551193317e-06,140.9610080100015,0.8866800433930975,0.9276352786236607,0.7499245797839396,0.7309926130233437,0.2586107576985939,1.0,0.004478437066488493,0.0012923100994562892,0.005160534056958272,-0.041606195997913514,0.04669296781546167,-0.02284003464815019,6107.333239994104,False
2,stress,10057,oracle_command_replay,33.0,0.2426072149276859,0.0544515090529836,1.7265848612983918,0.19002314814814816,-0.0015961499023437464,0.051381845703125005,0.12002314814814816,0.2600231481481482,-0.08,0.08,0.052584066779537725,0.056047658955327345,1.6752030155952669,not_applicable,0.0,False,0.1366219099480415,0.1366219099480415,5811.637925662385,-0.0807518003827126,0.4386364987208295,0.1366219099480415,0.1678205887338509,0.17073350111485433,0.17073350111485433,-0.03444825832715448,False,False,77707.27685546875,5728.564170675286,19.414385202309198,8.717474675715505e-06,143.03827482904686,0.8866800433930975,0.9276352786236607,0.7499245797839396,0.7309926130233437,0.2586107576985939,1.0,0.004478437066488493,0.0012923100994562892,0.005160534056958272,-0.041606195997913514,0.04669296781546167,-0.02284003464815019,6107.333239994104,False
2,stress,10057,oracle_command_replay,33.5,0.24314561090702072,0.054567735062493086,1.7538396728894958,0.1916800625857339,-0.0016139550781249998,0.05057929565429688,0.12168006258573388,0.2616800625857339,-0.08,0.08,0.05146554832128683,0.056181690140618086,1.7032603772351989,not_applicable,0.0,False,0.12305454866456984,0.12305454866456984,5812.025087876481,-0.07946155901373567,0.43995783853785236,0.12305454866456984,0.1522212493409462,0.15489912867456568,0.15489912867456568,-0.031668744880577304,False,False,77586.89434814453,5716.5855996651535,19.373789237101303,8.884540325864219e-06,145.1705055283477,0.8866800433930975,0.9276352786236607,0.7499245797839396,0.7309926130233437,0.2586107576985939,1.0,0.004478437066488493,0.0012923100994562892,0.005160534056958272,-0.041606195997913514,0.04669296781546167,-0.02284003464815019,6107.333239994104,False
2,stress,10057,oracle_command_replay,34.0,0.24368295708925233,0.05468396873308396,1.781152599407489,0.19334019204389574,-0.001631569824218762,0.049767890625000005,0.12334019204389574,0.26334019204389575,-0.08,0.08,0.05034276504535659,0.05631553855730272,1.731384708782489,not_applicable,0.0,False,0.1094871873810982,0.1094871873810982,5812.406028832057,-0.07818048365149634,0.4412940631030815,0.1094871873810982,0.1366219099480415,0.13926579070882428,0.13926579070882428,-0.0312666759314828,False,False,77465.18359375,5704.507603695355,19.33285631582411,9.05670443903941e-06,147.35895261754314,0.8866800433930975,0.9276352786236607,0.7499245797839396,0.7309926130233437,0.2586107576985939,1.0,0.004478437066488493,0.0012923100994562892,0.005160534056958272,-0.041606195997913514,0.04669296781546167,-0.02284003464815019,6107.333239994104,False
2,stress,10057,oracle_command_replay,34.5,0.24421936642406383,0.05480020993677423,1.8085236446512114,0.19500289351851852,-0.0016489941406250055,0.048947725830078115,0.1250028935185185,0.2650028935185185,-0.08,0.08,0.049216472905545317,0.056449204077399236,1.7595759188211333,not_applicable,0.0,False,0.09818317544550695,0.09818317544550695,5812.224476889986,-0.077054199978085,0.4426450646875293,0.09818317544550695,0.12305454866456984,0.12539957673423982,0.12539957673423982,-0.027732427949168914,False,False,77342.15887451172,5692.331763924001,19.291591797100075,9.234117842607561e-06,149.6049022899876,0.8866800433930975,0.9276352786236607,0.7499245797839396,0.7309926130233437,0.2586107576985939,1.0,0.004478437066488493,0.0012923100994562892,0.005160534056958272,-0.041606195997913514,0.04669296781546167,-0.02284003464815019,6107.333239994104,False
2,stress,10057,oracle_command_replay,35.0,0.24475493735288728,0.054916447420227506,1.8359528095741662,0.19666752400548698,-0.0016662280273437372,0.048118896484375,0.12666752400548698,0.266667524005487,-0.08,0.08,0.0480874133474003,0.05658267544757124,1.7878339130897911,not_applicable,0.0,False,0.0868791635099157,0.0868791635099157,5811.998674763761,-0.07594319747092403,0.44401073570439814,0.0868791635099157,0.1094871873810982,0.11178898508338221,0.11178898508338221,-0.02722118330171522,False,False,77217.83447265625,5680.059649668205,19.25000099942194,9.41693640496821e-06,151.90967510588644,0.8866800433930975,0.9276352786236607,0.7499245797839396,0.7309926130233437,0.2586107576985939,1.0,0.004478437066488493,0.0012923100994562892,0.005160534056958272,-0.041606195997913514,0.04669296781546167,-0.02284003464815019,6107.333239994104,False
2,stress,10057,oracle_command_replay,35.5,0.2452897552335247,0.055032680295049714,1.8634400920944174,0.19833344050068585,-0.0016832714843749985,0.04728149780273438,0.12833344050068585,0.26833344050068586,-0.08,0.08,0.046956314732838844,0.05671595177942471,1.8161585942916831,not_applicable,0.0,False,0.07791936750301989,0.07791936750301989,5811.093536067083,-0.0750082089525165,0.44539096867389644,0.07791936750301989,0.09818317544550695,0.10015131616071588,0.10015131616071588,-0.023275337845332672,False,False,77092.22467041016,5667.692818720325,19.20808920222448,9.605321191349637e-06,154.27462668752375,0.8866800433930975,0.9276352786236607,0.7499245797839396,0.7309926130233437,0.2586107576985939,1.0,0.004478437066488493,0.0012923100994562892,0.005160534056958272,-0.041606195997913514,0.04669296781546167,-0.02284003464815019,6107.333239994104,False
2,stress,10057,oracle_command_replay,36.0,0.24582389304959043,0.05514889497118005,1.8909854865104097,0.2,-0.001700124511718755,0.046435625,0.13,0.27,-0.08,0.08,0.04582389304959042,0.056849019482898805,1.8445498615104097,not_applicable,0.0,False,0.0689595714961241,0.0689595714961241,5810.10729777127,-0.07409255442392987,0.44678565618904953,0.0689595714961241,0.0868791635099157,0.08879903926194681,0.08879903926194681,-0.022704553797538135,False,False,76965.34375,5655.232817650954,19.165861646911356,9.799438624446502e-06,156.70114842645506,0.8866800433930975,0.9276352786236607,0.7499245797839396,0.7309926130233437,0.2586107576985939,1.0,0.004478437066488493,0.0012923100994562892,0.005160534056958272,-0.041606195997913514,0.04669296781546167,-0.02284003464815019,6107.333239994104,False
2,stress,10057,oracle_command_replay,36.5,0.2463574126322146,0.05526508982337339,1.9185889833167555,0.2016665594993141,-0.0017167871093750064,0.04558137329101562,0.1316665594993141,0.2716665594993141,-0.08,0.08,0.0446908531329005,0.05698187693274839,1.87300761002574,not_applicable,0.0,False,0.06232397794908805,0.06232397794908805,5808.36191128934,-0.07336213648323443,0.4481946908824673,0.06232397794908805,0.07791936750301989,0.07949316028174913,0.07949316028174913,-0.018611757960395353,False,False,76837.20599365234,5642.681182099389,19.123323537839543,9.999460650013489e-06,159.19066820250993,0.8866800433930975,0.9276352786236607,0.7499245797839396,0.7309926130233437,0.2586107576985939,1.0,0.004478437066488493,0.0012923100994562892,0.005160534056958272,-0.041606195997913514,0.04669296781546167,-0.02284003464815019,6107.333239994104,False
2,stress,10057,oracle_command_replay,37.0,0.2468903653329742,0.05538124966545844,1.9462505688052092,0.20333247599451304,-0.001733259277343746,0.044718837890624995,0.13333247599451303,0.27333247599451305,-0.08,0.08,0.043557889338461164,0.057114508942802185,1.9015317309145843,not_applicable,0.0,False,0.055688384402052,0.055688384402052,5806.499763061407,-0.07265345476166311,0.44961796539402865,0.055688384402052,0.0689595714961241,0.07048330183765004,0.07048330183765004,-0.018019716888198173,False,False,76707.82568359375,5630.039437052273,19.080480043263627,1.020556490753061e-05,161.74465111443334,0.8866800433930975,0.9276352786236607,0.7499245797839396,0.7309926130233437,0.2586107576985939,1.0,0.004478437066488493,0.0012923100994562892,0.005160534056958272,-0.041606195997913514,0.04669296781546167,-0.02284003464815019,6107.333239994104,False
2,stress,10057,oracle_command_replay,37.5,0.2474227930614257,0.05549737215905776,1.973970224886383,0.2049971064814815,-0.0017495410156249946,0.04384811401367188,0.1349971064814815,0.2749971064814815,-0.08,0.08,0.042425686579944194,0.05724691317468276,1.9301221108727111,not_applicable,0.0,False,0.051315547036996007,0.051315547036996007,5803.82511983888,-0.0721310180388701,0.45105537233944787,0.051315547036996007,0.06232397794908805,0.06350426034176185,0.06350426034176185,-0.013958082991776394,False,False,76577.21710205078,5617.309097111061,19.037336296242305,1.0417934906057839e-05,164.3646002219816,0.8866800433930975,0.9276352786236607,0.7499245797839396,0.7309926130233437,0.2586107576985939,1.0,0.004478437066488493,0.0012923100994562892,0.005160534056958272,-0.041606195997913514,0.04669296781546167,-0.02284003464815019,6107.333239994104,False
2,stress,10057,oracle_command_replay,38.0,0.24795472889979098,0.055613441051161186,2.001747928823039,0.20665980795610428,-0.0017656323242187522,0.042969296875,0.13665980795610427,0.2766598079561043,-0.08,0.08,0.0412949209436867,0.05737907337537994,1.958778631948039,not_applicable,0.0,False,0.04694270967194,0.04694270967194,5800.998495339458,-0.07163156896437589,0.45250680427969014,0.04694270967194,0.055688384402052,0.05681898552549731,0.05681898552549731,-0.01337054963252908,False,False,76445.39453125,5604.4916667489015,18.99389739550893,1.063676020539711e-05,167.05205729924998,0.8866800433930975,0.9276352786236607,0.7499245797839396,0.7309926130233437,0.2586107576985939,1.0,0.004478437066488493,0.0012923100994562892,0.005160534056958272,-0.041606195997913514,0.04669296781546167,-0.02284003464815019,6107.333239994104,False
2,stress,10057,oracle_command_replay,38.5,0.24848619797358745,0.05572945329908765,2.0295836530540123,0.20831993741426613,-0.0017815332031249978,0.042082481689453125,0.13831993741426613,0.27831993741426614,-0.08,0.08,0.04016626055932132,0.057510986502212647,1.9875011713645592,not_applicable,0.0,False,0.04478632809085545,0.04478632809085545,5797.31599482296,-0.07131587200431103,0.4539721536912043,0.04478632809085545,0.051315547036996007,0.05211164382587911,0.05211164382587911,-0.009414683399236401,False,False,76312.37225341797,5591.588640557487,18.950168406308123,1.0862236602682237e-05,169.8086035990101,0.8866800433930975,0.9276352786236607,0.7499245797839396,0.7309926130233437,0.2586107576985939,1.0,0.004478437066488493,0.0012923100994562892,0.005160534056958272,-0.041606195997913514,0.04669296781546167,-0.02284003464815019,6107.333239994104,False
2,stress,10057,oracle_command_replay,39.0,0.24901721795649143,0.05584539178228267,2.057477364977327,0.20997685185185183,-0.0017972436523437524,0.041187763671875,0.13997685185185182,0.27997685185185184,-0.08,0.08,0.039040366104639596,0.05764263543462642,2.016289601305452,not_applicable,0.0,False,0.0426299465097709,0.0426299465097709,5793.444565801969,-0.07102392452554286,0.4554513129369436,0.0426299465097709,0.04694270967194,0.04769041892507271,0.04769041892507271,-0.008842449801612792,False,False,76178.16455078125,5578.601503484431,18.90615436120024,1.1094566324517217e-05,172.63586062778984,0.8866800433930975,0.9276352786236607,0.7499245797839396,0.7309926130233437,0.2586107576985939,1.0,0.004478437066488493,0.0012923100994562892,0.005160534056958272,-0.041606195997913514,0.04669296781546167,-0.02284003464815019,6107.333239994104,False
2,stress,10057,oracle_command_replay,39.5,0.24954779979077238,0.0559612527191886,2.0854290267654765,0.21162990826474626,-0.001812763671875002,0.04028523803710937,0.14162990826474625,0.28162990826474626,-0.08,0.08,0.03791789152602612,0.0577740163910636,2.045143788728367,not_applicable,0.0,False,0.0426299465097709,0.0426299465097709,5788.664665259685,-0.07091438394886553,0.4569441742381477,0.0426299465097709,0.04478632809085545,0.0452064177116581,0.0452064177116581,-0.004968002426829224,False,False,76042.7857055664,5565.531731061606,18.861860260835236,1.133395822478527e-05,175.53549093141905,0.8866800433930975,0.9276352786236607,0.7499245797839396,0.7309926130233437,0.2586107576985939,1.0,0.004478437066488493,0.0012923100994562892,0.005160534056958272,-0.041606195997913514,0.04669296781546167,-0.02284003464815019,6107.333239994104,False
2,stress,10057,oracle_command_replay,40.0,0.2500779480189706,0.0560770179374012,2.113438595102461,0.21327846364883404,-0.0018280932617187468,0.039375,0.14327846364883404,0.283278463648834,-0.08,0.08,0.036799484370136554,0.057905111199119945,2.074063595102461,not_applicable,0.0,False,0.0426299465097709,0.0426299465097709,5783.653868437122,-0.07082954564814249,0.45845062964685884,0.0426299465097709,0.0426299465097709,0.043002644497539405,0.043002644497539405,-0.004407546428237388,False,False,75906.25,5552.380789624953,18.817291074697604,1.1580627988251432e-05,178.50919889073413,0.8866800433930975,0.9276352786236607,0.7499245797839396,0.7309926130233437,0.2586107576985939,1.0,0.004478437066488493,0.0012923100994562892,0.005160534056958272,-0.041606195997913514,0.04669296781546167,-0.02284003464815019,6107.333239994104,False
