tier,scenario_id,seed,density_scale,cm_alpha_scale,cm_delta_scale,cm_q_scale,actuator_lag_s,actuator_delay_s,sensor_noise_alpha_rad,sensor_noise_q_radps,sensor_noise_theta_rad,initial_alpha_error_rad,initial_q_error_radps,initial_theta_error_rad,external_disturbance_moment_nm,controller,rms_alpha_error_rad,max_alpha_error_rad,rms_pitch_rate_error_radps,control_effort_abs_rad_s,flap_saturation_fraction,flap_rate_saturation_fraction,alpha_violation_count,pitch_rate_violation_count,solver_failure,unstable_response,failure_label,trajectory_csv,metrics_json,design_scenario_count
moderate,0,55,1.099675655036485,1.1111936835149023,0.8873447595370492,0.8920388602447822,0.17246008473590804,0.5,0.002112697278039903,0.001420628984150504,0.00020335583094168374,-0.03526714350779047,0.043317852661921875,0.00407667571118842,-2288.5715472335214,scenario_nmpc,0.06939790590650774,0.11395244233899873,0.037958776031858404,48.19573740785159,0.0,0.09657320872274143,123,0,True,False,solver_failure,outputs/phase7_scenario_mpc/moderate/scenario_000/trajectory.csv,outputs/phase7_scenario_mpc/moderate/scenario_000/metrics.json,3
moderate,1,56,1.067837814989062,0.8550708443435929,1.1923204271077104,1.08984168484952,0.19047425565328424,0.0,0.001819893511792798,0.0005389072581292835,0.0017670007129131713,-0.042169232542380676,0.037161912636399425,0.003739433990046943,1888.1114567916945,scenario_nmpc,0.0480285846971495,0.08828603780442915,0.04134853820394049,46.05908479393159,0.0,0.0778816199376947,65,0,False,False,alpha_corridor_violation,outputs/phase7_scenario_mpc/moderate/scenario_001/trajectory.csv,outputs/phase7_scenario_mpc/moderate/scenario_001/metrics.json,3
moderate,2,57,1.0552500109466625,0.9904935904652705,1.1364934679007512,0.9361279231434767,0.13783755517640428,0.5,0.0012876544132459234,0.0010895091536253408,0.0008726206962965641,-0.03988767505303118,0.0403012765601704,-0.0006989770439637954,2243.631407086245,scenario_nmpc,0.04009639687991143,0.07130545286533249,0.0437629630536913,47.75406199689063,0.0,0.09345794392523364,7,0,False,False,alpha_corridor_violation,outputs/phase7_scenario_mpc/moderate/scenario_002/trajectory.csv,outputs/phase7_scenario_mpc/moderate/scenario_002/metrics.json,3
moderate,3,58,0.9427035401698733,1.1139500827692312,0.8972365808628847,0.8833681862461437,0.2960345266189571,1.0,0.0009159976169144701,0.00020772178158287347,0.001579716448980541,-0.02224949176908563,0.04723591983330609,-0.009198019703474421,2252.732574594433,scenario_nmpc,0.03508781633678261,0.07746894545255323,0.04876762125884777,49.910088710384805,0.0,0.056074766355140186,21,0,False,False,alpha_corridor_violation,outputs/phase7_scenario_mpc/moderate/scenario_003/trajectory.csv,outputs/phase7_scenario_mpc/moderate/scenario_003/metrics.json,3
moderate,4,59,1.0263241475999092,1.0978198504596506,0.8467775120989001,0.9509718434702744,0.06519182255015281,0.0,1.745874008911086e-05,0.0014589760408944903,0.00031099084968804126,-0.02196446416086214,0.04507563176598882,0.008256747261127528,-1953.0550355784214,scenario_nmpc,0.062509137281128,0.10198413659311478,0.0399083541329397,47.28137848526958,0.0,0.13707165109034267,103,0,False,False,alpha_corridor_violation,outputs/phase7_scenario_mpc/moderate/scenario_004/trajectory.csv,outputs/phase7_scenario_mpc/moderate/scenario_004/metrics.json,3
moderate,5,60,0.9472851438103829,0.8581439175685014,0.8218883549768894,1.1961966085206186,0.3021514856561525,1.0,0.002904553797721493,0.0014873038666191403,0.0011797634968893586,-0.040412614765709766,0.050130858041308214,-0.01917497838311747,339.20421081160555,scenario_nmpc,0.040072723484470975,0.08584403491522277,0.048094767174390624,49.436999373269174,0.0,0.12461059190031153,31,0,False,False,alpha_corridor_violation,outputs/phase7_scenario_mpc/moderate/scenario_005/trajectory.csv,outputs/phase7_scenario_mpc/moderate/scenario_005/metrics.json,3
moderate,6,61,0.9623122848632923,1.08158068545768,1.068457241400226,1.0836619346162633,0.15181347760620825,1.0,0.002994278568569675,0.0014215992020767117,0.0005768931239277049,-0.029436407225376708,0.04991251707174247,0.004186027688699627,365.6368989117598,scenario_nmpc,0.04172075818954277,0.08554521328447165,0.047268809469185526,48.328312152642425,0.0,0.13395638629283488,30,0,False,False,alpha_corridor_violation,outputs/phase7_scenario_mpc/moderate/scenario_006/trajectory.csv,outputs/phase7_scenario_mpc/moderate/scenario_006/metrics.json,3
moderate,7,62,1.0327960500573494,1.0743319912045537,1.112278953735189,0.9151421317114131,0.24263274437772925,0.5,0.0015409049665688031,0.001310924831518817,0.0024801614615146002,-0.042927603471438924,0.053090159356097025,-0.0191536012615999,-1423.905416998581,scenario_nmpc,0.048531904668995936,0.09548190109093097,0.04653297973442602,44.23635993032835,0.0,0.1277258566978193,38,0,False,False,alpha_corridor_violation,outputs/phase7_scenario_mpc/moderate/scenario_007/trajectory.csv,outputs/phase7_scenario_mpc/moderate/scenario_007/metrics.json,3
moderate,8,63,1.0180238115686702,1.1476776606578871,0.8786749505372946,1.0021150448890466,0.07013268800964144,0.5,0.0011028593964723177,0.0004317192519537778,0.0012412082361867287,-0.020315401459835056,0.04644377946404173,-0.0004817541018459792,-1592.455564172357,scenario_nmpc,0.057197127791949506,0.09172596318730944,0.04146673041836185,47.160371239998156,0.0,0.09345794392523364,83,0,False,False,alpha_corridor_violation,outputs/phase7_scenario_mpc/moderate/scenario_008/trajectory.csv,outputs/phase7_scenario_mpc/moderate/scenario_008/metrics.json,3
moderate,9,64,1.1330480358221209,1.0070018887422227,0.8262843749716177,0.9274235112624596,0.30044609995951377,1.0,0.0029560957500721105,0.0009380721776113753,0.000451621436160318,-0.04898561862990772,0.04491250406958837,0.0022242335183021524,968.9782197362363,scenario_nmpc,0.04182308562102054,0.06691774878994716,0.04470478369282601,46.54772298828107,0.0,0.11838006230529595,0,0,False,False,success,outputs/phase7_scenario_mpc/moderate/scenario_009/trajectory.csv,outputs/phase7_scenario_mpc/moderate/scenario_009/metrics.json,3
moderate,10,65,0.8642174456390412,1.005466653261876,0.9499434253485177,0.8914714093255712,0.32960311763802463,0.5,0.0008365525317918986,6.46762207459785e-05,0.00043271742188083696,-0.04968044093642936,0.042852932412735696,-0.01897115270827847,2221.850917262168,scenario_nmpc,0.03547862503681802,0.06039207276878819,0.046015605661838994,50.06177135047679,0.0,0.04361370716510903,0,0,False,False,success,outputs/phase7_scenario_mpc/moderate/scenario_010/trajectory.csv,outputs/phase7_scenario_mpc/moderate/scenario_010/metrics.json,3
moderate,11,66,1.1271201633807792,1.057845439337298,0.8291739104917131,1.0497015221724948,0.165381683907133,1.0,0.00030848479803221776,0.0006562873235056894,0.001380134036191736,-0.02273632069936974,0.05238554387091182,0.0011889161663444536,-1809.8046884581565,scenario_nmpc,0.05138352660221332,0.09327803779142568,0.045371331373164736,46.38639849681731,0.0,0.1277258566978193,36,0,False,False,alpha_corridor_violation,outputs/phase7_scenario_mpc/moderate/scenario_011/trajectory.csv,outputs/phase7_scenario_mpc/moderate/scenario_011/metrics.json,3
stress,0,10055,0.8378955015168319,0.8134079790400522,0.7897704751772718,0.6506121034875804,0.25618239868043924,1.5,0.00549036831476468,0.0016894853408081832,0.007680079439061039,-0.004471479429947158,0.06201083925618894,0.04666073176012917,-2194.1579157675574,scenario_nmpc,0.056205949727111314,0.1348818501526812,0.05238235817168627,46.819948832743115,0.0,0.11526479750778816,65,0,True,True,solver_failure,outputs/phase7_scenario_mpc/stress/scenario_000/trajectory.csv,outputs/phase7_scenario_mpc/stress/scenario_000/metrics.json,3
stress,1,10056,0.9303608946512464,0.8454174308359381,1.2293875720674339,0.6485713174581409,0.6573352173100183,1.0,0.003974919790454923,0.001090421166685319,0.006246505115645126,-0.06077663813443997,0.04369178412569492,0.011423261993863554,-68.50071747811049,scenario_nmpc,0.04817868703244983,0.08291668704180916,0.04280171985662329,47.2275540954101,0.0,0.09034267912772585,56,0,True,False,solver_failure,outputs/phase7_scenario_mpc/stress/scenario_001/trajectory.csv,outputs/phase7_scenario_mpc/stress/scenario_001/metrics.json,3
stress,2,10057,0.8866800433930975,0.9276352786236607,0.7499245797839396,0.7309926130233437,0.2586107576985939,1.0,0.004478437066488493,0.0012923100994562892,0.005160534056958272,-0.041606195997913514,0.04669296781546167,-0.02284003464815019,6107.333239994104,scenario_nmpc,0.05387314126781945,0.08140724188968482,0.05921682683105866,55.48241040415682,0.0,0.009345794392523364,90,0,True,True,solver_failure,outputs/phase7_scenario_mpc/stress/scenario_002/trajectory.csv,outputs/phase7_scenario_mpc/stress/scenario_002/metrics.json,3
stress,3,10058,0.8400348122237011,0.7368166561589482,1.098880145389692,0.9663426523519489,0.4807149936858969,1.5,0.007381684733804169,0.0039628751550082695,0.0015802535717956004,-0.027669301938465292,0.05848110963791403,0.030446402496627712,-2492.964583448316,scenario_nmpc,0.052476130937898754,0.11791709584898599,0.049278834226511,44.82164488043189,0.0,0.22118380062305296,53,0,False,False,alpha_corridor_violation,outputs/phase7_scenario_mpc/stress/scenario_003/trajectory.csv,outputs/phase7_scenario_mpc/stress/scenario_003/metrics.json,3
stress,4,10059,0.8509073964985324,1.2873305783786486,0.9606049484890203,1.0118767760127751,0.5166991460718621,0.5,0.006164815211880045,0.0011326046514041968,0.004759177439206194,-0.01840710398592175,0.042661375658847187,-0.003392551809463007,821.4320826283194,scenario_nmpc,0.04682278741455087,0.0787416454349179,0.04275876969403595,46.471757412989284,0.0,0.11526479750778816,45,0,False,False,alpha_corridor_violation,outputs/phase7_scenario_mpc/stress/scenario_004/trajectory.csv,outputs/phase7_scenario_mpc/stress/scenario_004/metrics.json,3
stress,5,10060,0.9630926665140382,1.1606808963757862,1.2216221031121512,0.9657950551141605,0.3224799759664272,1.0,0.006069995815700608,0.0016087017017584922,0.0017684969281546899,-0.05160326416450517,0.051596152396489146,0.014929206449208754,-769.1851361540372,scenario_nmpc,0.04566792377327139,0.08960830603120426,0.046672132437047625,47.90208137631566,0.0,0.13707165109034267,33,0,False,False,alpha_corridor_violation,outputs/phase7_scenario_mpc/stress/scenario_005/trajectory.csv,outputs/phase7_scenario_mpc/stress/scenario_005/metrics.json,3
stress,6,10061,1.0369246295704622,0.9031157990996579,1.1733945453004238,1.0846015290208744,0.26976703989394807,0.5,0.0021652652844114015,0.0020134855485208114,0.0073158945485747315,-0.020709418677945006,0.03373279835109744,0.021556087188663975,-4575.918643044272,scenario_nmpc,0.11846014660760107,0.18336917940137223,0.026990534064615764,51.757796165831316,0.0,0.08099688473520249,200,0,True,False,solver_failure,outputs/phase7_scenario_mpc/stress/scenario_006/trajectory.csv,outputs/phase7_scenario_mpc/stress/scenario_006/metrics.json,3
stress,7,10062,1.2089415706681728,1.0388272811690047,1.3554360679161346,1.3044208428948538,0.5192310882170614,0.5,0.0026701265000948606,0.0005495050286051618,0.003951881981624145,-0.02856479410371991,0.06863168780382735,0.03341671052271779,3459.989578338532,scenario_nmpc,0.09137629338116879,0.17179059261884883,0.06629432662499163,52.61958262597539,0.0,0.040498442367601244,147,0,True,True,solver_failure,outputs/phase7_scenario_mpc/stress/scenario_007/trajectory.csv,outputs/phase7_scenario_mpc/stress/scenario_007/metrics.json,3
stress,8,10063,0.8335060423399854,0.7696806349912375,0.9305283352741281,1.2375055536530342,0.5503909427735989,1.5,0.0044337869270696635,0.0032557376219124403,0.006310158083378462,-0.03685153363557458,0.03625405135993723,-0.02996141992935113,-2133.7130355660106,scenario_nmpc,0.08624382090521526,0.1413636514527885,0.0335100214543245,48.649091077344586,0.0,0.09345794392523364,158,0,True,False,solver_failure,outputs/phase7_scenario_mpc/stress/scenario_008/trajectory.csv,outputs/phase7_scenario_mpc/stress/scenario_008/metrics.json,3
stress,9,10064,1.281899664862359,1.0562693030570327,1.032465990952283,0.8263156380567156,0.3503435486143336,0.5,0.0039973642229913595,0.0017128917307545973,0.0028295231143715465,-0.018142358005888995,0.056068559117104726,-0.03378990511339164,1788.0146016570297,scenario_nmpc,0.04894381723101752,0.11465290559748528,0.05256106758630954,49.2165635332244,0.0,0.14641744548286603,58,0,True,False,solver_failure,outputs/phase7_scenario_mpc/stress/scenario_009/trajectory.csv,outputs/phase7_scenario_mpc/stress/scenario_009/metrics.json,3
stress,10,10065,0.8110666888451326,0.7751155988563968,0.9953390168674571,0.9949907062933526,0.11269204387241392,0.5,0.00252912219966367,0.00298605263509644,0.007259643633483265,-0.00880268662044514,0.04432937602642151,0.01685082277701181,-6452.231293970599,scenario_nmpc,0.1090003104315762,0.1635751309671525,0.03044761286361368,53.94344447138208,0.0,0.021806853582554516,199,0,True,False,solver_failure,outputs/phase7_scenario_mpc/stress/scenario_010/trajectory.csv,outputs/phase7_scenario_mpc/stress/scenario_010/metrics.json,3
stress,11,10066,0.8553067223387508,0.9882873711081437,1.2051754055603177,1.2398431906970213,0.2359434754068803,1.5,0.005618080174128979,0.0024591399973336293,0.0066085331808780545,-0.0048269381253235565,0.031643640441132125,0.007538369299854642,-3289.503656277946,scenario_nmpc,0.11330010091332832,0.17628782363590162,0.027537973211842377,51.987673133686016,0.0,0.06542056074766354,197,0,True,False,solver_failure,outputs/phase7_scenario_mpc/stress/scenario_011/trajectory.csv,outputs/phase7_scenario_mpc/stress/scenario_011/metrics.json,3
