tier,controller,scenario_id,failure_label,success,needed_alpha_corridor_expansion_rad,needed_q_corridor_expansion_radps,alpha_violation_duration_s,q_violation_duration_s,first_alpha_violation_time_s,first_q_violation_time_s,flap_saturation_fraction,flap_rate_saturation_fraction,initial_alpha_error_rad,initial_q_error_radps,actuator_lag_s,actuator_delay_s,density_scale,cm_delta_scale,external_disturbance_moment_nm,rms_alpha_error_rad,max_alpha_error_rad
moderate,nominal_nmpc,0,alpha_corridor_violation,False,0.0438106458000683,0.0,62.0,0.0,51.0,,0.0,0.1526479750778816,-0.0352671435077904,0.0433178526619218,0.172460084735908,0.5,1.099675655036485,0.8873447595370492,-2288.5715472335214,0.0710633858581691,0.1138106458000683
moderate,nominal_nmpc,1,alpha_corridor_violation,False,0.017963797817324517,0.0,33.5,0.0,54.5,,0.0,0.08099688473520249,-0.0421692325423806,0.0371619126363994,0.1904742556532842,0.0,1.067837814989062,1.1923204271077104,1888.1114567916943,0.0513346736034025,0.0879637978173244
moderate,nominal_nmpc,2,success,True,0.0009289507424248,0.0,6.5,0.0,66.5,,0.0,0.11526479750778816,-0.0398876750530311,0.0403012765601704,0.1378375551764042,0.5,1.0552500109466625,1.1364934679007512,2243.631407086245,0.0438994841414925,0.0709289507424247
moderate,nominal_nmpc,3,alpha_corridor_violation,False,0.00746894545257229,0.0,11.5,0.0,8.0,,0.0,0.04984423676012461,-0.0222494917690856,0.047235919833306,0.2960345266189571,1.0,0.9427035401698732,0.8972365808628847,2252.732574594433,0.036722117060063,0.0774689454525722
moderate,nominal_nmpc,4,alpha_corridor_violation,False,0.031806401792224104,0.0,52.5,0.0,54.5,,0.0,0.16199376947040497,-0.0219644641608621,0.0450756317659888,0.0651918225501528,0.0,1.0263241475999092,0.8467775120989001,-1953.0550355784217,0.0647601157517462,0.1018064017922241
moderate,nominal_nmpc,5,alpha_corridor_violation,False,0.015844034915225486,0.0,16.0,0.0,7.0,,0.0,0.09034267912772585,-0.0404126147657097,0.0501308580413082,0.3021514856561525,1.0,0.9472851438103828,0.8218883549768894,339.20421081160555,0.0420035466926851,0.0858440349152254
moderate,nominal_nmpc,6,alpha_corridor_violation,False,0.015545213284471504,0.0,16.0,0.0,6.5,,0.0,0.14953271028037382,-0.0294364072253767,0.0499125170717424,0.1518134776062082,1.0,0.9623122848632925,1.068457241400226,365.6368989117598,0.0458921893417988,0.0855452132844714
moderate,nominal_nmpc,7,alpha_corridor_violation,False,0.02548190109093021,0.0,19.0,0.0,6.0,,0.0,0.14330218068535824,-0.0429276034714389,0.053090159356097,0.2426327443777292,0.5,1.0327960500573494,1.112278953735189,-1423.905416998581,0.054334177753563,0.0954819010909301
moderate,nominal_nmpc,8,alpha_corridor_violation,False,0.021501307708526707,0.0,42.5,0.0,58.0,,0.0,0.08411214953271028,-0.020315401459835,0.0464437794640417,0.0701326880096414,0.5,1.0180238115686702,0.8786749505372946,-1592.455564172357,0.0601113906595569,0.0915013077085266
moderate,nominal_nmpc,9,success,True,0.0,0.0,0.0,0.0,,,0.0,0.09034267912772585,-0.0489856186299077,0.0449125040695883,0.3004460999595137,1.0,1.1330480358221209,0.8262843749716177,968.9782197362364,0.0456395644278175,0.0667431965137448
moderate,nominal_nmpc,10,success,True,0.0,0.0,0.0,0.0,,,0.0,0.04984423676012461,-0.0496804409364293,0.0428529324127356,0.3296031176380246,0.5,0.8642174456390412,0.9499434253485176,2221.850917262168,0.0369453714883959,0.0601757609917635
moderate,nominal_nmpc,11,alpha_corridor_violation,False,0.023278037791425676,0.0,18.5,0.0,5.5,,0.0,0.10903426791277258,-0.0227363206993697,0.0523855438709118,0.165381683907133,1.0,1.1271201633807792,0.8291739104917131,-1809.8046884581563,0.0556680894412038,0.0932780377914257
moderate,nominal_nmpc,12,alpha_corridor_violation,False,0.0051915133622063014,0.0,17.0,0.0,62.5,,0.0,0.056074766355140186,-0.022633174516965,0.0410181437897416,0.2093129332072963,1.0,0.9742994499706756,1.005594014324681,1586.2498674008762,0.0451263057386918,0.0751915133622063
moderate,nominal_nmpc,13,alpha_corridor_violation,False,0.0037099712129151086,0.0,14.0,0.0,63.5,,0.0,0.0778816199376947,-0.0446683027181879,0.0398235857239449,0.341536155764482,1.0,0.99531001745397,1.0694089087940948,2230.4093558581844,0.0445060514588774,0.073709971212915
moderate,nominal_nmpc,14,alpha_corridor_violation,False,0.028715207521201797,0.0,23.5,0.0,5.5,,0.0,0.04672897196261682,-0.0296457887909085,0.0522762716747262,0.1668046940258379,1.0,1.0241117125647023,1.1459846635147866,2310.546642572015,0.0433289905372874,0.0987152075212018
moderate,nominal_nmpc,15,alpha_corridor_violation,False,0.0633428568000324,0.0,74.5,0.0,44.0,,0.0,0.059190031152647975,-0.0430049512073594,0.0368592338721738,0.2591213218274266,0.5,0.9642204535645428,0.9288757304983914,-1648.6330462802107,0.0820005789474048,0.1333428568000324
moderate,nominal_nmpc,16,alpha_corridor_violation,False,0.024332691089260478,0.0,19.0,0.0,6.0,,0.0,0.07476635514018691,-0.0488351885534954,0.05271283543694,0.0714603504227117,0.0,0.9260241032311908,1.104394623500175,-930.9857138338969,0.0507676454284318,0.0943326910892605
moderate,nominal_nmpc,17,alpha_corridor_violation,False,0.037350763048228486,0.0,26.0,0.0,4.5,,0.0,0.04361370716510903,-0.0213922850769145,0.0547014315160136,0.2504541557655864,0.5,1.10135102034214,0.8925793022278865,917.2819730219906,0.0461833833039104,0.1073507630482285
moderate,nominal_nmpc,18,alpha_corridor_violation,False,0.03997744202714279,0.0,55.5,0.0,49.0,,0.0,0.07476635514018691,-0.0283028500466815,0.0381341179489997,0.0769619370332078,0.5,0.9977908567864578,0.9074271124815184,-235.45704685535296,0.0656113734819333,0.1099774420271428
moderate,nominal_nmpc,19,alpha_corridor_violation,False,0.002972188209146187,0.0,6.5,0.0,9.5,,0.0,0.1277258566978193,-0.0266581670407395,0.0468399196908176,0.1976933314178574,0.5,1.118313480531672,1.0705616557853193,583.4377275653063,0.0471912794096064,0.0729721882091461
moderate,nominal_nmpc,20,alpha_corridor_violation,False,0.0367061891035331,0.0,55.0,0.0,53.0,,0.0,0.13707165109034267,-0.0496219404879658,0.044816418467568,0.3266075408103212,0.5,0.9139875044578591,1.0657001810096507,-2386.670113149052,0.0665799508269914,0.1067061891035331
moderate,nominal_nmpc,21,alpha_corridor_violation,False,0.0385273156154024,0.0,55.0,0.0,50.5,,0.0,0.13395638629283488,-0.0395062865374655,0.0403368001117125,0.0273398976032734,0.0,1.0918994527472483,1.0729598965872842,-875.2161367207173,0.0659406431560784,0.1085273156154023
moderate,nominal_nmpc,22,alpha_corridor_violation,False,0.020190129731405687,0.0,27.5,0.0,6.0,,0.0,0.07476635514018691,-0.0262603129920749,0.0517234292913672,0.1115415692187238,0.5,1.085779692562748,0.8975552787813753,-1846.2608359159617,0.0558138729110184,0.0901901297314056
moderate,nominal_nmpc,23,alpha_corridor_violation,False,0.03216154225563558,0.0,24.0,0.0,5.0,,0.0,0.07165109034267912,-0.0298040714358735,0.0535547743125118,0.130317177707805,0.5,0.9756589263490966,1.007246608108957,1069.821977190234,0.0457550287091901,0.1021615422556355
moderate,nominal_nmpc,24,alpha_corridor_violation,False,0.022256955270720497,0.0,41.0,0.0,57.5,,0.0,0.1059190031152648,-0.031360551256634,0.0467851374026619,0.030615126601149,1.0,1.1258807162130564,1.1692325416008753,-1944.0632265947372,0.0597009818713379,0.0922569552707205
moderate,nominal_nmpc,25,alpha_corridor_violation,False,0.0299188915427564,0.0,22.5,0.0,5.5,,0.0,0.11214953271028037,-0.0453598963646431,0.0534098969190118,0.2049997751105231,0.5,1.070947399403036,0.8146534837506187,544.330522248232,0.043695615180622,0.0999188915427564
moderate,nominal_nmpc,26,alpha_corridor_violation,False,0.03433475402060848,0.0,23.5,0.0,5.5,,0.0,0.04984423676012461,-0.0486482167737601,0.0548698148202449,0.1555908708978215,0.5,0.9802339873316896,1.1648149276757236,-455.64376166496834,0.0499001839412666,0.1043347540206084
moderate,nominal_nmpc,27,alpha_corridor_violation,False,0.003984532372672989,0.0,8.5,0.0,9.5,,0.0,0.06853582554517133,-0.0456558464637668,0.0469130433954523,0.1430061431699841,1.0,1.1492916257155794,0.8870745597343758,1813.3132180288903,0.0409441126332241,0.073984532372673
moderate,nominal_nmpc,28,alpha_corridor_violation,False,0.0011919075564028048,0.0,4.5,0.0,10.5,,0.0,0.06230529595015576,-0.0321254907094884,0.0463524000374548,0.1199623352831415,0.5,0.9449242959553004,1.0516372919364707,972.8012383179068,0.0421830254955489,0.0711919075564028
moderate,nominal_nmpc,29,alpha_corridor_violation,False,0.030570494574717888,0.0,48.0,0.0,52.5,,0.0,0.11214953271028037,-0.0248068557504373,0.0408695148936663,0.0796096043235423,0.0,1.0696294716783743,1.099715581772791,-420.93059440356905,0.0614008529762294,0.1005704945747178
moderate,residual_corrected_nmpc,0,alpha_corridor_violation,False,0.043844727946822704,0.0,62.0,0.0,51.0,,0.0,0.1526479750778816,-0.0352671435077904,0.0433178526619218,0.172460084735908,0.5,1.099675655036485,0.8873447595370492,-2288.5715472335214,0.0711329908922655,0.1138447279468227
moderate,residual_corrected_nmpc,1,alpha_corridor_violation,False,0.0180024237694405,0.0,33.5,0.0,54.5,,0.0,0.09345794392523364,-0.0421692325423806,0.0371619126363994,0.1904742556532842,0.0,1.067837814989062,1.1923204271077104,1888.1114567916943,0.0515100198184007,0.0880024237694404
moderate,residual_corrected_nmpc,2,success,True,0.0009527962557694114,0.0,6.5,0.0,66.5,,0.0,0.11214953271028037,-0.0398876750530311,0.0403012765601704,0.1378375551764042,0.5,1.0552500109466625,1.1364934679007512,2243.631407086245,0.0441403648599815,0.0709527962557693
moderate,residual_corrected_nmpc,3,alpha_corridor_violation,False,0.007468945452565601,0.0,11.5,0.0,8.0,,0.0,0.0529595015576324,-0.0222494917690856,0.047235919833306,0.2960345266189571,1.0,0.9427035401698732,0.8972365808628847,2252.732574594433,0.0368252119503611,0.0774689454525655
moderate,residual_corrected_nmpc,4,alpha_corridor_violation,False,0.03182675656572201,0.0,52.5,0.0,54.5,,0.0,0.1588785046728972,-0.0219644641608621,0.0450756317659888,0.0651918225501528,0.0,1.0263241475999092,0.8467775120989001,-1953.0550355784217,0.0648458363453079,0.1018267565657221
moderate,residual_corrected_nmpc,5,alpha_corridor_violation,False,0.015844034915222988,0.0,16.0,0.0,7.0,,0.0,0.09034267912772585,-0.0404126147657097,0.0501308580413082,0.3021514856561525,1.0,0.9472851438103828,0.8218883549768894,339.20421081160555,0.0423595367421674,0.085844034915223
moderate,residual_corrected_nmpc,6,alpha_corridor_violation,False,0.015545213284472892,0.0,16.0,0.0,6.5,,0.0,0.14953271028037382,-0.0294364072253767,0.0499125170717424,0.1518134776062082,1.0,0.9623122848632925,1.068457241400226,365.6368989117598,0.046203138359865,0.0855452132844728
moderate,residual_corrected_nmpc,7,alpha_corridor_violation,False,0.025481901090930098,0.0,19.0,0.0,6.0,,0.0,0.13707165109034267,-0.0429276034714389,0.053090159356097,0.2426327443777292,0.5,1.0327960500573494,1.112278953735189,-1423.905416998581,0.0546888904534951,0.09548190109093
moderate,residual_corrected_nmpc,8,alpha_corridor_violation,False,0.021530858545333903,0.0,42.5,0.0,58.0,,0.0,0.08722741433021806,-0.020315401459835,0.0464437794640417,0.0701326880096414,0.5,1.0180238115686702,0.8786749505372946,-1592.455564172357,0.0602373996918135,0.0915308585453338
moderate,residual_corrected_nmpc,9,success,True,0.0,0.0,0.0,0.0,,,0.0,0.08411214953271028,-0.0489856186299077,0.0449125040695883,0.3004460999595137,1.0,1.1330480358221209,0.8262843749716177,968.9782197362364,0.045827540193511,0.0668142299004147
moderate,residual_corrected_nmpc,10,success,True,0.0,0.0,0.0,0.0,,,0.0,0.0529595015576324,-0.0496804409364293,0.0428529324127356,0.3296031176380246,0.5,0.8642174456390412,0.9499434253485176,2221.850917262168,0.037095125036148,0.0601989031640806
moderate,residual_corrected_nmpc,11,alpha_corridor_violation,False,0.02327803779142598,0.0,18.5,0.0,5.5,,0.0,0.1059190031152648,-0.0227363206993697,0.0523855438709118,0.165381683907133,1.0,1.1271201633807792,0.8291739104917131,-1809.8046884581563,0.0559403062366914,0.0932780377914259
moderate,residual_corrected_nmpc,12,alpha_corridor_violation,False,0.005220870837824992,0.0,17.5,0.0,62.5,,0.0,0.059190031152647975,-0.022633174516965,0.0410181437897416,0.2093129332072963,1.0,0.9742994499706756,1.005594014324681,1586.2498674008762,0.045353245851413,0.075220870837825
moderate,residual_corrected_nmpc,13,alpha_corridor_violation,False,0.003741246166047707,0.0,14.5,0.0,63.0,,0.0,0.07476635514018691,-0.0446683027181879,0.0398235857239449,0.341536155764482,1.0,0.99531001745397,1.0694089087940948,2230.4093558581844,0.0446656375994685,0.0737412461660476
moderate,residual_corrected_nmpc,14,alpha_corridor_violation,False,0.028715207521201186,0.0,23.5,0.0,5.5,,0.0,0.04672897196261682,-0.0296457887909085,0.0522762716747262,0.1668046940258379,1.0,1.0241117125647023,1.1459846635147866,2310.546642572015,0.043485346297673,0.0987152075212012
moderate,residual_corrected_nmpc,15,alpha_corridor_violation,False,0.06336594853763841,0.0,74.5,0.0,44.0,,0.0,0.06230529595015576,-0.0430049512073594,0.0368592338721738,0.2591213218274266,0.5,0.9642204535645428,0.9288757304983914,-1648.6330462802107,0.0820563591266163,0.1333659485376384
moderate,residual_corrected_nmpc,16,alpha_corridor_violation,False,0.024332691089260478,0.0,19.0,0.0,6.0,,0.0,0.07476635514018691,-0.0488351885534954,0.05271283543694,0.0714603504227117,0.0,0.9260241032311908,1.104394623500175,-930.9857138338969,0.0509149984372452,0.0943326910892605
moderate,residual_corrected_nmpc,17,alpha_corridor_violation,False,0.037350763048229596,0.0,26.0,0.0,4.5,,0.0,0.03115264797507788,-0.0213922850769145,0.0547014315160136,0.2504541557655864,0.5,1.10135102034214,0.8925793022278865,917.2819730219906,0.0464578685558563,0.1073507630482296
moderate,residual_corrected_nmpc,18,alpha_corridor_violation,False,0.039997630525623995,0.0,55.5,0.0,49.0,,0.0,0.0778816199376947,-0.0283028500466815,0.0381341179489997,0.0769619370332078,0.5,0.9977908567864578,0.9074271124815184,-235.45704685535296,0.0657034470484755,0.109997630525624
moderate,residual_corrected_nmpc,19,alpha_corridor_violation,False,0.002972188209136889,0.0,6.5,0.0,9.5,,0.0,0.12461059190031153,-0.0266581670407395,0.0468399196908176,0.1976933314178574,0.5,1.118313480531672,1.0705616557853193,583.4377275653063,0.0475002224383881,0.0729721882091368
moderate,residual_corrected_nmpc,20,alpha_corridor_violation,False,0.0367350516386197,0.0,55.0,0.0,53.0,,0.0,0.14953271028037382,-0.0496219404879658,0.044816418467568,0.3266075408103212,0.5,0.9139875044578591,1.0657001810096507,-2386.670113149052,0.0667072304156536,0.1067350516386198
moderate,residual_corrected_nmpc,21,alpha_corridor_violation,False,0.038571202386633,0.0,55.0,0.0,50.5,,0.0,0.14018691588785046,-0.0395062865374655,0.0403368001117125,0.0273398976032734,0.0,1.0918994527472483,1.0729598965872842,-875.2161367207173,0.0660670838678719,0.1085712023866329
moderate,residual_corrected_nmpc,22,alpha_corridor_violation,False,0.020190129731405687,0.0,28.0,0.0,6.0,,0.0,0.0778816199376947,-0.0262603129920749,0.0517234292913672,0.1115415692187238,0.5,1.085779692562748,0.8975552787813753,-1846.2608359159617,0.0560409636445265,0.0901901297314056
moderate,residual_corrected_nmpc,23,alpha_corridor_violation,False,0.03216154225563589,0.0,24.0,0.0,5.0,,0.0,0.07476635514018691,-0.0298040714358735,0.0535547743125118,0.130317177707805,0.5,0.9756589263490966,1.007246608108957,1069.821977190234,0.0460906021300911,0.1021615422556359
moderate,residual_corrected_nmpc,24,alpha_corridor_violation,False,0.02230453663014581,0.0,41.0,0.0,57.5,,0.0,0.10903426791277258,-0.031360551256634,0.0467851374026619,0.030615126601149,1.0,1.1258807162130564,1.1692325416008753,-1944.0632265947372,0.0598608307890268,0.0923045366301458
moderate,residual_corrected_nmpc,25,alpha_corridor_violation,False,0.029918891542757592,0.0,22.5,0.0,5.5,,0.0,0.11838006230529595,-0.0453598963646431,0.0534098969190118,0.2049997751105231,0.5,1.070947399403036,0.8146534837506187,544.330522248232,0.0440707516601927,0.0999188915427576
moderate,residual_corrected_nmpc,26,alpha_corridor_violation,False,0.03433475402060868,0.0,23.5,0.0,5.5,,0.0,0.059190031152647975,-0.0486482167737601,0.0548698148202449,0.1555908708978215,0.5,0.9802339873316896,1.1648149276757236,-455.64376166496834,0.0503071102448697,0.1043347540206087
moderate,residual_corrected_nmpc,27,alpha_corridor_violation,False,0.003984532372645677,0.0,8.5,0.0,9.5,,0.0,0.07165109034267912,-0.0456558464637668,0.0469130433954523,0.1430061431699841,1.0,1.1492916257155794,0.8870745597343758,1813.3132180288903,0.0412634501616048,0.0739845323726456
moderate,residual_corrected_nmpc,28,alpha_corridor_violation,False,0.0011919075565371973,0.0,4.5,0.0,10.5,,0.0,0.06542056074766354,-0.0321254907094884,0.0463524000374548,0.1199623352831415,0.5,0.9449242959553004,1.0516372919364707,972.8012383179068,0.0424866476936232,0.0711919075565371
moderate,residual_corrected_nmpc,29,alpha_corridor_violation,False,0.030624905233093275,0.0,48.0,0.0,52.5,,0.0,0.11838006230529595,-0.0248068557504373,0.0408695148936663,0.0796096043235423,0.0,1.0696294716783743,1.099715581772791,-420.93059440356905,0.0614998935026867,0.1006249052330932
moderate,residual_corrected_tightened_nmpc,0,alpha_corridor_violation,False,0.04384472797880931,0.0,62.0,0.0,51.0,,0.0,0.08411214953271028,-0.0352671435077904,0.0433178526619218,0.172460084735908,0.5,1.099675655036485,0.8873447595370492,-2288.5715472335214,0.0695995528113604,0.1138447279788093
moderate,residual_corrected_tightened_nmpc,1,alpha_corridor_violation,False,0.017997244889910724,0.0,33.5,0.0,54.5,,0.0,0.1308411214953271,-0.0421692325423806,0.0371619126363994,0.1904742556532842,0.0,1.067837814989062,1.1923204271077104,1888.1114567916943,0.0485697037913235,0.0879972448899107
moderate,residual_corrected_tightened_nmpc,2,success,True,0.0009527962724206196,0.0,6.5,0.0,66.5,,0.0,0.11838006230529595,-0.0398876750530311,0.0403012765601704,0.1378375551764042,0.5,1.0552500109466625,1.1364934679007512,2243.631407086245,0.0407370314251362,0.0709527962724206
moderate,residual_corrected_tightened_nmpc,3,alpha_corridor_violation,False,0.007468945452549697,0.0,11.5,0.0,8.0,,0.0,0.07476635514018691,-0.0222494917690856,0.047235919833306,0.2960345266189571,1.0,0.9427035401698732,0.8972365808628847,2252.732574594433,0.0353464171396379,0.0774689454525496
moderate,residual_corrected_tightened_nmpc,4,alpha_corridor_violation,False,0.03182293461603081,0.0,52.5,0.0,54.5,,0.0,0.16510903426791276,-0.0219644641608621,0.0450756317659888,0.0651918225501528,0.0,1.0263241475999092,0.8467775120989001,-1953.0550355784217,0.0628185679386217,0.1018229346160308
moderate,residual_corrected_tightened_nmpc,5,alpha_corridor_violation,False,0.015844034915221183,0.0,16.0,0.0,7.0,,0.0,0.059190031152647975,-0.0404126147657097,0.0501308580413082,0.3021514856561525,1.0,0.9472851438103828,0.8218883549768894,339.20421081160555,0.0409558017757778,0.0858440349152211
moderate,residual_corrected_tightened_nmpc,6,alpha_corridor_violation,False,0.01554521328447031,0.0,16.0,0.0,6.5,,0.0,0.16510903426791276,-0.0294364072253767,0.0499125170717424,0.1518134776062082,1.0,0.9623122848632925,1.068457241400226,365.6368989117598,0.0418767681173177,0.0855452132844702
moderate,residual_corrected_tightened_nmpc,7,alpha_corridor_violation,False,0.02548190109092971,0.0,19.0,0.0,6.0,,0.0,0.14018691588785046,-0.0429276034714389,0.053090159356097,0.2426327443777292,0.5,1.0327960500573494,1.112278953735189,-1423.905416998581,0.0488102596278969,0.0954819010909296
moderate,residual_corrected_tightened_nmpc,8,alpha_corridor_violation,False,0.021519408277645702,0.0,42.5,0.0,58.0,,0.0,0.12149532710280374,-0.020315401459835,0.0464437794640417,0.0701326880096414,0.5,1.0180238115686702,0.8786749505372946,-1592.455564172357,0.0573875179215125,0.0915194082776456
moderate,residual_corrected_tightened_nmpc,9,success,True,0.0,0.0,0.0,0.0,,,0.0,0.102803738317757,-0.0489856186299077,0.0449125040695883,0.3004460999595137,1.0,1.1330480358221209,0.8262843749716177,968.9782197362364,0.0420681093004538,0.0668142298616343
moderate,residual_corrected_tightened_nmpc,10,success,True,0.0,0.0,0.0,0.0,,,0.0,0.07165109034267912,-0.0496804409364293,0.0428529324127356,0.3296031176380246,0.5,0.8642174456390412,0.9499434253485176,2221.850917262168,0.0356469384313359,0.0601880947115813
moderate,residual_corrected_tightened_nmpc,11,alpha_corridor_violation,False,0.023278037791425482,0.0,18.5,0.0,5.5,,0.0,0.11526479750778816,-0.0227363206993697,0.0523855438709118,0.165381683907133,1.0,1.1271201633807792,0.8291739104917131,-1809.8046884581563,0.0514192386373454,0.0932780377914254
moderate,residual_corrected_tightened_nmpc,12,alpha_corridor_violation,False,0.005214118117780581,0.0,17.5,0.0,62.5,,0.0,0.0778816199376947,-0.022633174516965,0.0410181437897416,0.2093129332072963,1.0,0.9742994499706756,1.005594014324681,1586.2498674008762,0.0425545045759878,0.0752141181177805
moderate,residual_corrected_tightened_nmpc,13,alpha_corridor_violation,False,0.003739349117539592,0.0,14.5,0.0,63.0,,0.0,0.09345794392523364,-0.0446683027181879,0.0398235857239449,0.341536155764482,1.0,0.99531001745397,1.0694089087940948,2230.4093558581844,0.04169828371634,0.0737393491175396
moderate,residual_corrected_tightened_nmpc,14,alpha_corridor_violation,False,0.02871520752120088,0.0,23.5,0.0,5.5,,0.0,0.06542056074766354,-0.0296457887909085,0.0522762716747262,0.1668046940258379,1.0,1.0241117125647023,1.1459846635147866,2310.546642572015,0.0410024880293564,0.0987152075212008
moderate,residual_corrected_tightened_nmpc,15,alpha_corridor_violation,False,0.0633617718340401,0.0,74.5,0.0,44.0,,0.0,0.09345794392523364,-0.0430049512073594,0.0368592338721738,0.2591213218274266,0.5,0.9642204535645428,0.9288757304983914,-1648.6330462802107,0.0812624012300202,0.1333617718340401
moderate,residual_corrected_tightened_nmpc,16,alpha_corridor_violation,False,0.024332691089260478,0.0,19.0,0.0,6.0,,0.0,0.14953271028037382,-0.0488351885534954,0.05271283543694,0.0714603504227117,0.0,0.9260241032311908,1.104394623500175,-930.9857138338969,0.046593127245072,0.0943326910892605
moderate,residual_corrected_tightened_nmpc,17,alpha_corridor_violation,False,0.0373507630482286,0.0,26.0,0.0,4.5,,0.0,0.056074766355140186,-0.0213922850769145,0.0547014315160136,0.2504541557655864,0.5,1.10135102034214,0.8925793022278865,917.2819730219906,0.0447524223632429,0.1073507630482286
moderate,residual_corrected_tightened_nmpc,18,alpha_corridor_violation,False,0.0399937547583655,0.0,55.5,0.0,49.0,,0.0,0.09657320872274143,-0.0283028500466815,0.0381341179489997,0.0769619370332078,0.5,0.9977908567864578,0.9074271124815184,-235.45704685535296,0.0640343085937927,0.1099937547583655
moderate,residual_corrected_tightened_nmpc,19,alpha_corridor_violation,False,0.0029721882089673857,0.0,6.5,0.0,9.5,,0.0,0.14018691588785046,-0.0266581670407395,0.0468399196908176,0.1976933314178574,0.5,1.118313480531672,1.0705616557853193,583.4377275653063,0.0430245291411316,0.0729721882089673
moderate,residual_corrected_tightened_nmpc,20,alpha_corridor_violation,False,0.036716125074673506,0.0,55.0,0.0,53.0,,0.0,0.12149532710280374,-0.0496219404879658,0.044816418467568,0.3266075408103212,0.5,0.9139875044578591,1.0657001810096507,-2386.670113149052,0.0646124492230825,0.1067161250746735
moderate,residual_corrected_tightened_nmpc,21,alpha_corridor_violation,False,0.03856554001220741,0.0,55.0,0.0,50.5,,0.0,0.1557632398753894,-0.0395062865374655,0.0403368001117125,0.0273398976032734,0.0,1.0918994527472483,1.0729598965872842,-875.2161367207173,0.063970190414987,0.1085655400122073
moderate,residual_corrected_tightened_nmpc,22,alpha_corridor_violation,False,0.020190129731405687,0.0,28.0,0.0,6.0,,0.0,0.1059190031152648,-0.0262603129920749,0.0517234292913672,0.1115415692187238,0.5,1.085779692562748,0.8975552787813753,-1846.2608359159617,0.0514993499495403,0.0901901297314056
moderate,residual_corrected_tightened_nmpc,23,alpha_corridor_violation,False,0.03216154225563558,0.0,24.0,0.0,5.0,,0.0,0.11526479750778816,-0.0298040714358735,0.0535547743125118,0.130317177707805,0.5,0.9756589263490966,1.007246608108957,1069.821977190234,0.043616921314783,0.1021615422556355
moderate,residual_corrected_tightened_nmpc,24,alpha_corridor_violation,False,0.022281339805664907,0.0,41.0,0.0,57.5,,0.0,0.11526479750778816,-0.031360551256634,0.0467851374026619,0.030615126601149,1.0,1.1258807162130564,1.1692325416008753,-1944.0632265947372,0.0565912288466836,0.0922813398056649
moderate,residual_corrected_tightened_nmpc,25,alpha_corridor_violation,False,0.0299188915427559,0.0,22.5,0.0,5.5,,0.0,0.1308411214953271,-0.0453598963646431,0.0534098969190118,0.2049997751105231,0.5,1.070947399403036,0.8146534837506187,544.330522248232,0.0427948301081607,0.0999188915427559
moderate,residual_corrected_tightened_nmpc,26,alpha_corridor_violation,False,0.03433475402060818,0.0,23.5,0.0,5.5,,0.0,0.12149532710280374,-0.0486482167737601,0.0548698148202449,0.1555908708978215,0.5,0.9802339873316896,1.1648149276757236,-455.64376166496834,0.046193993001418,0.1043347540206082
moderate,residual_corrected_tightened_nmpc,27,alpha_corridor_violation,False,0.003984532372640681,0.0,8.5,0.0,9.5,,0.0,0.09034267912772585,-0.0456558464637668,0.0469130433954523,0.1430061431699841,1.0,1.1492916257155794,0.8870745597343758,1813.3132180288903,0.0378151750245531,0.0739845323726406
moderate,residual_corrected_tightened_nmpc,28,alpha_corridor_violation,False,0.0011919075547109914,0.0,4.5,0.0,10.5,,0.0,0.09657320872274143,-0.0321254907094884,0.0463524000374548,0.1199623352831415,0.5,0.9449242959553004,1.0516372919364707,972.8012383179068,0.0395908295006125,0.0711919075547109
moderate,residual_corrected_tightened_nmpc,29,alpha_corridor_violation,False,0.030615896987682384,0.0,48.0,0.0,52.5,,0.0,0.14018691588785046,-0.0248068557504373,0.0408695148936663,0.0796096043235423,0.0,1.0696294716783743,1.099715581772791,-420.93059440356905,0.0590473881196617,0.1006158969876823
stress,nominal_nmpc,0,alpha_corridor_violation,False,0.0648615447227548,0.0,32.5,0.0,3.0,,0.0,0.09034267912772585,-0.0044714794299471,0.0620108392561889,0.2561823986804392,1.5,0.8378955015168319,0.7897704751772718,-2194.157915767558,0.0576933614241164,0.1348615447227547
stress,nominal_nmpc,1,alpha_corridor_violation,False,0.0125900223873808,0.0,29.0,0.0,59.5,,0.0,0.08722741433021806,-0.0607766381344399,0.0436917841256949,0.6573352173100183,1.0,0.9303608946512464,1.229387572067434,-68.50071747811049,0.0517067676774508,0.0825900223873808
stress,nominal_nmpc,2,unstable_response,False,0.011407241893433062,0.0,47.0,0.0,8.5,,0.0,0.009345794392523364,-0.0416061959979135,0.0466929678154616,0.2586107576985939,1.0,0.8866800433930975,0.7499245797839396,6107.333239994104,0.053873141269805,0.0814072418934331
stress,nominal_nmpc,3,alpha_corridor_violation,False,0.04791709584898851,0.0,27.0,0.0,4.0,,0.0,0.23052959501557632,-0.0276693019384652,0.058481109637914,0.4807149936858969,1.5,0.8400348122237011,1.098880145389692,-2492.964583448316,0.0567560893277086,0.1179170958489884
stress,nominal_nmpc,4,alpha_corridor_violation,False,0.00863584705235429,0.0,24.0,0.0,61.5,,0.0,0.08722741433021806,-0.0184071039859217,0.0426613756588471,0.5166991460718621,0.5,0.8509073964985324,0.9606049484890204,821.4320826283194,0.0497974639845361,0.0786358470523543
stress,nominal_nmpc,5,alpha_corridor_violation,False,0.019608306031205197,0.0,17.0,0.0,6.5,,0.0,0.17757009345794392,-0.0516032641645051,0.0515961523964891,0.3224799759664272,1.0,0.9630926665140382,1.2216221031121512,-769.1851361540372,0.0504536864266119,0.0896083060312051
stress,nominal_nmpc,6,alpha_corridor_violation,False,0.11305222446404689,0.0,100.5,0.0,35.5,,0.0,0.06853582554517133,-0.020709418677945,0.0337327983510974,0.269767039893948,0.5,1.0369246295704622,1.1733945453004238,-4575.918643044272,0.1186769870442341,0.1830522244640468
stress,nominal_nmpc,7,unstable_response,False,0.1017905926181806,0.0,77.5,0.0,3.0,,0.0,0.03115264797507788,-0.0285647941037199,0.0686316878038273,0.5192310882170614,0.5,1.2089415706681728,1.3554360679161346,3459.989578338532,0.0921701257201656,0.1717905926181806
stress,nominal_nmpc,8,alpha_corridor_violation,False,0.07114265632552552,0.0,79.0,0.0,42.5,,0.0,0.11526479750778816,-0.0368515336355745,0.0362540513599372,0.5503909427735989,1.5,0.8335060423399854,0.930528335274128,-2133.7130355660106,0.0869249798509154,0.1411426563255254
stress,nominal_nmpc,9,alpha_corridor_violation,False,0.0446529055974865,0.0,30.0,0.0,4.0,,0.0,0.09657320872274143,-0.0181423580058889,0.0560685591171047,0.3503435486143336,0.5,1.281899664862359,1.032465990952283,1788.0146016570295,0.0512019378173855,0.1146529055974865
stress,nominal_nmpc,10,alpha_corridor_violation,False,0.0935931829072696,0.0,100.0,0.0,44.0,,0.0,0.040498442367601244,-0.0088026866204451,0.0443293760264215,0.1126920438724139,0.5,0.8110666888451326,0.9953390168674572,-6452.231293970599,0.1090528553905203,0.1635931829072695
stress,nominal_nmpc,11,alpha_corridor_violation,False,0.10614281423225269,0.0,98.5,0.0,35.0,,0.0,0.0778816199376947,-0.0048269381253235,0.0316436404411321,0.2359434754068803,1.5,0.8553067223387508,1.2051754055603177,-3289.503656277946,0.1135377878929849,0.1761428142322527
stress,nominal_nmpc,12,alpha_corridor_violation,False,0.0745698436938936,0.0,78.0,0.0,34.0,,0.0,0.09657320872274143,-0.0077384868205278,0.024954649928887,0.4038597981810853,1.0,1.0723277043759831,0.9873133160902804,1735.942860410549,0.0874353532552649,0.1445698436938936
stress,nominal_nmpc,13,success,True,0.0,0.0,0.0,0.0,,,0.0,0.14641744548286603,-0.0512509189770911,0.044097700192117,0.502395195496711,1.0,1.2006462829456708,1.1284879647047508,1454.9875102322935,0.043900235999414,0.0635636217533372
stress,nominal_nmpc,14,success,True,0.0,0.0,0.0,0.0,,,0.0,0.11526479750778816,-0.0183106006978737,0.0334655900341603,0.1550907325823249,1.5,1.2737712412059985,0.875955090285284,5033.200002175625,0.0376722797294824,0.0697936379723318
stress,nominal_nmpc,15,alpha_corridor_violation,False,0.031191152288452595,0.0,46.0,0.0,45.5,,0.0,0.040498442367601244,-0.011756686161604,0.0283889677763585,0.227250386030037,1.5,0.7718053707541909,1.0280508755693276,4227.261075079509,0.0555818210352834,0.1011911522884526
stress,nominal_nmpc,16,alpha_corridor_violation,False,0.026112642379609002,0.0,33.0,0.0,5.5,,0.0,0.08722741433021806,-0.0255770562336606,0.0532899663251659,0.622374859185464,1.0,0.9683592595680252,0.7837488005866554,-2388.0333524534763,0.0576548588532879,0.0961126423796089
stress,nominal_nmpc,17,alpha_corridor_violation,False,0.1009932332227545,0.0,101.5,0.0,29.5,,0.0,0.04984423676012461,-0.0089211818594403,0.0236098896073312,0.5088030678522094,0.5,0.8755295136153882,0.601755866814456,136.40725027485112,0.1107400101990622,0.1709932332227545
stress,nominal_nmpc,18,alpha_corridor_violation,False,0.0667615877046148,0.0,31.0,0.0,4.0,,0.0,0.14641744548286603,-0.0513048444430008,0.0638410209869067,0.6605211926672429,0.5,1.2289362146249685,1.0901480230629623,-4094.7255962242434,0.0659391774912896,0.1367615877046147
stress,nominal_nmpc,19,alpha_corridor_violation,False,0.0870846989197262,0.0,86.0,0.0,41.0,,0.0,0.09657320872274143,-0.0073368380526611,0.0382016825889245,0.2764832856885641,0.5,1.1686194740754905,1.315775439579345,-4049.272466650936,0.098412076358244,0.1570846989197262
stress,nominal_nmpc,20,success,True,0.0,0.0,0.0,0.0,,,0.0,0.11214953271028037,-0.069892627574243,0.0437549369283947,0.5854907118510863,1.5,0.8812884936376777,1.1159296458891712,2659.5947786226443,0.0363851829485568,0.069892627574243
stress,nominal_nmpc,21,unstable_response,False,0.052632175731782777,0.0,33.5,0.0,4.5,,0.0,0.04361370716510903,-0.0307469062091564,0.0576373829883899,0.4876262972470093,1.5,1.095706586646958,1.0249693040876564,2782.028912690412,0.0545622353666574,0.1226321757317827
stress,nominal_nmpc,22,unstable_response,False,0.07824196515874293,0.0,127.5,0.0,3.5,,0.0,0.009345794392523364,-0.0312744103603544,0.0624009580335831,0.1444616208536915,1.0,0.9552074929670727,0.8930510953330396,5215.6779022646915,0.1023121079496585,0.1482419651587429
stress,nominal_nmpc,23,unstable_response,False,0.05823724307450709,0.0,40.0,0.0,4.0,,0.0,0.021806853582554516,-0.0305457826010633,0.0580308686241618,0.5747736721148857,1.0,1.06085834166258,1.2343940864997367,4900.988485966242,0.0669240509491453,0.128237243074507
stress,nominal_nmpc,24,unstable_response,False,0.08379911766793938,0.000727518346601605,156.0,23.5,3.5,80.0,0.0,0.009345794392523364,-0.0243785326045874,0.0631112491256571,0.3769034744880599,1.5,0.8245741425196464,0.8514195738511041,6315.351539672236,0.113494059598535,0.1537991176679393
stress,nominal_nmpc,25,unstable_response,False,0.0488610836322039,0.0,101.0,0.0,5.5,,0.0,0.009345794392523364,-0.0695798389886036,0.0555396438228479,0.3706061003656484,0.5,0.8407982401158711,0.9337384378516862,6174.223173044991,0.0852017656099148,0.1188610836322039
stress,nominal_nmpc,26,alpha_corridor_violation,False,0.063760780734924,0.0,106.5,0.0,5.0,,0.0,0.040498442367601244,-0.0092831231884115,0.05233062942494,0.1988274269330684,1.5,1.2080646950938143,0.625725032661163,-6455.619350209719,0.0931528132092835,0.133760780734924
stress,nominal_nmpc,27,alpha_corridor_violation,False,0.1293367563331885,0.0,110.5,0.0,25.5,,0.0,0.04672897196261682,-0.0547039990083491,0.0225765993822307,0.4954593936389574,1.0,1.0463638868028171,1.0018624335599065,-1959.08520922275,0.1317247882728186,0.1993367563331885
stress,nominal_nmpc,28,alpha_corridor_violation,False,0.04656687530551659,0.0,58.0,0.0,44.5,,0.0,0.1588785046728972,-0.055180638364394,0.0326818813212339,0.1398723984028653,1.0,0.9414267420532418,1.311983112619897,1166.6600286802363,0.0684376116898666,0.1165668753055165
stress,nominal_nmpc,29,alpha_corridor_violation,False,0.028024321492201493,0.0,44.5,0.0,48.5,,0.0,0.09657320872274143,-0.002281682619045,0.0319315847301489,0.5872891189611414,1.0,0.7226008916475201,0.6316720031356039,3198.0334754242203,0.0533584912744487,0.0980243214922015
stress,residual_corrected_nmpc,0,alpha_corridor_violation,False,0.0648615447227548,0.0,32.5,0.0,3.0,,0.0,0.08722741433021806,-0.0044714794299471,0.0620108392561889,0.2561823986804392,1.5,0.8378955015168319,0.7897704751772718,-2194.157915767558,0.0578853083110435,0.1348615447227547
stress,residual_corrected_nmpc,1,alpha_corridor_violation,False,0.012620722602002282,0.0,29.0,0.0,59.5,,0.0,0.08722741433021806,-0.0607766381344399,0.0436917841256949,0.6573352173100183,1.0,0.9303608946512464,1.229387572067434,-68.50071747811049,0.0518451832113766,0.0826207226020023
stress,residual_corrected_nmpc,2,unstable_response,False,0.011407241888891695,0.0,47.0,0.0,8.5,,0.0,0.009345794392523364,-0.0416061959979135,0.0466929678154616,0.2586107576985939,1.0,0.8866800433930975,0.7499245797839396,6107.333239994104,0.0538731412672713,0.0814072418888917
stress,residual_corrected_nmpc,3,alpha_corridor_violation,False,0.0479170958489879,0.0,27.0,0.0,4.0,,0.0,0.21495327102803738,-0.0276693019384652,0.058481109637914,0.4807149936858969,1.5,0.8400348122237011,1.098880145389692,-2492.964583448316,0.0571890704523754,0.1179170958489878
stress,residual_corrected_nmpc,4,alpha_corridor_violation,False,0.008660283621563097,0.0,24.0,0.0,61.5,,0.0,0.08411214953271028,-0.0184071039859217,0.0426613756588471,0.5166991460718621,0.5,0.8509073964985324,0.9606049484890204,821.4320826283194,0.0500190095573153,0.0786602836215631
stress,residual_corrected_nmpc,5,alpha_corridor_violation,False,0.0196083060312037,0.0,17.0,0.0,6.5,,0.0,0.19937694704049844,-0.0516032641645051,0.0515961523964891,0.3224799759664272,1.0,0.9630926665140382,1.2216221031121512,-769.1851361540372,0.0511340579881435,0.0896083060312037
stress,residual_corrected_nmpc,6,alpha_corridor_violation,False,0.11307197472217279,0.0,100.5,0.0,35.5,,0.0,0.07165109034267912,-0.020709418677945,0.0337327983510974,0.269767039893948,0.5,1.0369246295704622,1.1733945453004238,-4575.918643044272,0.1187067120459521,0.1830719747221727
stress,residual_corrected_nmpc,7,unstable_response,False,0.10179059261818049,0.0,80.0,0.0,3.0,,0.0,0.03426791277258567,-0.0285647941037199,0.0686316878038273,0.5192310882170614,0.5,1.2089415706681728,1.3554360679161346,3459.989578338532,0.0922185128697912,0.1717905926181805
stress,residual_corrected_nmpc,8,alpha_corridor_violation,False,0.0711858874741165,0.0,79.0,0.0,42.5,,0.0,0.11838006230529595,-0.0368515336355745,0.0362540513599372,0.5503909427735989,1.5,0.8335060423399854,0.930528335274128,-2133.7130355660106,0.0869644558179632,0.1411858874741164
stress,residual_corrected_nmpc,9,alpha_corridor_violation,False,0.04465290559748758,0.0,30.0,0.0,4.0,,0.0,0.09968847352024922,-0.0181423580058889,0.0560685591171047,0.3503435486143336,0.5,1.281899664862359,1.032465990952283,1788.0146016570295,0.0514497843494745,0.1146529055974876
stress,residual_corrected_nmpc,10,alpha_corridor_violation,False,0.0935962804830349,0.0,100.0,0.0,44.0,,0.0,0.04361370716510903,-0.0088026866204451,0.0443293760264215,0.1126920438724139,0.5,0.8110666888451326,0.9953390168674572,-6452.231293970599,0.1090580852196298,0.1635962804830348
stress,residual_corrected_nmpc,11,alpha_corridor_violation,False,0.1061998657903096,0.0,98.5,0.0,35.0,,0.0,0.08099688473520249,-0.0048269381253235,0.0316436404411321,0.2359434754068803,1.5,0.8553067223387508,1.2051754055603177,-3289.503656277946,0.1135957060951936,0.1761998657903095
stress,residual_corrected_nmpc,12,alpha_corridor_violation,False,0.0745698436942463,0.0,78.0,0.0,34.0,,0.0,0.09034267912772585,-0.0077384868205278,0.024954649928887,0.4038597981810853,1.0,1.0723277043759831,0.9873133160902804,1735.942860410549,0.0874954575240354,0.1445698436942463
stress,residual_corrected_nmpc,13,success,True,0.0,0.0,0.0,0.0,,,0.0,0.1308411214953271,-0.0512509189770911,0.044097700192117,0.502395195496711,1.0,1.2006462829456708,1.1284879647047508,1454.9875102322935,0.0439735117501111,0.0635965962609516
stress,residual_corrected_nmpc,14,success,True,0.0,0.0,0.0,0.0,,,0.0,0.10903426791277258,-0.0183106006978737,0.0334655900341603,0.1550907325823249,1.5,1.2737712412059985,0.875955090285284,5033.200002175625,0.0378527352214085,0.069843090249597
stress,residual_corrected_nmpc,15,alpha_corridor_violation,False,0.03120801099496609,0.0,46.0,0.0,45.5,,0.0,0.03115264797507788,-0.011756686161604,0.0283889677763585,0.227250386030037,1.5,0.7718053707541909,1.0280508755693276,4227.261075079509,0.0556352806865616,0.101208010994966
stress,residual_corrected_nmpc,16,alpha_corridor_violation,False,0.026112642379608086,0.0,33.0,0.0,5.5,,0.0,0.0778816199376947,-0.0255770562336606,0.0532899663251659,0.622374859185464,1.0,0.9683592595680252,0.7837488005866554,-2388.0333524534763,0.0578855355925163,0.0961126423796081
stress,residual_corrected_nmpc,17,alpha_corridor_violation,False,0.10099386199955859,0.0,101.5,0.0,29.5,,0.0,0.04672897196261682,-0.0089211818594403,0.0236098896073312,0.5088030678522094,0.5,0.8755295136153882,0.601755866814456,136.40725027485112,0.110751379286762,0.1709938619995585
stress,residual_corrected_nmpc,18,alpha_corridor_violation,False,0.06676158770461396,0.0,31.0,0.0,4.0,,0.0,0.17133956386292834,-0.0513048444430008,0.0638410209869067,0.6605211926672429,0.5,1.2289362146249685,1.0901480230629623,-4094.7255962242434,0.0663002997137854,0.136761587704614
stress,residual_corrected_nmpc,19,alpha_corridor_violation,False,0.08713201855481001,0.0,86.0,0.0,41.0,,0.0,0.08411214953271028,-0.0073368380526611,0.0382016825889245,0.2764832856885641,0.5,1.1686194740754905,1.315775439579345,-4049.272466650936,0.0984704097743735,0.15713201855481
stress,residual_corrected_nmpc,20,success,True,0.0,0.0,0.0,0.0,,,0.0,0.10903426791277258,-0.069892627574243,0.0437549369283947,0.5854907118510863,1.5,0.8812884936376777,1.1159296458891712,2659.5947786226443,0.0366918409231964,0.069892627574243
stress,residual_corrected_nmpc,21,unstable_response,False,0.0526321757317825,0.0,33.5,0.0,4.5,,0.0,0.037383177570093455,-0.0307469062091564,0.0576373829883899,0.4876262972470093,1.5,1.095706586646958,1.0249693040876564,2782.028912690412,0.0546461684621896,0.1226321757317825
stress,residual_corrected_nmpc,22,unstable_response,False,0.07824196515874293,0.0,127.5,0.0,3.5,,0.0,0.009345794392523364,-0.0312744103603544,0.0624009580335831,0.1444616208536915,1.0,0.9552074929670727,0.8930510953330396,5215.6779022646915,0.1023121079496585,0.1482419651587429
stress,residual_corrected_nmpc,23,unstable_response,False,0.05823724307450648,0.0,40.0,0.0,4.0,,0.0,0.021806853582554516,-0.0305457826010633,0.0580308686241618,0.5747736721148857,1.0,1.06085834166258,1.2343940864997367,4900.988485966242,0.0669395766588141,0.1282372430745064
stress,residual_corrected_nmpc,24,unstable_response,False,0.08379911766793938,0.000727518346601605,156.0,23.5,3.5,80.0,0.0,0.009345794392523364,-0.0243785326045874,0.0631112491256571,0.3769034744880599,1.5,0.8245741425196464,0.8514195738511041,6315.351539672236,0.113494059598535,0.1537991176679393
stress,residual_corrected_nmpc,25,unstable_response,False,0.04886108363220451,0.0,101.0,0.0,5.5,,0.0,0.009345794392523364,-0.0695798389886036,0.0555396438228479,0.3706061003656484,0.5,0.8407982401158711,0.9337384378516862,6174.223173044991,0.0852017656099154,0.1188610836322045
stress,residual_corrected_nmpc,26,alpha_corridor_violation,False,0.0637607807911543,0.0,106.5,0.0,5.0,,0.0,0.04672897196261682,-0.0092831231884115,0.05233062942494,0.1988274269330684,1.5,1.2080646950938143,0.625725032661163,-6455.619350209719,0.0931625236188634,0.1337607807911542
stress,residual_corrected_nmpc,27,alpha_corridor_violation,False,0.129336756333538,0.0,110.5,0.0,25.5,,0.0,0.04672897196261682,-0.0547039990083491,0.0225765993822307,0.4954593936389574,1.0,1.0463638868028171,1.0018624335599065,-1959.08520922275,0.1317304990790226,0.199336756333538
stress,residual_corrected_nmpc,28,alpha_corridor_violation,False,0.046644161180636495,0.0,58.5,0.0,44.5,,0.0,0.16199376947040497,-0.055180638364394,0.0326818813212339,0.1398723984028653,1.0,0.9414267420532418,1.311983112619897,1166.6600286802363,0.0685194967268308,0.1166441611806365
stress,residual_corrected_nmpc,29,alpha_corridor_violation,False,0.0280258088928447,0.0,44.5,0.0,48.5,,0.0,0.09657320872274143,-0.002281682619045,0.0319315847301489,0.5872891189611414,1.0,0.7226008916475201,0.6316720031356039,3198.0334754242203,0.0534255684445606,0.0980258088928447
stress,residual_corrected_tightened_nmpc,0,alpha_corridor_violation,False,0.06486154472275463,0.0,32.5,0.0,3.0,,0.0,0.13395638629283488,-0.0044714794299471,0.0620108392561889,0.2561823986804392,1.5,0.8378955015168319,0.7897704751772718,-2194.157915767558,0.056973310168941,0.1348615447227545
stress,residual_corrected_tightened_nmpc,1,alpha_corridor_violation,False,0.012620409523288495,0.0,29.0,0.0,59.5,,0.0,0.1277258566978193,-0.0607766381344399,0.0436917841256949,0.6573352173100183,1.0,0.9303608946512464,1.229387572067434,-68.50071747811049,0.0488013785634909,0.0826204095232885
stress,residual_corrected_tightened_nmpc,2,unstable_response,False,0.011407241887874287,0.0,47.0,0.0,8.5,,0.0,0.009345794392523364,-0.0416061959979135,0.0466929678154616,0.2586107576985939,1.0,0.8866800433930975,0.7499245797839396,6107.333239994104,0.0538731412666236,0.0814072418878743
stress,residual_corrected_tightened_nmpc,3,alpha_corridor_violation,False,0.04791709584898751,0.0,27.0,0.0,4.0,,0.0,0.2398753894080997,-0.0276693019384652,0.058481109637914,0.4807149936858969,1.5,0.8400348122237011,1.098880145389692,-2492.964583448316,0.0536505104212902,0.1179170958489874
stress,residual_corrected_tightened_nmpc,4,alpha_corridor_violation,False,0.008650167953071497,0.0,24.0,0.0,61.5,,0.0,0.11214953271028037,-0.0184071039859217,0.0426613756588471,0.5166991460718621,0.5,0.8509073964985324,0.9606049484890204,821.4320826283194,0.0471259682851922,0.0786501679530715
stress,residual_corrected_tightened_nmpc,5,alpha_corridor_violation,False,0.019608306031203393,0.0,17.0,0.0,6.5,,0.0,0.12149532710280374,-0.0516032641645051,0.0515961523964891,0.3224799759664272,1.0,0.9630926665140382,1.2216221031121512,-769.1851361540372,0.0458406890146367,0.0896083060312033
stress,residual_corrected_tightened_nmpc,6,alpha_corridor_violation,False,0.1130719747174533,0.0,100.5,0.0,35.5,,0.0,0.08411214953271028,-0.020709418677945,0.0337327983510974,0.269767039893948,0.5,1.0369246295704622,1.1733945453004238,-4575.918643044272,0.1185398886942272,0.1830719747174533
stress,residual_corrected_tightened_nmpc,7,unstable_response,False,0.10179059261817988,0.0,77.5,0.0,3.0,,0.0,0.04672897196261682,-0.0285647941037199,0.0686316878038273,0.5192310882170614,0.5,1.2089415706681728,1.3554360679161346,3459.989578338532,0.0912256195460214,0.1717905926181798
stress,residual_corrected_tightened_nmpc,8,alpha_corridor_violation,False,0.07118521573909561,0.0,79.0,0.0,42.5,,0.0,0.09345794392523364,-0.0368515336355745,0.0362540513599372,0.5503909427735989,1.5,0.8335060423399854,0.930528335274128,-2133.7130355660106,0.0864590500227869,0.1411852157390955
stress,residual_corrected_tightened_nmpc,9,unstable_response,False,0.0446529055974868,0.0,30.0,0.0,4.0,,0.0,0.1059190031152648,-0.0181423580058889,0.0560685591171047,0.3503435486143336,0.5,1.281899664862359,1.032465990952283,1788.0146016570295,0.0484871161205268,0.1146529055974868
stress,residual_corrected_tightened_nmpc,10,alpha_corridor_violation,False,0.0935930625778774,0.0,100.0,0.0,44.0,,0.0,0.024922118380062305,-0.0088026866204451,0.0443293760264215,0.1126920438724139,0.5,0.8110666888451326,0.9953390168674572,-6452.231293970599,0.1090145697616021,0.1635930625778773
stress,residual_corrected_tightened_nmpc,11,alpha_corridor_violation,False,0.10619986578983209,0.0,98.5,0.0,35.0,,0.0,0.07476635514018691,-0.0048269381253235,0.0316436404411321,0.2359434754068803,1.5,0.8553067223387508,1.2051754055603177,-3289.503656277946,0.1135891673852849,0.176199865789832
stress,residual_corrected_tightened_nmpc,12,alpha_corridor_violation,False,0.07456984369269148,0.0,78.0,0.0,34.0,,0.0,0.056074766355140186,-0.0077384868205278,0.024954649928887,0.4038597981810853,1.0,1.0723277043759831,0.9873133160902804,1735.942860410549,0.0868361399420317,0.1445698436926915
stress,residual_corrected_tightened_nmpc,13,success,True,0.0,0.0,0.0,0.0,,,0.0,0.10903426791277258,-0.0512509189770911,0.044097700192117,0.502395195496711,1.0,1.2006462829456708,1.1284879647047508,1454.9875102322935,0.0392666111136579,0.0635437532036351
stress,residual_corrected_tightened_nmpc,14,success,True,0.0,0.0,0.0,0.0,,,0.0,0.14018691588785046,-0.0183106006978737,0.0334655900341603,0.1550907325823249,1.5,1.2737712412059985,0.875955090285284,5033.200002175625,0.0363045338590602,0.069815765819145
stress,residual_corrected_tightened_nmpc,15,alpha_corridor_violation,False,0.031208010993214103,0.0,46.0,0.0,45.5,,0.0,0.04672897196261682,-0.011756686161604,0.0283889677763585,0.227250386030037,1.5,0.7718053707541909,1.0280508755693276,4227.261075079509,0.0551377375571052,0.1012080109932141
stress,residual_corrected_tightened_nmpc,16,alpha_corridor_violation,False,0.026112642379601286,0.0,33.0,0.0,5.5,,0.0,0.08411214953271028,-0.0255770562336606,0.0532899663251659,0.622374859185464,1.0,0.9683592595680252,0.7837488005866554,-2388.0333524534763,0.0539656805447478,0.0961126423796013
stress,residual_corrected_tightened_nmpc,17,alpha_corridor_violation,False,0.1009938619979507,0.0,101.5,0.0,29.5,,0.0,0.04361370716510903,-0.0089211818594403,0.0236098896073312,0.5088030678522094,0.5,0.8755295136153882,0.601755866814456,136.40725027485112,0.1106408047720922,0.1709938619979506
stress,residual_corrected_tightened_nmpc,18,alpha_corridor_violation,False,0.06676158770461357,0.0,31.0,0.0,4.0,,0.0,0.19314641744548286,-0.0513048444430008,0.0638410209869067,0.6605211926672429,0.5,1.2289362146249685,1.0901480230629623,-4094.7255962242434,0.0604320690759206,0.1367615877046135
stress,residual_corrected_tightened_nmpc,19,alpha_corridor_violation,False,0.0871299989043284,0.0,86.0,0.0,41.0,,0.0,0.06542056074766354,-0.0073368380526611,0.0382016825889245,0.2764832856885641,0.5,1.1686194740754905,1.315775439579345,-4049.272466650936,0.0983621868209825,0.1571299989043283
stress,residual_corrected_tightened_nmpc,20,success,True,0.0,0.0,0.0,0.0,,,0.0,0.08099688473520249,-0.069892627574243,0.0437549369283947,0.5854907118510863,1.5,0.8812884936376777,1.1159296458891712,2659.5947786226443,0.0343908929738557,0.069892627574243
stress,residual_corrected_tightened_nmpc,21,unstable_response,False,0.05263217573178111,0.0,33.5,0.0,4.5,,0.0,0.06230529595015576,-0.0307469062091564,0.0576373829883899,0.4876262972470093,1.5,1.095706586646958,1.0249693040876564,2782.028912690412,0.0539250563132199,0.122632175731781
stress,residual_corrected_tightened_nmpc,22,unstable_response,False,0.07824196515874293,0.0,127.5,0.0,3.5,,0.0,0.009345794392523364,-0.0312744103603544,0.0624009580335831,0.1444616208536915,1.0,0.9552074929670727,0.8930510953330396,5215.6779022646915,0.1023121079496585,0.1482419651587429
stress,residual_corrected_tightened_nmpc,23,unstable_response,False,0.058237243074501094,0.0,40.0,0.0,4.0,,0.0,0.024922118380062305,-0.0305457826010633,0.0580308686241618,0.5747736721148857,1.0,1.06085834166258,1.2343940864997367,4900.988485966242,0.0665580788192174,0.1282372430745011
stress,residual_corrected_tightened_nmpc,24,unstable_response,False,0.0837991176679386,0.000727518346601494,156.0,23.5,3.5,80.0,0.0,0.009345794392523364,-0.0243785326045874,0.0631112491256571,0.3769034744880599,1.5,0.8245741425196464,0.8514195738511041,6315.351539672236,0.1134940595985344,0.1537991176679386
stress,residual_corrected_tightened_nmpc,25,unstable_response,False,0.04886108363220318,0.0,101.0,0.0,5.5,,0.0,0.009345794392523364,-0.0695798389886036,0.0555396438228479,0.3706061003656484,0.5,0.8407982401158711,0.9337384378516862,6174.223173044991,0.0852017656099141,0.1188610836322031
stress,residual_corrected_tightened_nmpc,26,alpha_corridor_violation,False,0.06376078071925301,0.0,106.5,0.0,5.0,,0.0,0.024922118380062305,-0.0092831231884115,0.05233062942494,0.1988274269330684,1.5,1.2080646950938143,0.625725032661163,-6455.619350209719,0.0931071864082827,0.1337607807192529
stress,residual_corrected_tightened_nmpc,27,alpha_corridor_violation,False,0.1293367563280296,0.0,110.5,0.0,25.5,,0.0,0.04672897196261682,-0.0547039990083491,0.0225765993822307,0.4954593936389574,1.0,1.0463638868028171,1.0018624335599065,-1959.08520922275,0.131730499064752,0.1993367563280296
stress,residual_corrected_tightened_nmpc,28,alpha_corridor_violation,False,0.046644161213301394,0.0,58.5,0.0,44.5,,0.0,0.16510903426791276,-0.055180638364394,0.0326818813212339,0.1398723984028653,1.0,0.9414267420532418,1.311983112619897,1166.6600286802363,0.0672213121599002,0.1166441612133013
stress,residual_corrected_tightened_nmpc,29,alpha_corridor_violation,False,0.028025808890566606,0.0,44.5,0.0,48.5,,0.0,0.07165109034267912,-0.002281682619045,0.0319315847301489,0.5872891189611414,1.0,0.7226008916475201,0.6316720031356039,3198.0334754242203,0.0530797293808681,0.0980258088905666
