time_s,altitude_m,velocity_mps,mach,density_kgm3,dynamic_pressure_pa,heating_proxy,alpha_ref_rad,theta_ref_rad,q_ref_radps,alpha_min_rad,alpha_max_rad,q_min_radps,q_max_radps,flap_min_rad,flap_max_rad,flap_rate_min_radps,flap_rate_max_radps,dynamic_pressure_limit_pa,heating_proxy_limit,dynamic_pressure_limit_exceeded,heating_proxy_limit_exceeded
0.0,82000.0,6200.0,21.012104371718653,4.996215512384398e-06,96.02726214802813,532715888.7548494,0.12,0.08,-1.5202636718752993e-05,0.04999999999999999,0.19,-0.08,0.08,-0.35,0.35,-0.18,0.18,8500.0,250000000.0,False,True
0.5,81998.8598022461,6199.7501458924335,21.01125760388222,4.99711390219752e-06,96.0367883497204,532699374.47973925,0.12002304098079561,0.07999239868164063,-3.0341796874999716e-05,0.0500230409807956,0.19002304098079562,-0.08,0.08,-0.35,0.35,-0.18,0.18,8500.0,250000000.0,False,True
1.0,81995.44873046875,6199.108143368448,21.00908182581111,4.999802534083551e-06,96.0685602298398,532677146.0051449,0.12009173525377229,0.079969658203125,-6.052490234374763e-05,0.05009173525377228,0.1900917352537723,-0.08,0.08,-0.35,0.35,-0.18,0.18,8500.0,250000000.0,False,True
1.5,81989.78106689453,6198.124722339112,21.005748963664374,5.004273027224553e-06,96.12395309365006,532661651.7826512,0.12020543981481481,0.07993187377929688,-9.05175781250045e-05,0.0502054398148148,0.1902054398148148,-0.08,0.08,-0.35,0.35,-0.18,0.18,8500.0,250000000.0,False,True
2.0,81981.87109375,6196.824988604601,21.00134410223131,5.010518873880362e-06,96.20356559270985,532658723.51752466,0.12036351165980795,0.079879140625,-0.00012031982421875642,0.050363511659807944,0.19036351165980797,-0.08,0.08,-0.35,0.35,-0.18,0.18,8500.0,250000000.0,False,True
2.5,81971.73309326172,6195.226102903411,20.995925400097143,5.018535407764194e-06,96.30776829967738,532672136.31094635,0.12056530778463648,0.07981155395507812,-0.00014993164062498954,0.05056530778463647,0.19056530778463648,-0.08,0.08,-0.35,0.35,-0.18,0.18,8500.0,250000000.0,False,True
3.0,81959.38134765625,6193.341204448907,20.98953738670099,5.028319775768938e-06,96.436825736233,532704622.1428331,0.12081018518518519,0.07972920898437501,-0.00017935302734374547,0.05081018518518518,0.1908101851851852,-0.08,0.08,-0.35,0.35,-0.18,0.18,8500.0,250000000.0,False,True
3.5,81944.83013916016,6191.180999058791,20.98221634458463,5.03987091292665e-06,96.59094585065694,532758280.8522225,0.12109750085733882,0.07963220092773438,-0.00020858398437501036,0.051097500857338815,0.19109750085733884,-0.08,0.08,-0.35,0.35,-0.18,0.18,8500.0,250000000.0,False,True
4.0,81928.09375,6188.754562618874,20.973993032370615,5.053189520492585e-06,96.77030507346042,532834788.52861345,0.12142661179698216,0.079520625,-0.00023762451171874255,0.05142661179698216,0.19142661179698217,-0.08,0.08,-0.35,0.35,-0.18,0.18,8500.0,250000000.0,False,True
4.5,81909.18646240234,6186.0698038826085,20.964894253212666,5.068278047054289e-06,96.97506275051083,532935517.86039495,0.121796875,0.07939457641601563,-0.00026647460937499756,0.05179687499999999,0.191796875,-0.08,0.08,-0.35,0.35,-0.18,0.18,8500.0,250000000.0,False,True
5.0,81888.12255859375,6183.133755185188,20.95494384003998,5.08514067257363e-06,97.20537020188468,533061613.9527717,0.1222076474622771,0.079254150390625,-0.0002951342773437615,0.05220764746227709,0.1922076474622771,-0.08,0.08,-0.35,0.35,-0.18,0.18,8500.0,250000000.0,False,True
5.5,81864.91632080078,6179.952766846162,20.944163314397265,5.1037832952778685e-06,97.46137677008852,533214045.1853147,0.12265828617969822,0.07909944213867187,-0.0003236035156249928,0.05265828617969821,0.1926582861796982,-0.08,0.08,-0.35,0.35,-0.18,0.18,8500.0,250000000.0,False,True
6.0,81839.58203125,6176.532643486048,20.932572348428415,5.124213521322995e-06,97.74323405265748,533393638.9887972,0.12314814814814815,0.07893054687500001,-0.0003518823242187469,0.05314814814814814,0.19314814814814815,-0.08,0.08,-0.35,0.35,-0.18,0.18,8500.0,250000000.0,False,True
6.5,81812.13397216797,6172.878743248417,20.920189101145034,5.1464406571593675e-06,98.05109897695385,533601107.9713522,0.12367659036351165,0.07874755981445312,-0.0003799707031250099,0.05367659036351165,0.19367659036351165,-0.08,0.08,-0.35,0.35,-0.18,0.18,8500.0,250000000.0,False,True
7.0,81782.58642578125,6168.996052234287,20.907030470688255,5.1704757045365825e-06,98.38513610383856,533837069.5806222,0.12424296982167352,0.078550576171875,-0.00040786865234375413,0.05424296982167351,0.19424296982167352,-0.08,0.08,-0.35,0.35,-0.18,0.18,8500.0,250000000.0,False,True
7.5,81750.9536743164,6164.88924175046,20.893112288346153,5.196331358090337e-06,98.74551939969545,534102061.2724425,0.12484664351851851,0.07833969116210937,-0.0004355761718749934,0.054846643518518506,0.19484664351851852,-0.08,0.08,-0.35,0.35,-0.18,0.18,8500.0,250000000.0,False,True
8.0,81717.25,6160.562713271744,20.878449470932924,5.224022005460469e-06,99.13243363161222,534396552.45789456,0.1254869684499314,0.078115,-0.00046309326171874166,0.055486968449931395,0.1954869684499314,-0.08,0.08,-0.35,0.35,-0.18,0.18,8500.0,250000000.0,False,True
8.5,81681.4896850586,6156.020634389981,20.86305614262193,5.253563729894771e-06,99.54607548940484,534720954.0794595,0.12616330161179698,0.07787659790039063,-0.0004904199218749988,0.05616330161179697,0.196163301611797,-0.08,0.08,-0.35,0.35,-0.18,0.18,8500.0,250000000.0,False,True
9.0,81643.68701171875,6151.266968002932,20.84694573386822,5.2849743152987175e-06,99.98665450606008,535075626.4028453,0.126875,0.077624580078125,-0.0005175561523437511,0.05687499999999998,0.196875,-0.08,0.08,-0.35,0.35,-0.18,0.18,8500.0,250000000.0,False,True
9.5,81603.85626220703,6146.305496334782,20.830131062815237,5.318273253696521e-06,100.45439382729961,535460885.43963057,0.12762142061042525,0.07735904174804688,-0.0005445019531249984,0.057621420610425245,0.19762142061042526,-0.08,0.08,-0.35,0.35,-0.18,0.18,8500.0,250000000.0,False,True
10.0,81562.01171875,6141.139840938384,20.81262440308339,5.353481755073825e-06,100.94953086698972,535877008.30125445,0.12840192043895748,0.077080078125,-0.0005712573242187546,0.05840192043895748,0.1984019204389575,-0.08,0.08,-0.35,0.35,-0.18,0.18,8500.0,250000000.0,False,True
10.5,81518.16766357422,6135.773479526905,20.794437540813334,5.390622759577298e-06,101.47231787552808,536324237.7063232,0.12921585648148148,0.07678778442382812,-0.000597822265625006,0.05921585648148148,0.1992158564814815,-0.08,0.08,-0.35,0.35,-0.18,0.18,8500.0,250000000.0,False,True
11.0,81472.33837890625,6130.2097602705635,20.7755818231183,5.429720952050817e-06,102.02302244159293,536802785.8080628,0.13006258573388202,0.076482255859375,-0.0006241967773437523,0.06006258573388201,0.20006258573388203,-0.08,0.08,-0.35,0.35,-0.18,0.18,8500.0,250000000.0,False,True
11.5,81424.53814697266,6124.451914042717,20.75606819958672,5.470802778892512e-06,102.60192794281308,537312837.4693285,0.1309414651920439,0.07616358764648437,-0.0006503808593749938,0.06094146519204388,0.2009414651920439,-0.08,0.08,-0.35,0.35,-0.18,0.18,8500.0,250000000.0,False,True
12.0,81374.78125,6118.5030649893715,20.735907258102767,5.5138964672213355e-06,103.20933395739617,537854553.0838448,0.13185185185185186,0.075831875,-0.0006763745117187442,0.06185185185185185,0.20185185185185187,-0.08,0.08,-0.35,0.35,-0.18,0.18,8500.0,250000000.0,False,True
12.5,81323.08197021484,6112.36623971472,20.715109255976643,5.559032046345558e-06,103.84555664613512,538428071.021068,0.13279310270919067,0.07548721313476563,-0.0007021777343750035,0.06279310270919067,0.20279310270919068,-0.08,0.08,-0.35,0.35,-0.18,0.18,8500.0,250000000.0,False,True
13.0,81269.45458984375,6106.044375314271,20.693684147169208,5.606241371530204e-06,104.51092911226299,539033509.7561152,0.13376457475994513,0.075129697265625,-0.000727790527343744,0.06376457475994513,0.20376457475994514,-0.08,0.08,-0.35,0.35,-0.18,0.18,8500.0,250000000.0,False,True
13.5,81213.91339111328,6099.540326440656,20.671641606238378,5.655558150063726e-06,105.20580174512072,539670969.7340108,0.134765625,0.07475942260742188,-0.0007532128906250074,0.064765625,0.204765625,-0.08,0.08,-0.35,0.35,-0.18,0.18,8500.0,250000000.0,False,True
14.0,81156.47265625,6092.856871551574,20.64899104951369,5.707017969628437e-06,105.93054255246136,540340535.0081594,0.13579561042524005,0.074376484375,-0.0007784448242187519,0.06579561042524004,0.20579561042524006,-0.08,0.08,-0.35,0.35,-0.18,0.18,8500.0,250000000.0,False,True
14.5,81097.14666748047,6085.996718461531,20.625741653911437,5.760658328982579e-06,106.68553748531284,541042274.6856389,0.13685388803155007,0.07398097778320313,-0.0008034863281249915,0.06685388803155007,0.20685388803155008,-0.08,0.08,-0.35,0.35,-0.18,0.18,8500.0,250000000.0,False,True
15.0,81035.94970703125,6078.962509297259,20.60190237372883,5.816518670965794e-06,107.47119075862324,541776244.2061815,0.13793981481481482,0.073572998046875,-0.000828337402343754,0.06793981481481481,0.20793981481481483,-0.08,0.08,-0.35,0.35,-0.18,0.18,8500.0,250000000.0,False,True
15.5,80972.8960571289,6071.756824939426,20.577481955697145,5.874640417842824e-06,108.28792517034621,542542486.4771249,0.13905274777091908,0.07315264038085938,-0.0008529980468749976,0.06905274777091908,0.2090527477709191,-0.08,0.08,-0.35,0.35,-0.18,0.18,8500.0,250000000.0,False,True
16.0,80908.0,6064.382189019411,20.552488952527018,5.935067009004215e-06,109.13618242118898,543341032.8829888,0.1401920438957476,0.07272,-0.0008774682617187501,0.0701920438957476,0.2101920438957476,-0.08,0.08,-0.35,0.35,-0.18,0.18,8500.0,250000000.0,False,True
16.5,80841.2758178711,6056.841071528806,20.526931735141215,5.99784394104553e-06,110.01642343687325,544171904.1853456,0.14135706018518518,0.07227517211914063,-0.0009017480468750116,0.07135706018518517,0.21135706018518519,-0.08,0.08,-0.35,0.35,-0.18,0.18,8500.0,250000000.0,False,True
17.0,80772.73779296875,6049.1358920902585,20.500818503759668,6.063018810250387e-06,110.92912869447922,545035111.3262795,0.1425471536351166,0.071818251953125,-0.0009258374023437543,0.0725471536351166,0.21254715363511661,-0.08,0.08,-0.35,0.35,-0.18,0.18,8500.0,250000000.0,False,True
17.5,80702.40020751953,6041.269022930859,20.47415729797645,6.1306413575054265e-06,111.87479855419609,545930656.1467327,0.1437616812414266,0.07134933471679687,-0.0009497363281249921,0.0737616812414266,0.2137616812414266,-0.08,0.08,-0.35,0.35,-0.18,0.18,8500.0,250000000.0,False,True
18.0,80630.27734375,6033.242791593229,20.44695600594777,6.200763515678852e-06,112.85395359761522,546858532.0294335,0.145,0.070868515625,-0.0009734448242187527,0.07499999999999998,0.215,-0.08,0.08,-0.35,0.35,-0.18,0.18,8500.0,250000000.0,False,True
18.5,80556.38348388672,6025.059483414375,20.419222372792923,6.27343945949679e-06,113.86713497352994,547818724.4747204,0.14626146690672154,0.07037588989257812,-0.0009969628906250083,0.07626146690672153,0.21626146690672154,-0.08,0.08,-0.35,0.35,-0.18,0.18,8500.0,250000000.0,False,True
19.0,80480.73291015625,6016.721343798232,20.39096400829609,6.348725657955348e-06,114.91490475208458,548811211.6164829,0.147545438957476,0.069871552734375,-0.0010202905273437451,0.07754543895747598,0.217545438957476,-0.08,0.08,-0.35,0.35,-0.18,0.18,8500.0,250000000.0,False,True
19.5,80403.33990478516,6008.230580304267,20.362188393984678,6.426680929308802e-06,115.99784628799257,549835964.6844631,0.14885127314814814,0.06935559936523437,-0.001043427734374991,0.07885127314814813,0.21885127314814815,-0.08,0.08,-0.35,0.35,-0.18,0.18,8500.0,250000000.0,False,True
20.0,80324.21875,5999.589364571574,20.332902889650182,6.507366498677634e-06,117.11656459345757,550892948.4183799,0.1501783264746228,0.068828125,-0.0010663745117187456,0.08017832647462278,0.2201783264746228,-0.08,0.08,-0.35,0.35,-0.18,0.18,8500.0,250000000.0,False,True
20.5,80243.38372802734,5990.799834095381,20.303114739368862,6.590846058322763e-06,118.27168672134452,551982121.438645,0.15152595593278462,0.06828922485351563,-0.0010891308593749954,0.08152595593278461,0.22152595593278462,-0.08,0.08,-0.35,0.35,-0.18,0.18,8500.0,250000000.0,False,True
21.0,80160.84912109375,5981.864093870782,20.27283107707244,6.677185830635653e-06,119.46386215908987,553103436.5778794,0.1528935185185185,0.06773899414062501,-0.0011116967773437542,0.0828935185185185,0.22289351851851852,-0.08,0.08,-0.35,0.35,-0.18,0.18,8500.0,250000000.0,False,True
21.5,80076.62921142578,5972.78421791668,20.242058931712783,6.766454633896623e-06,120.69376323377728,554256841.1769305,0.15428037122770918,0.06717752807617187,-0.001134072265625008,0.08428037122770918,0.2242803712277092,-0.08,0.08,-0.35,0.35,-0.18,0.18,8500.0,250000000.0,False,True
22.0,79990.73828125,5963.562250691366,20.210805232059418,6.858723950856355e-06,121.96208552875365,555442277.3486611,0.15568587105624143,0.066604921875,-0.001156257324218743,0.08568587105624142,0.22568587105624144,-0.08,0.08,-0.35,0.35,-0.18,0.18,8500.0,250000000.0,False,True
22.5,79903.19061279297,5954.200208409866,20.179076811164045,6.954068000199024e-06,123.26954831212835,556659682.2124358,0.157109375,0.06602127075195313,-0.0011782519531250008,0.08710937499999999,0.227109375,-0.08,0.08,-0.35,0.35,-0.18,0.18,8500.0,250000000.0,False,True
23.0,79814.00048828125,5944.700080271976,20.146880410522424,7.052563810947668e-06,124.61689497745068,557908988.1018873,0.15855024005486967,0.065426669921875,-0.0012000561523437536,0.08855024005486967,0.22855024005486968,-0.08,0.08,-0.35,0.35,-0.18,0.18,8500.0,250000000.0,False,True
23.5,79723.1821899414,5935.063829608949,20.11422268396056,7.154291299875744e-06,126.00489349683775,559190122.7482836,0.16000782321673526,0.06482121459960938,-0.0012216699218750016,0.09000782321673526,0.23000782321673527,-0.08,0.08,-0.35,0.35,-0.18,0.18,8500.0,250000000.0,False,True
24.0,79630.75,5925.293394955936,20.08111020126924,7.259333351991131e-06,127.43433688679012,560503009.4415747,0.16148148148148148,0.064205,-0.0012430932617187584,0.09148148148148147,0.23148148148148148,-0.08,0.08,-0.35,0.35,-0.18,0.18,8500.0,250000000.0,False,True
24.5,79536.7182006836,5915.390691056471,20.047549451608308,7.367775904162284e-06,128.90604368691706,561847567.1709876,0.16297057184499314,0.06357812133789062,-0.0012643261718749965,0.09297057184499313,0.23297057184499315,-0.08,0.08,-0.35,0.35,-0.18,0.18,8500.0,250000000.0,False,True
25.0,79441.10107421875,5905.35760980471,20.01354684669993,7.479708031958138e-06,130.42085845175828,563223710.7468411,0.164474451303155,0.062940673828125,-0.0012853686523437435,0.09447445130315499,0.234474451303155,-0.08,0.08,-0.35,0.35,-0.18,0.18,8500.0,250000000.0,False,True
25.5,79343.91290283203,5895.1960211304795,19.97910872382809,7.595222039776897e-06,131.97965225588123,564631350.9051106,0.16599247685185187,0.062292752685546876,-0.0013062207031249995,0.09599247685185186,0.23599247685185187,-0.08,0.08,-0.35,0.35,-0.18,0.18,8500.0,250000000.0,False,True
26.0,79245.16796875,5884.907773831726,19.944241348659794,7.714413554341325e-06,133.58332321241127,566070394.396116,0.16752400548696844,0.061634453125,-0.0013268823242187505,0.09752400548696843,0.23752400548696845,-0.08,0.08,-0.35,0.35,-0.18,0.18,8500.0,250000000.0,False,True
26.5,79144.88055419922,5874.494696358492,19.908950917901986,7.837381621640567e-06,135.23279700512944,567540744.0585777,0.16906839420438957,0.060965870361328126,-0.0013473535156250036,0.09906839420438956,0.23906839420438958,-0.08,0.08,-0.35,0.35,-0.18,0.18,8500.0,250000000.0,False,True
27.0,79043.06494140625,5863.958597552136,19.87324356180684,7.9642288074017e-06,136.92902743426504,569042298.8801781,0.170625,0.060287099609375,-0.0013676342773437516,0.10062499999999999,0.240625,-0.08,0.08,-0.35,0.35,-0.18,0.18,8500.0,250000000.0,False,True
27.5,78939.73541259766,5853.301267343199,19.837125346536833,8.09506130117685e-06,138.67299697609448,570574954.0456773,0.1721931798696845,0.059598236083984374,-0.0013877246093749948,0.10219317986968449,0.2421931798696845,-0.08,0.08,-0.35,0.35,-0.18,0.18,8500.0,250000000.0,False,True
28.0,78834.90625,5842.524477410941,19.800602276399946,8.229989024133897e-06,140.46571735643462,572138600.9735093,0.17377229080932782,0.058899375000000004,-0.001407624511718747,0.10377229080932782,0.24377229080932783,-0.08,0.08,-0.35,0.35,-0.18,0.18,8500.0,250000000.0,False,True
28.5,78728.59173583984,5831.629981807371,19.763680295964555,8.36912574064229e-06,142.30823013812122,573733127.341752,0.17536168981481481,0.05819061157226563,-0.001427333984375001,0.10536168981481481,0.24536168981481482,-0.08,0.08,-0.35,0.35,-0.18,0.18,8500.0,250000000.0,False,True
29.0,78620.80615234375,5820.619517548277,19.726365292062432,8.512589173747319e-06,144.20160732253274,575358417.1042494,0.17696073388203018,0.057472041015625,-0.0014468530273437502,0.10696073388203017,0.2469607338820302,-0.08,0.08,-0.35,0.35,-0.18,0.18,8500.0,250000000.0,False,True
29.5,78511.56378173828,5809.494805173575,19.68866309568782,8.660501124629396e-06,146.14695196521996,577014350.4976319,0.17856878000685872,0.05674375854492188,-0.0014661816406250014,0.10856878000685871,0.24856878000685872,-0.08,0.08,-0.35,0.35,-0.18,0.18,8500.0,250000000.0,False,True
30.0,78400.87890625,5798.257549279098,19.65057948379968,8.812987596147219e-06,148.14539880568097,578700804.039911,0.1801851851851852,0.056005859375,-0.0014853198242187476,0.11018518518518519,0.2501851851851852,-0.08,0.08,-0.35,0.35,-0.18,0.18,8500.0,250000000.0,False,True
30.5,78288.76580810547,5786.909439021749,19.61212018103368,8.970178920566406e-06,150.19811491131168,580417650.5212733,0.18180930641289436,0.05525843872070313,-0.0015042675781250028,0.11180930641289435,0.25180930641289434,-0.08,0.08,-0.35,0.35,-0.18,0.18,8500.0,250000000.0,False,True
31.0,78175.23876953125,5775.452148599784,19.573290861329905,9.132209891577499e-06,152.3063003355444,582164758.987653,0.1834405006858711,0.054501591796875,-0.001523024902343753,0.11344050068587108,0.2534405006858711,-0.08,0.08,-0.35,0.35,-0.18,0.18,8500.0,250000000.0,False,True
31.5,78060.3120727539,5763.887337709867,19.534097149481823,9.29921990071021e-06,154.47118879017972,583941994.7176311,0.185078125,0.053735413818359376,-0.0015415917968750054,0.115078125,0.25507812500000004,-0.08,0.08,-0.35,0.35,-0.18,0.18,8500.0,250000000.0,False,True
32.0,77944.0,5752.216651982374,19.494544622611564,9.471353078252605e-06,156.69404833189384,585749219.1931497,0.186721536351166,0.05295999999999999,-0.0015599682617187527,0.116721536351166,0.256721536351166,-0.08,0.08,-0.35,0.35,-0.18,0.18,8500.0,250000000.0,False,True
32.5,77826.3168334961,5740.441723396339,19.45463881157619,9.648758438787163e-06,158.97618206290042,587586290.064529,0.18837009173525376,0.05217544555664062,-0.0015781542968749881,0.11837009173525376,0.25837009173525377,-0.08,0.08,-0.35,0.35,-0.18,0.18,8500.0,250000000.0,False,True
33.0,77707.27685546875,5728.564170675286,19.414385202309198,9.831590031457076e-06,161.3189288457153,589453061.110202,0.19002314814814816,0.051381845703125005,-0.0015961499023437464,0.12002314814814816,0.2600231481481482,-0.08,0.08,-0.35,0.35,-0.18,0.18,8500.0,250000000.0,False,True
33.5,77586.89434814453,5716.5855996651535,19.373789237101303,1.0020007095079482e-05,163.7236640319741,591349382.191602,0.1916800625857339,0.05057929565429688,-0.0016139550781249998,0.12168006258573388,0.2616800625857339,-0.08,0.08,-0.35,0.35,-0.18,0.18,8500.0,250000000.0,False,True
34.0,77465.18359375,5704.507603695355,19.33285631582411,1.0214174218223883e-05,166.1918002052219,593275099.2035711,0.19334019204389574,0.049767890625000005,-0.001631569824218762,0.12334019204389574,0.26334019204389575,-0.08,0.08,-0.35,0.35,-0.18,0.18,8500.0,250000000.0,False,True
34.5,77342.15887451172,5692.331763924001,19.291591797100075,1.0414261504376434e-05,168.7247879375834,595230054.0206609,0.19500289351851852,0.048947725830078115,-0.0016489941406250055,0.1250028935185185,0.2650028935185185,-0.08,0.08,-0.35,0.35,-0.18,0.18,8500.0,250000000.0,False,True
35.0,77217.83447265625,5680.059649668205,19.25000099942194,1.0620444742313142e-05,171.32411656020474,597214084.4396693,0.19666752400548698,0.048118896484375,-0.0016662280273437372,0.12666752400548698,0.266667524005487,-0.08,0.08,-0.35,0.35,-0.18,0.18,8500.0,250000000.0,False,True
35.5,77092.22467041016,5667.692818720325,19.20808920222448,1.0832905581806638e-05,173.9913149473335,599227024.1187315,0.19833344050068585,0.04728149780273438,-0.0016832714843749985,0.12833344050068585,0.26833344050068586,-0.08,0.08,-0.35,0.35,-0.18,0.18,8500.0,250000000.0,False,True
36.0,76965.34375,5655.232817650954,19.165861646911356,1.1051831714793716e-05,176.72795231389205,601268702.5132824,0.2,0.046435625,-0.001700124511718755,0.13,0.27,-0.08,0.08,-0.35,0.35,-0.18,0.18,8500.0,250000000.0,False,True
36.5,76837.20599365234,5642.681182099389,19.123323537839543,1.1277417062132258e-05,179.53563902637077,603338944.8091776,0.2016665594993141,0.04558137329101562,-0.0017167871093750064,0.1316665594993141,0.2716665594993141,-0.08,0.08,-0.35,0.35,-0.18,0.18,8500.0,250000000.0,False,True
37.0,76707.82568359375,5630.039437052273,19.080480043263627,1.1509861966078007e-05,182.4160274268472,605437571.8532473,0.20333247599451304,0.044718837890624995,-0.001733259277343746,0.13333247599451303,0.27333247599451305,-0.08,0.08,-0.35,0.35,-0.18,0.18,8500.0,250000000.0,False,True
37.5,76577.21710205078,5617.309097111061,19.037336296242305,1.1749373388613857e-05,185.3708126699236,607564400.081566,0.2049971064814815,0.04384811401367188,-0.0017495410156249946,0.1349971064814815,0.2749971064814815,-0.08,0.08,-0.35,0.35,-0.18,0.18,8500.0,250000000.0,False,True
38.0,76445.39453125,5604.4916667489015,18.99389739550893,1.1996165115764816e-05,188.40173357233184,609719241.4456676,0.20665980795610428,0.042969296875,-0.0017656323242187522,0.13665980795610427,0.2766598079561043,-0.08,0.08,-0.35,0.35,-0.18,0.18,8500.0,250000000.0,False,True
38.5,76312.37225341797,5591.588640557487,18.950168406308123,1.2250457968034602e-05,191.510573474955,611901903.3369777,0.20831993741426613,0.042082481689453125,-0.0017815332031249978,0.13831993741426613,0.27831993741426614,-0.08,0.08,-0.35,0.35,-0.18,0.18,8500.0,250000000.0,False,True
39.0,76178.16455078125,5578.601503484431,18.90615436120024,1.2512480017099689e-05,194.69916111696458,614112188.5096799,0.20997685185185183,0.041187763671875,-0.0017972436523437524,0.13997685185185182,0.27997685185185184,-0.08,0.08,-0.35,0.35,-0.18,0.18,8500.0,250000000.0,False,True
39.5,76042.7857055664,5565.531731061606,18.861860260835236,1.278246680889886e-05,197.96937152176073,616349895.002248,0.21162990826474626,0.04028523803710937,-0.001812763671875002,0.14162990826474625,0.28162990826474626,-0.08,0.08,-0.35,0.35,-0.18,0.18,8500.0,250000000.0,False,True
40.0,75906.25,5552.380789624953,18.817291074697604,1.3060661593256721e-05,201.32312689437006,618614816.0578703,0.21327846364883404,0.039375,-0.0018280932617187468,0.14327846364883404,0.283278463648834,-0.08,0.08,-0.35,0.35,-0.18,0.18,8500.0,250000000.0,False,True
40.5,75768.5717163086,5539.150136526166,18.77245174182378,1.3347315560180272e-05,204.76239752991876,620906740.0439653,0.214921875,0.038457144775390625,-0.0018432324218749935,0.144921875,0.284921875,-0.08,0.08,-0.35,0.35,-0.18,0.18,8500.0,250000000.0,False,True
41.0,75629.76513671875,5525.841220336646,18.727347171493353,1.3642688082968987e-05,208.28920273278257,623225450.3710105,0.21655949931412896,0.03753176757812501,-0.001858181152343763,0.14655949931412895,0.28655949931412894,-0.08,0.08,-0.35,0.35,-0.18,0.18,8500.0,250000000.0,False,True
41.5,75489.84454345703,5512.455481044132,18.68198224389546,1.394704696827801e-05,211.90561174596334,625570725.4108711,0.21819069358710566,0.03659896362304686,-0.0018729394531250138,0.14819069358710565,0.2881906935871057,-0.08,0.08,-0.35,0.35,-0.18,0.18,8500.0,250000000.0,False,True
42.0,75348.82421875,5498.99435024233,18.63636181077146,1.4260668713275447e-05,215.61374469022599,627942338.4148316,0.21981481481481485,0.03565882812499999,-0.0018875073242187387,0.14981481481481485,0.28981481481481486,-0.08,0.08,-0.35,0.35,-0.18,0.18,8500.0,250000000.0,False,True
42.5,75206.71844482422,5485.459251313897,18.590490696035044,1.4583838770033673e-05,219.41577351248043,630340057.4315186,0.2214312199931413,0.034711456298828124,-0.0019018847656249865,0.1514312199931413,0.2914312199931413,-0.08,0.08,-0.35,0.35,-0.18,0.18,8500.0,250000000.0,False,True
43.0,75063.54150390625,5471.851599607084,18.544373696370922,1.4916851817295073e-05,223.31392294286903,632763645.2249067,0.22303926611796981,0.033756943359375007,-0.0019160717773437363,0.1530392661179698,0.2930392661179698,-0.08,0.08,-0.35,0.35,-0.18,0.18,8500.0,250000000.0,False,True
43.5,74919.30767822266,5458.172802606335,18.49801558181297,1.526001203975086e-05,227.31047145996456,635212859.1925781,0.2246383101851852,0.03279538452148439,-0.001930068359375016,0.1546383101851852,0.2946383101851852,-0.08,0.08,-0.35,0.35,-0.18,0.18,8500.0,250000000.0,False,True
44.0,74774.03125,5444.424260097118,18.451421096302866,1.561363341497203e-05,231.4077522634643,637687451.2844279,0.22622770919067217,0.03182687499999999,-0.0019438745117187697,0.15622770919067216,0.2962277091906722,-0.08,0.08,-0.35,0.35,-0.18,0.18,8500.0,250000000.0,False,True
44.5,74627.72650146484,5430.607364325257,18.40459495823004,1.5978040008129258e-05,235.60815425370848,640187167.9219868,0.2278068201303155,0.030851510009765618,-0.001957490234374991,0.1578068201303155,0.2978068201303155,-0.08,0.08,-0.35,0.35,-0.18,0.18,8500.0,250000000.0,False,True
45.0,74480.40771484375,5416.723500150996,18.35754186095386,1.6353566274637374e-05,239.9141230173175,642711749.9185339,0.22937500000000002,0.029869384765625,-0.001970915527343728,0.15937500000000002,0.29937500000000006,-0.08,0.08,-0.35,0.35,-0.18,0.18,8500.0,250000000.0,False,True
45.5,74332.08917236328,5402.774045198055,18.310266473308733,1.6740557370858024e-05,244.32816181819152,645260932.400171,0.23093160579561045,0.02888059448242189,-0.0019841503906249877,0.16093160579561044,0.30093160579561046,-0.08,0.08,-0.35,0.35,-0.18,0.18,8500.0,250000000.0,False,True
46.0,74182.78515625,5388.760369997873,18.26277344009299,1.713936947299191e-05,248.8528325930774,647834444.7280303,0.23247599451303155,0.027885234375000012,-0.0019971948242187704,0.16247599451303155,0.30247599451303153,-0.08,0.08,-0.35,0.35,-0.18,0.18,8500.0,250000000.0,False,True
46.5,74032.50994873047,5374.683838129254,18.215067382542145,1.75503701042891e-05,253.4907569508525,650432010.4217771,0.23400752314814816,0.02688339965820312,-0.0020100488281250273,0.16400752314814815,0.30400752314814816,-0.08,0.08,-0.35,0.35,-0.18,0.18,8500.0,250000000.0,False,True
47.0,73881.27783203125,5360.54580635363,18.16715289878729,1.797393847070313e-05,258.244617174635,653053347.084582,0.235525548696845,0.025875185546874985,-0.0020227124023437446,0.165525548696845,0.305525548696845,-0.08,0.08,-0.35,0.35,-0.18,0.18,8500.0,250000000.0,False,True
47.5,73729.1030883789,5346.3476247460985,18.119034564299216,1.8410465805110312e-05,263.11715722576633,655698166.3297123,0.23702942815500688,0.024860687255859375,-0.0020351855468749847,0.16702942815500688,0.3070294281550069,-0.08,0.08,-0.35,0.35,-0.18,0.18,8500.0,250000000.0,False,True
48.0,73576.0,5332.090636822434,18.070716932318835,1.8860355720212545e-05,268.111183748674,658366173.7089179,0.23851851851851852,0.02384,-0.0020474682617187406,0.1685185185185185,0.3085185185185185,-0.08,0.08,-0.35,0.35,-0.18,0.18,8500.0,250000000.0,False,True
48.5,73421.9828491211,5317.776179662232,18.022204534274533,1.9324024570236762e-05,273.22956707556165,661057068.642768,0.23999217678326476,0.022813218994140634,-0.0020595605468750125,0.16999217678326475,0.30999217678326474,-0.08,0.08,-0.35,0.35,-0.18,0.18,8500.0,250000000.0,False,True
49.0,73267.06591796875,5303.405584028344,17.973501880186948,1.980190182153877e-05,278.4752422298098,663770544.3530927,0.24144975994513035,0.021780439453124988,-0.0020714624023437656,0.17144975994513034,0.31144975994513036,-0.08,0.08,-0.35,0.35,-0.18,0.18,8500.0,250000000.0,False,True
49.5,73111.26348876953,5288.980174482759,17.92461345906169,2.0294430432214555e-05,283.851209926932,666506287.7976958,0.24289062500000003,0.02074175659179687,-0.002083173828124986,0.17289062500000002,0.31289062500000003,-0.08,0.08,-0.35,0.35,-0.18,0.18,8500.0,250000000.0,False,True
50.0,72954.58984375,5274.501269499071,17.875543739270487,2.0802067240814792e-05,289.3605375718535,669263979.6074901,0.2443141289437586,0.019697265625,-0.002094694824218736,0.17431412894375858,0.3143141289437586,-0.08,0.08,-0.35,0.35,-0.18,0.18,8500.0,250000000.0,False,True
50.5,72797.05926513672,5259.970181571663,17.82629716892124,2.1325283364252398e-05,295.0063602512338,672043294.0262175,0.2457196287722908,0.018647061767578132,-0.002106025390624995,0.1757196287722908,0.3157196287722908,-0.08,0.08,-0.35,0.35,-0.18,0.18,8500.0,250000000.0,False,True
51.0,72638.68603515625,5245.388217321746,17.776878176217384,2.186456460498453e-05,300.7918817194784,674843898.8529015,0.24710648148148148,0.017591240234375007,-0.00211716552734377,0.17710648148148148,0.31710648148148146,-0.08,0.08,-0.35,0.35,-0.18,0.18,8500.0,250000000.0,False,True
51.5,72479.48443603516,5230.756677600381,17.72729116980702,2.2420411867542918e-05,306.7203753770353,677665455.3871931,0.2484740440672154,0.016529896240234362,-0.0021281152343750123,0.1784740440672154,0.3184740440672154,-0.08,0.08,-0.35,0.35,-0.18,0.18,8500.0,250000000.0,False,True
52.0,72319.46875,5216.076857588573,17.677540539122155,2.2993341584477255e-05,312.79518523949486,680507618.3777579,0.24982167352537724,0.015463124999999994,-0.0021388745117187358,0.17982167352537723,0.31982167352537727,-0.08,0.08,-0.35,0.35,-0.18,0.18,8500.0,250000000.0,False,True
52.5,72158.65325927734,5201.350046894582,17.627630654708497,2.3583886151766726e-05,319.0197268959546,683370035.9738644,0.25114872685185186,0.014391021728515627,-0.002149443359375003,0.18114872685185185,0.32114872685185186,-0.08,0.08,-0.35,0.35,-0.18,0.18,8500.0,250000000.0,False,True
53.0,71997.05224609375,5186.577529648537,17.577565868546092,2.4192594373743977e-05,325.3974884550308,686252349.680314,0.252454561042524,0.013313681640624991,-0.0021598217773437373,0.182454561042524,0.322454561042524,-0.08,0.08,-0.35,0.35,-0.18,0.18,8500.0,250000000.0,False,True
53.5,71834.67999267578,5171.76058459446,17.527350514361206,2.4820031917565263e-05,331.93203147684284,689154194.3158759,0.25373853309327843,0.01223119995117189,-0.0021700097656250084,0.18373853309327842,0.32373853309327844,-0.08,0.08,-0.35,0.35,-0.18,0.18,8500.0,250000000.0,False,True
54.0,71671.55078125,5156.900485179787,17.47698890792972,2.546678177724756e-05,338.62699188921204,692075197.9753628,0.255,0.011143671874999983,-0.0021800073242187745,0.185,0.325,-0.08,0.08,-0.35,0.35,-0.18,0.18,8500.0,250000000.0,False,True
54.5,71507.67889404297,5141.998499642501,17.426485347372413,2.613344474728089e-05,345.48608088625264,695014981.9955101,0.2562383187585734,0.010051192626953115,-0.0021898144531249802,0.18623831875857338,0.3262383187585734,-0.08,0.08,-0.35,0.35,-0.18,0.18,8500.0,250000000.0,False,True
55.0,71343.07861328125,5127.055891095932,17.375844113442373,2.682063990580975e-05,352.5130858074521,697973160.9247915,0.2574528463648834,0.008953857421875003,-0.0021994311523437365,0.1874528463648834,0.3274528463648834,-0.08,0.08,-0.35,0.35,-0.18,0.18,8500.0,250000000.0,False,True
55.5,71177.7642211914,5112.073917611333,17.325069469804838,2.7529005107363307e-05,359.71187099527396,700949342.49733,0.25864293981481484,0.007851761474609378,-0.002208857421874988,0.18864293981481484,0.32864293981481485,-0.08,0.08,-0.35,0.35,-0.18,0.18,8500.0,250000000.0,False,True
56.0,71011.75,5097.053832298304,17.27416566330976,2.8259197485096694e-05,367.08637862922205,703943127.6110388,0.2598079561042524,0.006745000000000015,-0.002218093261718762,0.18980795610425238,0.3298079561042524,-0.08,0.08,-0.35,0.35,-0.18,0.18,8500.0,250000000.0,False,True
56.5,70845.0502319336,5081.996883383135,17.223136924257314,2.9011893962490135e-05,374.6406295342459,706954110.3101445,0.260947252229081,0.005633668212890616,-0.0022271386718750175,0.190947252229081,0.330947252229081,-0.08,0.08,-0.35,0.35,-0.18,0.18,8500.0,250000000.0,False,True
57.0,70677.67919921875,5066.904314285146,17.171987466656617,2.978779177443323e-05,382.37872396127176,709981877.7722219,0.2620601851851852,0.004517861328124997,-0.00223599365234374,0.1920601851851852,0.3320601851851852,-0.08,0.08,-0.35,0.35,-0.18,0.18,8500.0,250000000.0,False,True
57.5,70509.65118408203,5051.777363691093,17.120721488477898,3.0587608997603964e-05,390.3048423375877,713026010.2999012,0.26314611196844995,0.003397674560546876,-0.0022446582031249857,0.19314611196844994,0.33314611196844995,-0.08,0.08,-0.35,0.35,-0.18,0.18,8500.0,250000000.0,False,True
58.0,70340.98046875,5036.617265627709,17.06934317189833,3.141208509002913e-05,398.42324598469344,716086081.3173624,0.26420438957475995,0.0022732031250000118,-0.00225313232421874,0.19420438957475994,0.33420438957475995,-0.08,0.08,-0.35,0.35,-0.18,0.18,8500.0,250000000.0,False,True
58.5,70171.68133544922,5021.425249532426,17.01785668354173,3.22619814396938e-05,406.73827780118523,719161657.3717694,0.265234375,0.001144542236328136,-0.0022614160156250174,0.19523437500000002,0.33523437500000003,-0.08,0.08,-0.35,0.35,-0.18,0.18,8500.0,250000000.0,False,True
59.0,70001.76806640625,5006.2025403223815,16.966266174712413,3.313808192204264e-05,415.25436290813855,722252298.1397796,0.26623542524005483,1.1787109374994387e-05,-0.002269509277343776,0.19623542524005483,0.33623542524005484,-0.08,0.08,-0.35,0.35,-0.18,0.18,8500.0,250000000.0,False,True
59.5,69831.25494384766,4990.950358461709,16.914575781623235,3.4041193466191785e-05,423.9760092543678,725357556.4392451,0.2672068972908094,-0.0011249670410156398,-0.0022774121093750016,0.19720689729080937,0.3372068972908094,-0.08,0.08,-0.35,0.35,-0.18,0.18,8500.0,250000000.0,False,True
60.0,69660.15625,4975.6699200272205,16.86278962561822,3.4972146629645806e-05,432.9078081788881,728476978.2462633,0.26814814814814814,-0.002265625000000007,-0.0022851245117187363,0.19814814814814813,0.33814814814814814,-0.08,0.08,-0.35,0.35,-0.18,0.18,8500.0,250000000.0,False,True
60.5,69488.48626708984,4960.362436772506,16.81091181338977,3.593179618128414e-05,442.0544349277697,731610102.717673,0.2690585348079561,-0.003410091552734376,-0.00229264648437498,0.1990585348079561,0.3390585348079561,-0.08,0.08,-0.35,0.35,-0.18,0.18,8500.0,250000000.0,False,True
61.0,69316.25927734375,4945.029116190508,16.758946437190744,3.6921021692356876e-05,451.42064912255654,734756462.2191525,0.26993741426611795,-0.004558271484374987,-0.0022999780273437603,0.19993741426611794,0.33993741426611795,-0.08,0.08,-0.35,0.35,-0.18,0.18,8500.0,250000000.0,False,True
61.5,69143.48956298828,4929.67116157462,16.706897575041523,3.794072813519534e-05,461.0112951772715,737915582.3590155,0.27078414351851854,-0.0057100695800781365,-0.002307119140625022,0.20078414351851853,0.34078414351851855,-0.08,0.08,-0.35,0.35,-0.18,0.18,8500.0,250000000.0,False,True
62.0,68970.19140625,4914.289772078365,16.654769290932272,3.899184648931545e-05,470.83130266100625,741086982.0278496,0.27159807956104254,-0.006865390625000009,-0.002314069824218737,0.20159807956104253,0.34159807956104254,-0.08,0.08,-0.35,0.35,-0.18,0.18,8500.0,250000000.0,False,True
62.5,68796.37908935547,4898.886142773685,16.602565635020465,4.0075334354554993e-05,480.88568660296164,744270173.4440897,0.27237857938957477,-0.008024139404296873,-0.0023208300781249885,0.20237857938957476,0.3423785793895748,-0.08,0.08,-0.35,0.35,-0.18,0.18,8500.0,250000000.0,False,True
63.0,68622.06689453125,4883.461464707889,16.550290643823907,4.119217657085462e-05,491.17954773676496,747464662.2056623,0.27312500000000006,-0.009186220703124998,-0.002327399902343749,0.20312500000000006,0.34312500000000007,-0.08,0.08,-0.35,0.35,-0.18,0.18,8500.0,250000000.0,False,True
63.5,68447.2691040039,4868.0169249593155,16.497948340409362,4.2343385844251966e-05,501.71807268076566,750669947.3477895,0.273836698388203,-0.010351539306640622,-0.0023337792968750326,0.203836698388203,0.343836698388203,-0.08,0.08,-0.35,0.35,-0.18,0.18,8500.0,250000000.0,False,True
64.0,68272.0,4852.553706691728,16.445542734576904,4.353000337862516e-05,512.5065340509829,753885521.4070826,0.2745130315500686,-0.01152000000000003,-0.0023399682617187556,0.2045130315500686,0.3445130315500686,-0.08,0.08,-0.35,0.35,-0.18,0.18,8500.0,250000000.0,False,True
64.5,68096.2738647461,4837.072989207493,16.39307782304016,4.475309951267628e-05,523.550290503237,757110870.4920015,0.27515335648148154,-0.012691507568359378,-0.0023459667968749737,0.20515335648148153,0.34515335648148154,-0.08,0.08,-0.35,0.35,-0.18,0.18,8500.0,250000000.0,False,True
65.0,67920.10498046875,4821.575947999591,16.340557589602536,4.6013774361608684e-05,534.8547867009777,760345474.3598039,0.2757570301783265,-0.013865966796875004,-0.0023517749023437423,0.20575703017832647,0.3457570301783265,-0.08,0.08,-0.35,0.35,-0.18,0.18,8500.0,250000000.0,False,True
65.5,67743.50762939453,4806.063754802459,16.287986005329568,4.7313158462905354e-05,546.4255532051997,763588806.5000535,0.2763234096364884,-0.01504328247070312,-0.0023573925781249783,0.20632340963648838,0.3463234096364884,-0.08,0.08,-0.35,0.35,-0.18,0.18,8500.0,250000000.0,False,True
66.0,67566.49609375,4790.537577641742,16.23536702871751,4.865241342557137e-05,558.2682062827901,766840334.2247974,0.2768518518518519,-0.016223359374999982,-0.0023628198242187787,0.2068518518518519,0.3468518518518519,-0.08,0.08,-0.35,0.35,-0.18,0.18,8500.0,250000000.0,False,True
66.5,67389.08465576172,4774.998580882961,16.182704605858262,5.003273258215708e-05,570.3884476295746,770099518.7654879,0.2773417138203018,-0.0174061022949219,-0.0023680566406250325,0.2073417138203018,0.3473417138203018,-0.08,0.08,-0.35,0.35,-0.18,0.18,8500.0,250000000.0,False,True
67.0,67211.28759765625,4759.44792527913,16.13000267060079,5.14553416428268e-05,582.7920640042391,773365815.3767279,0.27779235253772294,-0.018591416015625015,-0.002373103027343726,0.20779235253772294,0.34779235253772295,-0.08,0.08,-0.35,0.35,-0.18,0.18,8500.0,250000000.0,False,True
67.5,67033.11920166016,4743.886768017366,16.077265144709028,5.2921499350689145e-05,595.484926769256,776638673.4469111,0.278203125,-0.019779205322265625,-0.00237795898437497,0.208203125,0.348203125,-0.08,0.08,-0.35,0.35,-0.18,0.18,8500.0,250000000.0,False,True
68.0,66854.59375,4728.316262764509,16.02449593801654,5.443249813755259e-05,608.4729913348916,779917536.615842,0.27857338820301786,-0.020969374999999985,-0.002382624511718723,0.20857338820301785,0.34857338820301786,-0.08,0.08,-0.35,0.35,-0.18,0.18,8500.0,250000000.0,False,True
68.5,66675.72552490234,4712.737559711781,15.97169894857784,5.5989664779211106e-05,621.7622965022616,783201842.8993766,0.2789024991426612,-0.022161829833984348,-0.00238709960937504,0.20890249914266118,0.3489024991426612,-0.08,0.08,-0.35,0.35,-0.18,0.18,8500.0,250000000.0,False,True
69.0,66496.52880859375,4697.151805618527,15.918878062816649,5.759436104931207e-05,635.3589637014009,786491024.821162,0.27918981481481486,-0.023356474609375025,-0.0023913842773437832,0.20918981481481486,0.34918981481481487,-0.08,0.08,-0.35,0.35,-0.18,0.18,8500.0,250000000.0,False,True
69.5,66317.01788330078,4681.560143855039,15.866037155671014,5.9247984370796196e-05,649.2691961202084,789784509.5515064,0.27943469221536354,-0.02455321411132813,-0.0023954785156249797,0.20943469221536354,0.34943469221536355,-0.08,0.08,-0.35,0.35,-0.18,0.18,8500.0,250000000.0,False,True
70.0,66137.20703125,4665.963714444511,15.813180090735505,6.0951968463841125e-05,663.4992777201277,793081719.0534451,0.27963648834019206,-0.025751953125000004,-0.0023993823242187406,0.20963648834019205,0.34963648834019206,-0.08,0.08,-0.35,0.35,-0.18,0.18,8500.0,250000000.0,False,True
70.5,65957.11053466797,4650.3636541041415,15.760310720400511,6.270778398917403e-05,678.0555721343246,796382070.2360264,0.2797945601851852,-0.02695259643554687,-0.0024030957031249828,0.20979456018518522,0.34979456018518523,-0.08,0.08,-0.35,0.35,-0.18,0.18,8500.0,250000000.0,False,True
71.0,65776.74267578125,4634.761096285395,15.707432885988693,6.451693918555694e-05,692.9445214441337,799684975.1148547,0.27990826474622776,-0.028155048828124987,-0.0024066186523437755,0.20990826474622776,0.34990826474622777,-0.08,0.08,-0.35,0.35,-0.18,0.18,8500.0,250000000.0,False,True
71.5,65596.1177368164,4619.157171213474,15.654550417888743,6.638098050017713e-05,708.1726448294546,802989840.97991,0.2799769590192044,-0.029359215087890647,-0.0024099511718750355,0.20997695901920438,0.3499769590192044,-0.08,0.08,-0.35,0.35,-0.18,0.18,8500.0,250000000.0,False,True
72.0,65415.25,4603.553005925993,15.60166713568647,6.83014932106123e-05,723.7465370888232,806296070.5706798,0.28,-0.030565000000000023,-0.002413093261718735,0.21000000000000002,0.35000000000000003,-0.08,0.08,-0.35,0.35,-0.18,0.18,8500.0,250000000.0,False,True
72.5,65234.153747558594,4587.949724310893,15.548786848293275,7.028010203695978e-05,739.6728670247513,809603062.2585762,0.2799884221215252,-0.03177230834960938,-0.0024160449218749713,0.2099884221215252,0.3499884221215252,-0.08,0.08,-0.35,0.35,-0.18,0.18,8500.0,250000000.0,False,True
73.0,65052.84326171875,4572.348447143617,15.49591335407216,7.231847174265741e-05,755.9583756900388,812910210.2366879,0.27995386457550714,-0.032981044921874994,-0.0024188061523437304,0.20995386457550713,0.34995386457550715,-0.08,0.08,-0.35,0.35,-0.18,0.18,8500.0,250000000.0,False,True
73.5,64871.33282470703,4556.750292123559,15.44305044096124,7.441830772243799e-05,772.6098744906294,816216904.7168227,0.2798965914960556,-0.03419111450195311,-0.002421376953125026,0.2098965914960556,0.3498965914960556,-0.08,0.08,-0.35,0.35,-0.18,0.18,8500.0,250000000.0,False,True
74.0,64689.63671875,4541.156373909807,15.390201886594888,7.658135657579063e-05,789.6342431406592,819522532.1338447,0.27981686701728026,-0.03540242187500002,-0.0024237573242187754,0.20981686701728025,0.34981686701728026,-0.08,0.08,-0.35,0.35,-0.18,0.18,8500.0,250000000.0,False,True
74.5,64507.76922607422,4525.567804156212,15.337371458422572,7.880940666421823e-05,807.0384274653074,822826475.3572849,0.27971495527329077,-0.03661487182617189,-0.002425947265624978,0.20971495527329076,0.3497149552732908,-0.08,0.08,-0.35,0.35,-0.18,0.18,8500.0,250000000.0,False,True
75.0,64325.74462890625,4509.985691545775,15.284562913825413,8.110428865050414e-05,824.8294370470845,826128113.910186,0.2795911203981969,-0.037828369140625,-0.0024279467773437313,0.20959112039819688,0.3495911203981969,-0.08,0.08,-0.35,0.35,-0.18,0.18,8500.0,250000000.0,False,True
75.5,64143.577209472656,4494.411141824394,15.231780000230545,8.346787601811549e-05,843.0143427112039,829426824.1951497,0.2794456265261082,-0.03904281860351562,-0.0024297558593749935,0.2094456265261082,0.3494456265261082,-0.08,0.08,-0.35,0.35,-0.18,0.18,8500.0,250000000.0,False,True
76.0,63961.28125,4478.845257833978,15.179026455223338,8.590208556878997e-05,861.6002738457148,832721979.7275355,0.2792787377911345,-0.04025812499999999,-0.0024313745117187785,0.20927873779113448,0.3492787377911345,-0.08,0.08,-0.35,0.35,-0.18,0.18,8500.0,250000000.0,False,True
76.5,63778.871032714844,4463.289139544943,15.126306006657531,8.840887789626625e-05,880.5944155521091,836012951.375758,0.27909071832738547,-0.0414741931152344,-0.002432802734375031,0.20909071832738546,0.3490907183273855,-0.08,0.08,-0.35,0.35,-0.18,0.18,8500.0,250000000.0,False,True
77.0,63596.36083984375,4447.743884088104,15.073622372763316,9.099025783403122e-05,900.0040056221478,839299107.6086068,0.27888183226897073,-0.04269092773437502,-0.0024340405273437365,0.20888183226897072,0.34888183226897074,-0.08,0.08,-0.35,0.35,-0.18,0.18,8500.0,250000000.0,False,True
77.5,63413.76495361328,4432.210585785984,15.020979262253448,9.364827487487088e-05,919.8363313367174,842579814.7495217,0.27865234375000003,-0.043908233642578134,-0.002435087890624979,0.20865234375000002,0.34865234375000004,-0.08,0.08,-0.35,0.35,-0.18,0.18,8500.0,250000000.0,False,True
78.0,63231.09765625,4416.690336183554,14.968380374427417,9.638502355992252e-05,940.0987260826025,845854437.237738,0.27840251690458306,-0.045126015625,-0.0024359448242187165,0.20840251690458306,0.34840251690458307,-0.08,0.08,-0.35,0.35,-0.18,0.18,8500.0,250000000.0,False,True
78.5,63048.37322998047,4401.184224078418,14.91582939927376,9.920264383483481e-05,960.79856578311,849122337.8962102,0.27813261586682947,-0.04634417846679685,-0.0024366113281250323,0.20813261586682946,0.3481326158668295,-0.08,0.08,-0.35,0.35,-0.18,0.18,8500.0,250000000.0,False,True
79.0,62865.60595703125,4385.6933355504425,14.863330017570455,0.00010210332137054999,981.943265138549,852382878.2061821,0.277842904770849,-0.047562626953125034,-0.002437087402343774,0.207842904770849,0.347842904770849,-0.08,0.08,-0.35,0.35,-0.18,0.18,8500.0,250000000.0,False,True
79.5,62682.810119628906,4370.218753990877,14.810885900983639,0.00010508928784613775,1003.5402736727607,855635418.5883424,0.27753364775075134,-0.048781265869140625,-0.002437373046874969,0.20753364775075134,0.34753364775075135,-0.08,0.08,-0.35,0.35,-0.18,0.18,8500.0,250000000.0,False,True
80.0,62500.0,4354.761560130941,14.758500712164466,0.0001081628211910084,1025.5970715818642,858879318.6903833,0.27720510894064615,-0.05,-0.002437468261718756,0.20720510894064614,0.34720510894064616,-0.08,0.08,-0.35,0.35,-0.18,0.18,8500.0,250000000.0,False,True
80.5,62317.189880371094,4339.322832069908,14.706178104844305,0.0001113262457837467,1048.1211653815988,862113937.6808608,0.27685755247464316,-0.05121873413085938,-0.0024373730468749966,0.20685755247464316,0.34685755247464317,-0.08,0.08,-0.35,0.35,-0.18,0.18,8500.0,250000000.0,False,True
81.0,62134.39404296875,4323.90364530272,14.653921723928308,0.00011458193260471617,1071.1200833497735,865338634.5492175,0.27649124248685203,-0.052437373046875,-0.002437087402343746,0.20649124248685202,0.34649124248685204,-0.08,0.08,-0.35,0.35,-0.18,0.18,8500.0,250000000.0,False,True
81.5,61951.62677001953,4308.505072747086,14.601735205587266,0.00011793229933948481,1094.6013707604022,868552768.4117769,0.27610644311138244,-0.05365582153320313,-0.0024366113281250046,0.20610644311138243,0.34610644311138244,-0.08,0.08,-0.35,0.35,-0.18,0.18,8500.0,250000000.0,False,True
82.0,61768.90234375,4293.128184770147,14.549622177347963,0.0001213798104300369,1118.5725849063488,871755698.8235857,0.27570341848234414,-0.054873984375000004,-0.0024359448242187443,0.20570341848234414,0.34570341848234415,-0.08,0.08,-0.35,0.35,-0.18,0.18,8500.0,250000000.0,False,True
82.5,61586.23504638672,4277.774049214653,14.497586258181908,0.00012492697707064065,1143.0412899074113,874946786.095889,0.2752824327338468,-0.05609176635742187,-0.0024350878906250206,0.20528243273384678,0.3452824327338468,-0.08,0.08,-0.35,0.35,-0.18,0.18,8500.0,250000000.0,False,True
83.0,61403.63916015625,4262.443731424724,14.445631058592618,0.000128576357145154,1168.0150513010208,878125391.6190935,0.27484375,-0.057309072265625025,-0.0024340405273437504,0.20484375,0.34484375,-0.08,0.08,-0.35,0.35,-0.18,0.18,8500.0,250000000.0,False,True
83.5,61221.128967285156,4247.138294271152,14.393760180701383,0.00013233055510245454,1193.5014304128354,881290878.1909801,0.27438763441491365,-0.05852580688476562,-0.002432802734374989,0.20438763441491364,0.34438763441491366,-0.08,0.08,-0.35,0.35,-0.18,0.18,8500.0,250000000.0,False,True
84.0,61038.71875,4231.858798176278,14.341977218331582,0.0001361922217665993,1219.5079785048165,884442610.3499827,0.27391435011269727,-0.059741875000000014,-0.002431374511718737,0.20391435011269726,0.3439143501126973,-0.08,0.08,-0.35,0.35,-0.18,0.18,8500.0,250000000.0,False,True
84.5,60856.422790527344,4216.606301138476,14.290285757091644,0.00014016405407822892,1246.0422306985515,887579954.7133212,0.2734241612274606,-0.06095718139648436,-0.0024297558593749935,0.2034241612274606,0.3434241612274606,-0.08,0.08,-0.35,0.35,-0.18,0.18,8500.0,250000000.0,False,True
85.0,60674.25537109375,4201.381858756196,14.238689374456536,0.00014424879476364563,1273.111699671799,890702280.3197279,0.27291733189331335,-0.06217163085937501,-0.002427946777343787,0.20291733189331335,0.34291733189331336,-0.08,0.08,-0.35,0.35,-0.18,0.18,8500.0,250000000.0,False,True
85.5,60492.23077392578,4186.186524251644,14.187191639848015,0.00014844923192791685,1300.7238691265668,893808958.9765729,0.27239412624436515,-0.06338512817382815,-0.002425947265624978,0.20239412624436515,0.34239412624436516,-0.08,0.08,-0.35,0.35,-0.18,0.18,8500.0,250000000.0,False,True
86.0,60310.36328125,4171.021348494046,14.13579611471348,0.0001527681985682724,1328.886187027205,896899365.6111001,0.2718548084147258,-0.06459757812499999,-0.002423757324218734,0.2018548084147258,0.3418548084147258,-0.08,0.08,-0.35,0.35,-0.18,0.18,8500.0,250000000.0,False,True
86.5,60128.66717529297,4155.887380022547,14.084506352603574,0.00015720857200399093,1357.606058607353,899972878.625538,0.2712996425385049,-0.06580888549804688,-0.0024213769531249985,0.2012996425385049,0.3412996425385049,-0.08,0.08,-0.35,0.35,-0.18,0.18,8500.0,250000000.0,False,True
87.0,59947.15673828125,4140.785665068743,14.033325899248526,0.0001617732732188978,1386.8908391448447,903028880.2558129,0.2707288927498122,-0.06701895507812498,-0.0024188061523437443,0.2007288927498122,0.3407288927498122,-0.08,0.08,-0.35,0.35,-0.18,0.18,8500.0,250000000.0,False,True
87.5,59765.846252441406,4125.717247578832,13.982258292633263,0.00016646526611252692,1416.7478265039692,906066756.933571,0.27014282318275734,-0.06822769165039062,-0.0024160449218750546,0.20014282318275733,0.34014282318275735,-0.08,0.08,-0.35,0.35,-0.18,0.18,8500.0,250000000.0,False,True
88.0,59584.75,4110.6831692354335,13.931307063071314,0.00017128755665593988,1447.1842534448658,909085899.6512426,0.26954169797145006,-0.06943500000000004,-0.002413093261718763,0.19954169797145005,0.33954169797145006,-0.08,0.08,-0.35,0.35,-0.18,0.18,8500.0,250000000.0,False,True
88.5,59403.882263183594,4095.6844694790416,13.880475733277544,0.0001762431919481335,1478.2072797001156,912085704.3298322,0.26892578125000005,-0.07064078491210939,-0.00240995117187498,0.19892578125000004,0.33892578125000006,-0.08,0.08,-0.35,0.35,-0.18,0.18,8500.0,250000000.0,False,True
89.0,59223.25732421875,4080.722185529149,13.829767818439732,0.00018133525916891427,1509.8239838189781,915065572.189132,0.2682953371525169,-0.07184495117187502,-0.0024066186523437616,0.1982953371525169,0.3382953371525169,-0.08,0.08,-0.35,0.35,-0.18,0.18,8500.0,250000000.0,False,True
89.5,59042.88946533203,4065.797352405041,13.779186826289047,0.00018656688442407395,1542.0413547800865,918024910.1200453,0.2676506298131105,-0.07304740356445315,-0.0024030957031249967,0.1976506298131105,0.3376506298131105,-0.08,0.08,-0.35,0.35,-0.18,0.18,8500.0,250000000.0,False,True
90.0,58862.79296875,4050.911002946254,13.728736257169384,0.00019194123147865886,1574.8662833738035,920963131.0586867,0.26699192336589034,-0.07424804687500001,-0.0023993823242187684,0.19699192336589033,0.33699192336589034,-0.08,0.08,-0.35,0.35,-0.18,0.18,8500.0,250000000.0,False,True
90.5,58682.98211669921,4036.0641678327297,13.678419604105663,0.00019746150037408989,1608.3055533558165,923879654.3619262,0.2663194819449662,-0.07544678588867192,-0.002395478515624966,0.19631948194496618,0.3363194819449662,-0.08,0.08,-0.35,0.35,-0.18,0.18,8500.0,250000000.0,False,True
91.0,58503.47119140625,4021.257875604648,13.628240352871046,0.00020313092592486994,1642.3658323740003,926773906.1840351,0.26563356968444785,-0.07664352539062498,-0.0023913842773437277,0.19563356968444784,0.33563356968444785,-0.08,0.08,-0.35,0.35,-0.18,0.18,8500.0,250000000.0,False,True
91.5,58324.274475097656,4006.4931526819596,13.57820198205314,0.00020895277609059583,1677.0536626709825,929645319.8540826,0.2649344507184448,-0.07783817016601564,-0.0023870996093749985,0.19493445071844479,0.3349344507184448,-0.08,0.08,-0.35,0.35,-0.18,0.18,8500.0,250000000.0,False,True
92.0,58145.40625,3991.771023383624,13.528307963119177,0.0002149303502189778,1712.3754515652488,932493336.2537131,0.2642223891810669,-0.07903062499999998,-0.002382624511718723,0.19422238918106688,0.3342223891810669,-0.08,0.08,-0.35,0.35,-0.18,0.18,8500.0,250000000.0,False,True
92.5,57966.880798339844,3977.092509946549,13.478561760480225,0.00022106697715558395,1748.337461714165,935317404.1949484,0.26349764920642377,-0.08022079467773437,-0.0023779589843750393,0.19349764920642376,0.3334976492064238,-0.08,0.08,-0.35,0.35,-0.18,0.18,8500.0,250000000.0,False,True
93.0,57788.71240234375,3962.4586325442483,13.428966831554407,0.0002273660132160253,1784.9458011626743,938116980.7976322,0.26276049492862513,-0.08140858398437502,-0.0023731030273437537,0.19276049492862513,0.33276049492862514,-0.08,0.08,-0.35,0.35,-0.18,0.18,8500.0,250000000.0,False,True
93.5,57610.91534423828,3947.870409305223,13.379526626829191,0.0002338308400163267,1822.2064131819486,940891531.8661393,0.2620111904817807,-0.08259389770507812,-0.0023680566406250325,0.19201119048178067,0.3320111904817807,-0.08,0.08,-0.35,0.35,-0.18,0.18,8500.0,250000000.0,False,True
94.0,57433.50390625,3933.3288563310607,13.330244589922744,0.00024046486215726002,1860.1250659027482,943640532.2649536,0.26125000000000004,-0.08377664062500005,-0.002362819824218737,0.19125000000000003,0.33125000000000004,-0.08,0.08,-0.35,0.35,-0.18,0.18,8500.0,250000000.0,False,True
94.5,57256.49237060547,3918.834987714277,13.281124157644383,0.00024727150475845945,1898.7073417487336,946363466.2927266,0.26047718761739297,-0.08495671752929686,-0.0023573925781249505,0.19047718761739296,0.330477187617393,-0.08,0.08,-0.35,0.35,-0.18,0.18,8500.0,250000000.0,False,True
95.0,57079.89501953125,3904.3898155558845,13.232168760054128,0.00025425421083820457,1937.9586266755243,949059828.0544137,0.25969301746806916,-0.086134033203125,-0.0023517749023438117,0.18969301746806916,0.32969301746806917,-0.08,0.08,-0.35,0.35,-0.18,0.18,8500.0,250000000.0,False,True
95.5,56903.726135253906,3889.99434998271,13.183381820521381,0.0002614164385348156,1977.8840992217374,951729121.8310739,0.25889775368613827,-0.08730849243164067,-0.0023459667968750153,0.18889775368613826,0.32889775368613827,-0.08,0.08,-0.35,0.35,-0.18,0.18,8500.0,250000000.0,False,True
96.0,56728.0,3875.649599164461,13.134766755782778,0.00026876165816570494,2018.488719378866,954370862.4469396,0.25809166040571,-0.08848000000000002,-0.0023399682617187,0.18809166040571001,0.32809166040571003,-0.08,0.08,-0.35,0.35,-0.18,0.18,8500.0,250000000.0,False,True
96.5,56552.730895996094,3861.356569330537,13.086326975999148,0.00027629334912021873,2059.7772172872965,956984575.6333152,0.2572750017608941,-0.08964846069335937,-0.002333779296874977,0.18727500176089407,0.3272750017608941,-0.08,0.08,-0.35,0.35,-0.18,0.18,8500.0,250000000.0,False,True
97.0,56377.93310546875,3847.116264786609,13.038065884811717,0.0002840149965825252,2101.754081766394,959569798.3889122,0.25644804188580017,-0.090813779296875,-0.002327399902343763,0.18644804188580016,0.3264480418858002,-0.08,0.08,-0.35,0.35,-0.18,0.18,8500.0,250000000.0,False,True
97.5,56203.62091064453,3832.929687930953,12.989986879397451,0.00029193008808093147,2144.4235486870352,962126079.3361704,0.25561104491453795,-0.09197586059570313,-0.00232083007812503,0.18561104491453795,0.32561104491453796,-0.08,0.08,-0.35,0.35,-0.18,0.18,8500.0,250000000.0,False,True
98.0,56029.80859375,3818.7978392705595,12.942093350523658,0.0003000421098601691,2187.7895891956455,964652979.0731665,0.2547642749812171,-0.09313460937500002,-0.0023140698242187507,0.1847642749812171,0.3247642749812171,-0.08,0.08,-0.35,0.35,-0.18,0.18,8500.0,250000000.0,False,True
98.5,55856.51043701172,3804.721717437004,12.89438868260177,0.0003083545430733416,2231.855897799196,967150070.5206492,0.2539079962199474,-0.09428993041992188,-0.0023071191406249802,0.1839079962199474,0.3239079962199474,-0.08,0.08,-0.35,0.35,-0.18,0.18,8500.0,250000000.0,False,True
99.0,55683.74072265625,3790.7023192021034,12.846876253740414,0.0003168708597904247,2276.6258803213473,969616939.263801,0.2530424727648385,-0.095441728515625,-0.0022999780273437465,0.18304247276483848,0.3230424727648385,-0.08,0.08,-0.35,0.35,-0.18,0.18,8500.0,250000000.0,False,True
99.5,55511.513732910156,3776.7406394933505,12.7995594357977,0.00032559451882040446,2322.102641740354,972053183.8882754,0.25216796875,-0.09658990844726563,-0.002292646484374994,0.18216796875000002,0.32216796875000003,-0.08,0.08,-0.35,0.35,-0.18,0.18,8500.0,250000000.0,False,True
100.0,55339.84375,3762.837671409129,12.752441594432808,0.0003345289613443596,2368.2889739199436,974458416.3100734,0.25128474830954173,-0.097734375,-0.00228512451171875,0.18128474830954172,0.32128474830954173,-0.08,0.08,-0.35,0.35,-0.18,0.18,8500.0,250000000.0,False,True
100.5,55168.745056152344,3748.9944062337245,12.705526089156843,0.0003436776063570498,2415.1873432450348,976832262.0988483,0.2503930755775733,-0.09887503295898438,-0.0022774121093749877,0.18039307557757328,0.3203930755775733,-0.08,0.08,-0.35,0.35,-0.18,0.18,8500.0,250000000.0,False,True
101.0,54998.23193359375,3735.2118334521238,12.658816273383003,0.0003530438459148125,2462.7998781745414,979174360.7941778,0.2494932146882044,-0.10001178710937499,-0.002269509277343762,0.1794932146882044,0.3194932146882044,-0.08,0.08,-0.35,0.35,-0.18,0.18,8500.0,250000000.0,False,True
101.5,54828.31866455078,3721.4909407646123,12.612315494476045,0.000362631040187874,2511.128356724226,981484366.2143855,0.24858542977554474,-0.10114454223632814,-0.0022614160156250174,0.17858542977554473,0.3185854297755447,-0.08,0.08,-0.35,0.35,-0.18,0.18,8500.0,250000000.0,False,True
102.0,54659.01953125,3707.8327141011764,12.566027093801093,0.0003724425123154792,2560.174193893065,983761946.7574859,0.24766998497370402,-0.102273203125,-0.0022531323242187262,0.177669984973704,0.317669984973704,-0.08,0.08,-0.35,0.35,-0.18,0.18,8500.0,250000000.0,False,True
102.5,54490.34881591797,3694.2381376357025,12.519954406771761,0.0003824815430625681,2609.938429047087,986006785.6938077,0.2467471444167919,-0.10339767456054687,-0.0022446582031250273,0.1767471444167919,0.3167471444167919,-0.08,0.08,-0.35,0.35,-0.18,0.18,8500.0,250000000.0,False,True
103.0,54322.32080078125,3680.708193799991,12.474100762897656,0.00039275136527708077,2660.4217132752506,988218581.4498838,0.24581717223891814,-0.10451786132812503,-0.0022359936523437263,0.17581717223891813,0.31581717223891814,-0.08,0.08,-0.35,0.35,-0.18,0.18,8500.0,250000000.0,False,True
103.5,54154.949768066406,3667.243863297581,12.428469485831211,0.0004032551581473483,2711.6242967324347,990397047.88318,0.24488033257419237,-0.1056336682128906,-0.0022271386718749897,0.17488033257419236,0.31488033257419235,-0.08,0.08,-0.35,0.35,-0.18,0.18,8500.0,250000000.0,False,True
104.0,53988.25,3653.846125117388,12.383063893413926,0.0004139960412594146,2763.546015985101,992541914.5472383,0.2439368895567243,-0.10674500000000002,-0.00221809326171879,0.1739368895567243,0.3139368895567243,-0.08,0.08,-0.35,0.35,-0.18,0.18,8500.0,250000000.0,False,True
104.5,53822.235778808594,3640.5159565471645,12.337887297721966,0.0004249770684545654,2816.1862813757684,994652926.9468299,0.24298710732062362,-0.10785176147460938,-0.002208857421874988,0.1729871073206236,0.3129871073206236,-0.08,0.08,-0.35,0.35,-0.18,0.18,8500.0,250000000.0,False,True
105.0,53656.92138671875,3627.2543331867764,12.292943005111177,0.00043620122148777717,2869.5440644228734,996729846.7827041,0.24203125000000003,-0.10895385742187501,-0.002199431152343778,0.17203125000000002,0.31203125000000004,-0.08,0.08,-0.35,0.35,-0.18,0.18,8500.0,250000000.0,False,True
105.5,53492.32110595703,3614.062228961312,12.248234316261492,0.0004476714034882567,2923.6178852730286,998772452.1855209,0.2410695817289632,-0.11005119262695316,-0.002189814453124994,0.1710695817289632,0.3110695817289632,-0.08,0.08,-0.35,0.35,-0.18,0.18,8500.0,250000000.0,False,True
106.0,53328.44921875,3600.9406161340166,12.20376452622078,0.00045939043222376405,2978.40580022334,1000780537.9385912,0.24010236664162288,-0.111143671875,-0.0021800073242187468,0.17010236664162287,0.3101023666416229,-0.08,0.08,-0.35,0.35,-0.18,0.18,8500.0,250000000.0,False,True
106.5,53165.32000732422,3587.890465319055,12.159536924448094,0.0004713610331708903,3033.905389331636,1002753915.6890101,0.23912986887208867,-0.11223119995117191,-0.0021700097656249806,0.16912986887208867,0.3091298688720887,-0.08,0.08,-0.35,0.35,-0.18,0.18,8500.0,250000000.0,False,True
107.0,53002.94775390625,3574.912745494116,12.115554794856395,0.0004835858323940274,3090.113744133094,1004692414.1468203,0.23815235255447037,-0.11331368164062498,-0.0021598217773437234,0.16815235255447036,0.3081523525544704,-0.08,0.08,-0.35,0.35,-0.18,0.18,8500.0,250000000.0,False,True
107.5,52841.346740722656,3562.008424012848,12.071821415854684,0.0004960673492363188,3147.0274554820185,1006595879.2718154,0.23717008182287758,-0.11439102172851563,-0.0021494433593750306,0.16717008182287757,0.3071700818228776,-0.08,0.08,-0.35,0.35,-0.18,0.18,8500.0,250000000.0,False,True
108.0,52680.53125,3549.1784666171407,12.028340060389635,0.0005088079888264759,3204.6426015380202,1008464174.4476327,0.23618332081142,-0.11546312500000001,-0.0021388745117187358,0.16618332081141998,0.30618332081141997,-0.08,0.08,-0.35,0.35,-0.18,0.18,8500.0,250000000.0,False,True
108.5,52520.515563964844,3536.423837449245,11.98511399598667,0.000521810034405946,3262.954735916096,1010297180.6427668,0.2351923336542074,-0.11652989624023437,-0.0021281152343750054,0.16519233365420738,0.3051923336542074,-0.08,0.08,-0.35,0.35,-0.18,0.18,8500.0,250000000.0,False,True
109.0,52361.31396484375,3523.7454990637425,11.942146484790516,0.0005350756394815627,3321.958876020525,1012094796.558163,0.23419738448534938,-0.11759124023437502,-0.002117165527343756,0.16419738448534937,0.3041973844853494,-0.08,0.08,-0.35,0.35,-0.18,0.18,8500.0,250000000.0,False,True
109.5,52202.94073486328,3511.1444124393643,11.899440783605273,0.0005486068198094579,3381.649491582769,1013856938.76106,0.23319873743895572,-0.11864706176757812,-0.002106025390624988,0.16319873743895572,0.30319873743895576,-0.08,0.08,-0.35,0.35,-0.18,0.18,8500.0,250000000.0,False,True
110.0,52045.41015625,3498.6215369906577,11.857000143933941,0.0005624054452166939,3442.0204934237972,1015583541.8047388,0.23219665664913602,-0.11969726562500001,-0.0020946948242187846,0.16219665664913602,0.30219665664913603,-0.08,0.08,-0.35,0.35,-0.18,0.18,8500.0,250000000.0,False,True
110.5,51888.73651123047,3486.17783057951,11.81482781201748,0.0005764732312677876,3503.0652224616506,1017274558.3338916,0.23119140625,-0.12074175659179691,-0.002083173828124979,0.16119140625,0.30119140625,-0.08,0.08,-0.35,0.35,-0.18,0.18,8500.0,250000000.0,False,True
111.0,51732.93408203125,3473.81424952653,11.772927028873381,0.0005908117307839935,3564.7764389850718,1018929959.175287,0.23018325037565746,-0.12178043945312499,-0.002071462402343738,0.16018325037565745,0.30018325037565746,-0.08,0.08,-0.35,0.35,-0.18,0.18,8500.0,250000000.0,False,True
111.5,51578.017150878906,3461.5317486222852,11.731301030333748,0.0006054223252239787,3627.1463122143864,1020549733.4134533,0.2291724531602179,-0.12281321899414065,-0.0020595605468750056,0.15917245316021789,0.2991724531602179,-0.08,0.08,-0.35,0.35,-0.18,0.18,8500.0,250000000.0,False,True
112.0,51424.0,3449.3312811384008,11.68995304708292,0.0006203062159352631,3690.1664101708834,1022133888.4511019,0.22815927873779118,-0.12383999999999999,-0.0020474682617187268,0.15815927873779118,0.2981592787377912,-0.08,0.08,-0.35,0.35,-0.18,0.18,8500.0,250000000.0,False,True
112.5,51270.896911621094,3437.213798838527,11.64888630469463,0.0006354644152865832,3753.8276898760887,1023682450.0540327,0.22714399124248688,-0.12486068725585937,-0.0020351855468749985,0.15714399124248687,0.2971439912424869,-0.08,0.08,-0.35,0.35,-0.18,0.18,8500.0,250000000.0,False,True
113.0,51118.72216796875,3425.180251989168,11.60810402366871,0.0006508977376921209,3818.1204879023817,1025195462.3802663,0.22612685480841474,-0.125875185546875,-0.0020227124023437376,0.15612685480841473,0.2961268548084147,-0.08,0.08,-0.35,0.35,-0.18,0.18,8500.0,250000000.0,False,True
113.5,50967.49005126953,3413.231589370381,11.567609419467352,0.0006666067905393574,3883.034511296512,1026672987.9931802,0.22510813356968448,-0.1268833996582031,-0.0020100488281249995,0.15510813356968448,0.29510813356968446,-0.08,0.08,-0.35,0.35,-0.18,0.18,8500.0,250000000.0,False,True
114.0,50817.21484375,3401.3687582863445,11.527405702550928,0.0006825919650331099,3948.5588288974677,1028115107.8584143,0.22408809166040572,-0.127885234375,-0.0019971948242187842,0.1540880916604057,0.2940880916604057,-0.08,0.08,-0.35,0.35,-0.18,0.18,8500.0,250000000.0,False,True
114.5,50667.91082763672,3389.5927045758044,11.487496078413374,0.0006988534269691646,4014.681863070284,1029521921.3243667,0.22306699321468826,-0.1288805944824219,-0.0019841503906249947,0.15306699321468825,0.29306699321468827,-0.08,0.08,-0.35,0.35,-0.18,0.18,8500.0,250000000.0,False,True
115.0,50519.59228515625,3377.9043726223863,11.447883747617162,0.0007153911074517271,4081.3913818770898,1030893546.0860609,0.22204510236664166,-0.12986938476562498,-0.0019709155273437418,0.15204510236664165,0.29204510236664166,-0.08,0.08,-0.35,0.35,-0.18,0.18,8500.0,250000000.0,False,True
115.5,50372.273498535156,3366.304705364795,11.408571905827854,0.0007322046935697844,4148.674491706814,1032230118.1322412,0.22102268325037566,-0.13085151000976564,-0.0019574902343750256,0.15102268325037566,0.29102268325037567,-0.08,0.08,-0.35,0.35,-0.18,0.18,8500.0,250000000.0,False,True
116.0,50225.96875,3354.794644306886,11.369563743848234,0.0007492936190483113,4216.51763038467,1033531791.6755244,0.22000000000000003,-0.131826875,-0.001943874511718735,0.15000000000000002,0.29000000000000004,-0.08,0.08,-0.35,0.35,-0.18,0.18,8500.0,250000000.0,False,True
116.5,50080.692321777344,3343.3751295276165,11.330862447652041,0.0007666570548910943,4284.90656078236,1034798739.0654655,0.21897731674962437,-0.13279538452148437,-0.0019300683593749812,0.14897731674962436,0.28897731674962435,-0.08,0.08,-0.35,0.35,-0.18,0.18,8500.0,250000000.0,False,True
117.0,49936.45849609375,3332.047099690892,11.292471198417331,0.0007842939000328216,4353.826364949795,1036031150.6844319,0.2179548976333584,-0.133756943359375,-0.001916071777343764,0.1479548976333584,0.2879548976333584,-0.08,0.08,-0.35,0.35,-0.18,0.18,8500.0,250000000.0,False,True
117.5,49793.28155517578,3320.8114920552794,11.2543931725594,0.0008022027720189218,4423.261438788747,1037229234.8261553,0.2169330067853118,-0.13471145629882814,-0.0019018847656250282,0.1469330067853118,0.2869330067853118,-0.08,0.08,-0.35,0.35,-0.18,0.18,8500.0,250000000.0,False,True
118.0,49651.17578125,3309.669242483622,11.216631541763368,0.0008203819977324851,4493.195487288665,1038393217.5568968,0.2159119083395943,-0.13565882812500002,-0.001887507324218718,0.1459119083395943,0.28591190833959435,-0.08,0.08,-0.35,0.35,-0.18,0.18,8500.0,250000000.0,False,True
118.5,49510.15545654297,3298.6212854525365,11.179189473016363,0.0008388296041884266,4563.6115203443505,1039523342.5591335,0.2148918664303156,-0.13659896362304685,-0.0018729394531249999,0.1448918664303156,0.2848918664303156,-0.08,0.08,-0.35,0.35,-0.18,0.18,8500.0,250000000.0,False,True
119.0,49370.23486328125,3287.6685540618005,11.14207012863934,0.0008575433094158964,4634.491849175011,1040619870.9577233,0.2138731451915853,-0.13753176757812502,-0.001858181152343763,0.14387314519158528,0.2838731451915853,-0.08,0.08,-0.35,0.35,-0.18,0.18,8500.0,250000000.0,False,True
119.5,49231.42828369141,3276.811980043634,11.105276666318533,0.0008765205134507221,4705.818083363572,1041683081.1285031,0.21285600875751315,-0.13845714477539062,-0.0018432324218750074,0.14285600875751314,0.28285600875751316,-0.08,0.08,-0.35,0.35,-0.18,0.18,8500.0,250000000.0,False,True
120.0,49093.75,3266.0524937718724,11.068812239136545,0.0008957582894604969,4777.571128534845,1042713268.4893085,0.21184072126220888,-0.13937500000000003,-0.0018280932617187884,0.14184072126220887,0.2818407212622089,-0.08,0.08,-0.35,0.35,-0.18,0.18,8500.0,250000000.0,False,True
120.5,48957.214294433594,3255.391024271041,11.032679995603099,0.0009152533750256505,4849.7311846904095,1043710745.2734023,0.21082754683978214,-0.1402852380371094,-0.001812763671874995,0.14082754683978213,0.28082754683978217,-0.08,0.08,-0.35,0.35,-0.18,0.18,8500.0,250000000.0,False,True
121.0,48821.83544921875,3244.8284992253148,10.996883079685405,0.0009350021636006444,4922.277745217781,1044675840.2853302,0.20981674962434263,-0.14118776367187502,-0.0017972436523437385,0.13981674962434262,0.27981674962434266,-0.08,0.08,-0.35,0.35,-0.18,0.18,8500.0,250000000.0,False,True
121.5,48687.62774658203,3234.365844987393,10.961424630838241,0.0009550006961800959,4995.189596590638,1045608898.6392448,0.20880859375,-0.14208248168945314,-0.001781533203124963,0.13880859375,0.27880859375,-0.08,0.08,-0.35,0.35,-0.18,0.18,8500.0,250000000.0,False,True
122.0,48554.60546875,3224.003986587259,10.926307784033632,0.0009752446531953361,5068.444818776251,1046510281.4797226,0.20780334335086403,-0.14296929687499998,-0.0017656323242187244,0.13780334335086403,0.27780334335086404,-0.08,0.08,-0.35,0.35,-0.18,0.18,8500.0,250000000.0,False,True
122.5,48422.78289794922,3213.743847740855,10.89153566979025,0.000995729346667591,5142.02078636586,1047380365.6851722,0.20680126256104436,-0.14384811401367187,-0.0017495410156250224,0.13680126256104436,0.27680126256104437,-0.08,0.08,-0.35,0.35,-0.18,0.18,8500.0,250000000.0,False,True
123.0,48292.17431640625,3203.5863508586476,10.857111414202452,0.001016449712644517,5215.894170442637,1048219543.5538839,0.20580261551465062,-0.144718837890625,-0.001733259277343746,0.13580261551465062,0.27580261551465063,-0.08,0.08,-0.35,0.35,-0.18,0.18,8500.0,250000000.0,False,True
123.5,48162.79400634766,3193.5324170541107,10.82303813896902,0.0010374003039474394,5290.040941201506,1049028222.4728466,0.20480766634579267,-0.14558137329101561,-0.0017167871093750064,0.13480766634579266,0.2748076663457927,-0.08,0.08,-0.35,0.35,-0.18,0.18,8500.0,250000000.0,False,True
124.0,48034.65624999999,3183.5829661521066,10.789318961421568,0.0010585752832571451,5364.436371334176,1049806824.5694362,0.20381667918858004,-0.146435625,-0.001700124511718748,0.13381667918858003,0.27381667918858005,-0.08,0.08,-0.35,0.35,-0.18,0.18,8500.0,250000000.0,False,True
124.5,47907.77532958985,3173.738916697176,10.755956994552639,0.0010799684165664928,5439.055040191753,1050555786.3460943,0.2028299181771225,-0.14728149780273436,-0.0016832714843749708,0.1328299181771225,0.27282991817712254,-0.08,0.08,-0.35,0.35,-0.18,0.18,8500.0,250000000.0,False,True
125.0,47782.16552734375,3164.0011859617425,10.722955347043506,0.0011015730670286355,5513.8708387371225,1051275558.2981905,0.2018476474455297,-0.14811889648437498,-0.0016662280273437857,0.13184764744552968,0.2718476474455297,-0.08,0.08,-0.35,0.35,-0.18,0.18,8500.0,250000000.0,False,True
125.5,47657.84112548828,3154.3706899542217,10.69031712329166,0.0011233821892297998,5588.856975297424,1051966604.5151689,0.20087013112791136,-0.14894772583007815,-0.0016489941406250264,0.13087013112791135,0.27087013112791136,-0.08,0.08,-0.35,0.35,-0.18,0.18,8500.0,250000000.0,False,True
126.0,47534.81640625,3144.848343427045,10.658045423437997,0.001145388323916055,5663.985982127133,1052629402.2652128,0.19989763335837718,-0.149767890625,-0.0016315698242187482,0.12989763335837717,0.2698976333583772,-0.08,0.08,-0.35,0.35,-0.18,0.18,8500.0,250000000.0,False,True
126.5,47413.10565185547,3135.4350598845976,10.626143343393725,0.0011675835932035568,5739.229722790633,1053264441.5635949,0.19893041827103683,-0.1505792956542969,-0.0016139550781250067,0.12893041827103682,0.2689304182710368,-0.08,0.08,-0.35,0.35,-0.18,0.18,8500.0,250000000.0,False,True
127.0,47292.72314453125,3126.131751591069,10.594613974866968,0.0011899596963019607,5814.55940037254,1053872224.7249295,0.19796875000000003,-0.15138184570312502,-0.0015961499023437464,0.12796875000000002,0.26796875000000003,-0.08,0.08,-0.35,0.35,-0.18,0.18,8500.0,250000000.0,False,True
127.5,47173.683166503906,3116.9393295782206,10.563460405389087,0.0012125079057807378,5889.945566523043,1054453265.8995444,0.19701289267937644,-0.15217544555664064,-0.0015781542968750228,0.12701289267937643,0.26701289267937645,-0.08,0.08,-0.35,0.35,-0.18,0.18,8500.0,250000000.0,False,True
128.0,47055.99999999999,3107.8587036530726,10.532685718340742,0.0012352190644081091,5965.358131344664,1055008090.5942264,0.19606311044327573,-0.15296000000000004,-0.0015599682617187804,0.12606311044327573,0.26606311044327574,-0.08,0.08,-0.35,0.35,-0.18,0.18,8500.0,250000000.0,False,True
128.5,46939.687927246094,3098.8907824055045,10.502292992977637,0.0012580835825921851,6040.766374125631,1055537235.177565,0.1951196674258077,-0.15373541381835942,-0.0015415917968749637,0.12511966742580768,0.2651196674258077,-0.08,0.08,-0.35,0.35,-0.18,0.18,8500.0,250000000.0,False,True
129.0,46824.76123046875,3090.036473215777,10.472285304456019,0.0012810914364537352,6116.1389549244395,1056041246.3701884,0.19418282776108192,-0.154501591796875,-0.0015230249023436837,0.12418282776108192,0.26418282776108193,-0.08,0.08,-0.35,0.35,-0.18,0.18,8500.0,250000000.0,False,True
129.5,46711.23419189453,3081.2966822619824,10.442665723857933,0.0013042321665596524,6191.443927008796,1056520680.720148,0.19325285558320815,-0.1552584387207031,-0.001504267578124996,0.12325285558320814,0.26325285558320816,-0.08,0.08,-0.35,0.35,-0.18,0.18,8500.0,250000000.0,False,True
130.0,46599.12109375,3072.6723145274013,10.413437318216143,0.0013274948773458583,6266.648750151349,1056976104.0637333,0.19233001502629604,-0.156005859375,-0.0014853198242187893,0.12233001502629604,0.26233001502629605,-0.08,0.08,-0.35,0.35,-0.18,0.18,8500.0,250000000.0,False,True
130.5,46488.43621826172,3064.164273807798,10.384603150538863,0.001350868237257884,6341.720304783813,1057408090.9720577,0.1914145702244553,-0.1567437585449219,-0.0014661816406250083,0.12141457022445529,0.2614145702244553,-0.08,0.08,-0.35,0.35,-0.18,0.18,8500.0,250000000.0,False,True
131.0,46379.19384765625,3055.7734627186314,10.356166279834195,0.001374340479636695,6416.624907009422,1057817224.1836704,0.19050678531179568,-0.157472041015625,-0.001446853027343764,0.12050678531179568,0.2605067853117957,-0.08,0.08,-0.35,0.35,-0.18,0.18,8500.0,250000000.0,False,True
131.5,46271.408264160156,3047.5007827021896,10.328129761134306,0.0013978994043767562,6491.328324473455,1058204094.0235606,0.18960692442242677,-0.15819061157226566,-0.001427333984375001,0.11960692442242676,0.2596069244224268,-0.08,0.08,-0.35,0.35,-0.18,0.18,8500.0,250000000.0,False,True
132.0,46165.09375,3039.3471340346637,10.300496645519406,0.0014215323803823956,6565.79579308995,1058569297.8088729,0.18871525169045833,-0.158899375,-0.0014076245117187192,0.11871525169045832,0.25871525169045834,-0.08,0.08,-0.35,0.35,-0.18,0.18,8500.0,250000000.0,False,True
132.5,46060.264587402344,3031.31341583313,10.273269980141405,0.0014452263488476894,6639.9920346219615,1058913439.2416587,0.18783203125000003,-0.15959823608398438,-0.001387724609374974,0.11783203125000002,0.25783203125000004,-0.08,0.08,-0.35,0.35,-0.18,0.18,8500.0,250000000.0,False,True
133.0,45956.93505859375,3023.4005260624763,10.246452808247394,0.0014689678273840136,6713.881275111752,1059237127.7890488,0.1869575272351615,-0.16028709960937498,-0.0013676342773437655,0.11695752723516151,0.2569575272351615,-0.08,0.08,-0.35,0.35,-0.18,0.18,8500.0,250000000.0,False,True
133.5,45855.11944580078,3015.6093615422524,10.22004816920285,0.001492742915018232,6787.427264156084,1059540978.0511695,0.1860920037800526,-0.16096587036132814,-0.0013473535156250382,0.1160920037800526,0.2560920037800526,-0.08,0.08,-0.35,0.35,-0.18,0.18,8500.0,250000000.0,False,True
134.0,45754.83203125,3007.9408179534475,10.194059098514616,0.001516537298083307,6860.593295021097,1059825609.1171998,0.18523572501878288,-0.16163445312500002,-0.0013268823242187366,0.11523572501878288,0.2552357250187829,-0.08,0.08,-0.35,0.35,-0.18,0.18,8500.0,250000000.0,False,True
134.5,45656.087097167976,3000.3957898452063,10.168488627853662,0.001540336257021614,6933.34222558999,1060091643.9099278,0.1843889550854621,-0.16229275268554688,-0.0013062207031249717,0.1143889550854621,0.2543889550854621,-0.08,0.08,-0.35,0.35,-0.18,0.18,8500.0,250000000.0,False,True
135.0,45558.89892578125,2992.97517064147,10.143339785077583,0.0015641246741198366,7005.636500135932,1060339708.5191966,0.1835519581141999,-0.162940673828125,-0.0012853686523437435,0.11355195811419988,0.2535519581141999,-0.08,0.08,-0.35,0.35,-0.18,0.18,8500.0,250000000.0,False,True
135.5,45463.281799316406,2985.6798526475577,10.118615594252912,0.001587887042192582,7077.438171911422,1060570431.5246162,0.18272499823910593,-0.16357812133789063,-0.0012643261718749965,0.11272499823910592,0.25272499823910594,-0.08,0.08,-0.35,0.35,-0.18,0.18,8500.0,250000000.0,False,True
136.0,45369.25,2978.5107270566778,10.094319075677182,0.0016116074742302785,7148.708926544959,1060784443.3079652,0.18190833959429,-0.164205,-0.0012430932617187862,0.11190833959429,0.25190833959429004,-0.08,0.08,-0.35,0.35,-0.18,0.18,8500.0,250000000.0,False,True
136.5,45276.817810058594,2971.468683956373,10.07045324590077,0.0016352697140248186,7219.410106233965,1060982375.3556408,0.1811022463138618,-0.1648212145996094,-0.0012216699218750016,0.11110224631386179,0.2511022463138618,-0.08,0.08,-0.35,0.35,-0.18,0.18,8500.0,250000000.0,False,True
137.0,45185.99951171875,2964.5546123349086,10.047021117748553,0.0016588571477846705,7289.50273472313,1061164859.5516115,0.18030698253193092,-0.165426669921875,-0.0012000561523436981,0.11030698253193091,0.25030698253193095,-0.08,0.08,-0.35,0.35,-0.18,0.18,8500.0,250000000.0,False,True
137.5,45096.80938720703,2957.7694000875917,10.024025700341314,0.0016823528167488756,7358.947543055385,1061332527.4612417,0.1795228123826071,-0.1660212707519531,-0.0011782519531250424,0.10952281238260708,0.2495228123826071,-0.08,0.08,-0.35,0.35,-0.18,0.18,8500.0,250000000.0,False,True
138.0,45009.26171875,2951.1139340230284,10.001469999116953,0.00170573943080729,7427.7049960826325,1061486009.6064277,0.17875000000000002,-0.16660492187500003,-0.0011562573242187568,0.10875000000000001,0.24875000000000003,-0.08,0.08,-0.35,0.35,-0.18,0.18,8500.0,250000000.0,False,True
138.5,44923.37078857422,2944.589099869325,9.979357015851507,0.001728999383132018,7495.735319722064,1061625934.732467,0.1779888095182194,-0.16717752807617187,-0.0011340722656249524,0.1079888095182194,0.24798880951821942,-0.08,0.08,-0.35,0.35,-0.18,0.18,8500.0,250000000.0,False,True
139.0,44839.15087890625,2938.19578228022,9.957689748679924,0.0017521147658225802,7562.998528943104,1061752929.0670682,0.17723950507137493,-0.167738994140625,-0.0011116967773437958,0.10723950507137492,0.24723950507137493,-0.08,0.08,-0.35,0.35,-0.18,0.18,8500.0,250000000.0,False,True
139.5,44756.616271972656,2931.934864841167,9.93647119211668,0.001775067386564824,7629.4544564693115,1061867615.5719472,0.1765023507935763,-0.16828922485351566,-0.0010891308593750093,0.10650235079357628,0.2465023507935763,-0.08,0.08,-0.35,0.35,-0.18,0.18,8500.0,250000000.0,False,True
140.0,44675.78125,2925.80723007535,9.91570433707618,0.0017978387863009481,7695.062782178614,1061970613.187432,0.17577761081893314,-0.168828125,-0.0010663745117187595,0.10577761081893314,0.24577761081893315,-0.08,0.08,-0.35,0.35,-0.18,0.18,8500.0,250000000.0,False,True
140.5,44596.660095214844,2919.813759449646,9.895392170892935,0.0018204102579052887,7759.783063184544,1062062536.0705125,0.1750655492815552,-0.16935559936523442,-0.001043427734374991,0.1050655492815552,0.24506554928155522,-0.08,0.08,-0.35,0.35,-0.18,0.18,8500.0,250000000.0,False,True
141.0,44519.26708984375,2913.9553333805284,9.875537677341596,0.0018427628658576915,7823.574764580349,1062143992.8267814,0.17436643031555224,-0.169871552734375,-0.0010202905273437035,0.10436643031555223,0.24436643031555225,-0.08,0.08,-0.35,0.35,-0.18,0.18,8500.0,250000000.0,False,True
141.5,44443.61651611328,2908.2328312399127,9.856143836656756,0.0018648774669033723,7886.39729082693,1062215585.736687,0.17368051805503382,-0.17037588989257813,-0.0009969628906250083,0.10368051805503381,0.24368051805503382,-0.08,0.08,-0.35,0.35,-0.18,0.18,8500.0,250000000.0,False,True
142.0,44369.72265625,2902.64713136095,9.837213625552586,0.0018867347316852518,7948.2100177651255,1062277909.9765736,0.17300807663410972,-0.170868515625,-0.0009734448242187388,0.10300807663410971,0.24300807663410973,-0.08,0.08,-0.35,0.35,-0.18,0.18,8500.0,250000000.0,False,True
142.5,44297.59979248047,2897.199111043762,9.818750017242264,0.0019083151673316063,8008.972325231677,1062331552.8349218,0.17234937018688956,-0.17134933471679686,-0.000949736328125006,0.10234937018688955,0.24234937018688957,-0.08,0.08,-0.35,0.35,-0.18,0.18,8500.0,250000000.0,False,True
143.0,44227.26220703125,2891.8896465611238,9.800755981457243,0.0019295991409788982,8068.643630257996,1062377092.9242709,0.1717046628474831,-0.171818251953125,-0.0009258374023437543,0.10170466284748308,0.2417046628474831,-0.08,0.08,-0.35,0.35,-0.18,0.18,8500.0,250000000.0,False,True
143.5,44158.724182128906,2886.719613164095,9.783234484466332,0.001950566904206357,8127.183420829646,1062415099.389257,0.17107421875,-0.17227517211914062,-0.0009017480468749839,0.10107421875,0.24107421875,-0.08,0.08,-0.35,0.35,-0.18,0.18,8500.0,250000000.0,False,True
144.0,44092.0,2881.6898850875914,9.766188489094581,0.0019711986183557724,8184.551290183988,1062446131.1112247,0.17045830202855,-0.17271999999999998,-0.0008774682617187501,0.10045830202855,0.24045830202855,-0.08,0.08,-0.35,0.35,-0.18,0.18,8500.0,250000000.0,False,True
144.5,44027.103942871094,2876.8013355559106,9.749620954742001,0.0019914743807066928,8240.706971622782,1062470735.9098825,0.1698571768172427,-0.17315264038085937,-0.0008529980468749976,0.09985717681724268,0.2398571768172427,-0.08,0.08,-0.35,0.35,-0.18,0.18,8500.0,250000000.0,False,True
145.0,43964.05029296875,2872.054836788207,9.733534837402127,0.0020113742514739443,8295.610373815613,1062489449.7424608,0.16927110725018785,-0.17357299804687498,-0.0008283374023437817,0.09927110725018784,0.23927110725018785,-0.08,0.08,-0.35,0.35,-0.18,0.18,8500.0,250000000.0,False,True
145.5,43902.85333251953,2867.45126000391,9.717933089680376,0.002030878281591176,8349.221616569579,1062502795.9008366,0.16870035746149514,-0.17398097778320315,-0.0008034863281249915,0.09870035746149514,0.23870035746149515,-0.08,0.08,-0.35,0.35,-0.18,0.18,8500.0,250000000.0,False,True
146.0,43843.52734375,2862.991475428098,9.702818660812255,0.002049966541240756,8401.50106703962,1062511284.2070967,0.16814519158527425,-0.17437648437499997,-0.0007784448242186826,0.09814519158527424,0.23814519158527425,-0.08,0.08,-0.35,0.35,-0.18,0.18,8500.0,250000000.0,False,True
146.5,43786.08660888672,2858.67635229682,9.68819449668141,0.0020686191490872077,8452.409376353593,1062515410.2080284,0.16760587375563488,-0.17475942260742183,-0.0007532128906250213,0.09760587375563487,0.23760587375563488,-0.08,0.08,-0.35,0.35,-0.18,0.18,8500.0,250000000.0,False,True
147.0,43730.54541015625,2854.506758862366,9.674063539837478,0.002086816302168025,8501.907516625073,1062515654.3689982,0.16708266810668673,-0.175129697265625,-0.0007277905273437857,0.09708266810668673,0.23708266810668674,-0.08,0.08,-0.35,0.35,-0.18,0.18,8500.0,250000000.0,True,True
147.5,43676.918029785156,2850.4835623984977,9.660428729513812,0.002104538306392562,8549.956818326451,1062512481.2677292,0.16657583877253945,-0.17548721313476562,-0.0007021777343750313,0.09657583877253945,0.23657583877253946,-0.08,0.08,-0.35,0.35,-0.18,0.18,8500.0,250000000.0,True,True
148.0,43625.21875,2846.6076292056214,9.647293001645018,0.0021217656075964977,8596.5190079939,1062506338.7884495,0.1660856498873028,-0.17583187500000003,-0.0006763745117187581,0.09608564988730278,0.2360856498873028,-0.08,0.08,-0.35,0.35,-0.18,0.18,8500.0,250000000.0,True,True
148.5,43575.461853027344,2842.879824615921,9.634659288884347,0.0021384788230962995,8641.556246235281,1062497657.3169268,0.16561236558508644,-0.17616358764648438,-0.000650380859374966,0.09561236558508643,0.23561236558508644,-0.08,0.08,-0.35,0.35,-0.18,0.18,8500.0,250000000.0,True,True
149.0,43527.66162109375,2839.3010129984405,9.622530520620925,0.0021546587736850868,8685.031166011146,1062486848.9368908,0.16515625,-0.176482255859375,-0.0006241967773437107,0.09515625,0.23515625,-0.08,0.08,-0.35,0.35,-0.18,0.18,8500.0,250000000.0,True,True
149.5,43481.83233642579,2835.872057764125,9.61090962299683,0.0021702865160082912,8726.906911158147,1062474306.6283554,0.16471756726615328,-0.1767877844238281,-0.0005978222656249921,0.09471756726615327,0.23471756726615328,-0.08,0.08,-0.35,0.35,-0.18,0.18,8500.0,250000000.0,True,True
150.0,43437.98828125,2832.59382137081,9.599799518924007,0.0021853433752548035,8767.147175123613,1062460403.4683745,0.16429658151765592,-0.17708007812499998,-0.0005712573242187546,0.09429658151765591,0.23429658151765592,-0.08,0.08,-0.35,0.35,-0.18,0.18,8500.0,250000000.0,True,True
150.5,43396.14373779297,2829.467165328174,9.589203128101051,0.002199810978096396,8805.716239878866,1062445491.8347561,0.1638935568886176,-0.17735904174804684,-0.0005445019531249984,0.09389355688861759,0.2338935568886176,-0.08,0.08,-0.35,0.35,-0.18,0.18,8500.0,250000000.0,True,True
151.0,43356.31298828125,2826.4929502026407,9.579123367029817,0.002213671285805818,8842.579014978428,1062429902.613289,0.16350875751314803,-0.17762458007812498,-0.0005175561523437788,0.09350875751314802,0.23350875751314804,-0.08,0.08,-0.35,0.35,-0.18,0.18,8500.0,250000000.0,True,True
151.5,43318.510314941406,2823.6720356222395,9.569563149031898,0.002226906627481298,8877.70107673082,1062413944.409024,0.1631424475253569,-0.17787659790039062,-0.0004904199218750405,0.09314244752535689,0.2331424475253569,-0.08,0.08,-0.35,0.35,-0.18,0.18,8500.0,250000000.0,True,True
152.0,43282.75,2821.0052802814257,9.56052538426496,0.00223949973330306,8911.04870744636,1062397902.7621951,0.1627948910593539,-0.17811500000000002,-0.0004630932617187278,0.0927948910593539,0.23279489105935391,-0.08,0.08,-0.35,0.35,-0.18,0.18,8500.0,250000000.0,True,True
152.5,43249.046325683594,2818.4935419458525,9.55201297973891,0.002251433767745234,8942.588934725865,1062382039.369345,0.16246635224924869,-0.17833969116210935,-0.0004355761718750073,0.09246635224924868,0.2324663522492487,-0.08,0.08,-0.35,0.35,-0.18,0.18,8500.0,250000000.0,True,True
153.0,43217.41357421875,2816.1376774571086,9.544028839331956,0.0022626923626646476,8972.289570753657,1062366591.310268,0.162157095229151,-0.17855057617187503,-0.000407868652343768,0.092157095229151,0.232157095229151,-0.08,0.08,-0.35,0.35,-0.18,0.18,8500.0,250000000.0,True,True
153.5,43187.86602783203,2813.938542737408,9.536575863806503,0.0022732596501861776,9000.119251556735,1062351770.2813629,0.16186738413317056,-0.17874755981445312,-0.0003799707031249544,0.09186738413317055,0.23186738413317057,-0.08,0.08,-0.35,0.35,-0.18,0.18,8500.0,250000000.0,True,True
154.0,43160.41796875,2811.8969927942394,9.529656950824899,0.0022831202953028954,9026.047476191494,1062337761.8360344,0.161597483095417,-0.17893054687499999,-0.000351882324218733,0.09159748309541699,0.231597483095417,-0.08,0.08,-0.35,0.35,-0.18,0.18,8500.0,250000000.0,True,True
154.5,43135.08367919922,2810.013881724981,9.523274994965092,0.0022922595281077837,9050.044645817752,1062324724.6327873,0.16134765625,-0.17909944213867185,-0.0003236035156249928,0.09134765624999999,0.23134765625,-0.08,0.08,-0.35,0.35,-0.18,0.18,8500.0,250000000.0,True,True
155.0,43111.87744140625,2808.2900627214676,9.517432887736097,0.002300663175572878,9072.08210261913,1062312789.69167,0.1611181677310293,-0.17925415039062498,-0.00029513427734373376,0.09111816773102929,0.2311181677310293,-0.08,0.08,-0.35,0.35,-0.18,0.18,8500.0,250000000.0,True,True
155.5,43090.81353759766,2806.7263880745245,9.512133517593359,0.002308317692790685,9092.132168527376,1062302059.6597514,0.1609092816726146,-0.17939457641601558,-0.00026647460937501144,0.09090928167261458,0.2309092816726146,-0.08,0.08,-0.35,0.35,-0.18,0.18,8500.0,250000000.0,True,True
156.0,43071.90625,2805.323709178458,9.50737976995398,0.002315210193592268,9110.16818370728,1062292608.0863425,0.1607212622088655,-0.179520625,-0.0002376245117187703,0.0907212622088655,0.23072126220886552,-0.08,0.08,-0.35,0.35,-0.18,0.18,8500.0,250000000.0,True,True
156.5,43055.169860839844,2804.0828765355113,9.503174527211813,0.0023213284804559295,9126.164544757172,1062284478.708663,0.16055437347389181,-0.17963220092773435,-0.00020858398437501036,0.09055437347389181,0.23055437347389182,-0.08,0.08,-0.35,0.35,-0.18,0.18,8500.0,250000000.0,True,True
157.0,43040.61865234375,2803.004739760278,9.499520668752426,0.002326661073620555,9140.096742579464,1062277684.7487293,0.16040887960180317,-0.179729208984375,-0.0001793530273437871,0.09040887960180316,0.23040887960180317,-0.08,0.08,-0.35,0.35,-0.18,0.18,8500.0,250000000.0,True,True
157.5,43028.26690673828,2802.0901475840824,9.496421070967946,0.002331197239317706,9151.941399873605,1062272208.2222162,0.16028504472670924,-0.17981155395507814,-0.00014993164062498954,0.09028504472670923,0.23028504472670924,-0.08,0.08,-0.35,0.35,-0.18,0.18,8500.0,250000000.0,True,True
158.0,43018.12890625,2801.339947859319,9.493878607271759,0.0023349270170371947,9161.676308202952,1062267999.2600828,0.16018313298271974,-0.179879140625,-0.00012031982421872867,0.09018313298271974,0.23018313298271975,-0.08,0.08,-0.35,0.35,-0.18,0.18,8500.0,250000000.0,True,True
158.5,43010.21893310547,2800.754987563758,9.491896148113106,0.002337841245741662,9169.280464585752,1062264975.4438007,0.16010340850394442,-0.17993187377929687,-9.05175781250045e-05,0.09010340850394441,0.23010340850394442,-0.08,0.08,-0.35,0.35,-0.18,0.18,8500.0,250000000.0,True,True
159.0,43004.55126953125,2800.3361128048127,9.490476560991553,0.0023399315889467373,9174.73410755878,1062263021.1550124,0.16004613542449286,-0.179969658203125,-6.052490234376151e-05,0.09004613542449286,0.23004613542449287,-0.08,0.08,-0.35,0.35,-0.18,0.18,8500.0,250000000.0,True,True
159.5,43001.140197753906,2800.0841688237724,9.48962271047132,0.0023411905585848693,9178.018752661163,1062261986.9405107,0.16001157787847484,-0.17999239868164063,-3.0341796874999716e-05,0.09001157787847483,0.23001157787847484,-0.08,0.08,-0.35,0.35,-0.18,0.18,8500.0,250000000.0,True,True
160.0,43000.0,2800.0,9.489337458195521,0.0023416115375725103,9179.117227284241,1062261688.8934311,0.16,-0.18,-1.5202636718725238e-05,0.09,0.23,-0.08,0.08,-0.35,0.35,-0.18,0.18,8500.0,250000000.0,True,True
