tier,scenario_id,seed,density_scale,cm_alpha_scale,cm_delta_scale,cm_q_scale,actuator_lag_s,actuator_delay_s,sensor_noise_alpha_rad,sensor_noise_q_radps,sensor_noise_theta_rad,initial_alpha_error_rad,initial_q_error_radps,initial_theta_error_rad,external_disturbance_moment_nm,controller,rms_alpha_error_rad,max_alpha_error_rad,rms_pitch_rate_error_radps,control_effort_abs_rad_s,flap_saturation_fraction,flap_rate_saturation_fraction,alpha_violation_count,pitch_rate_violation_count,solver_failure,unstable_response,failure_label,residual_gain,trajectory_csv,metrics_json,residual_surrogate
moderate,0,55,1.099675655036485,1.1111936835149023,0.8873447595370492,0.8920388602447822,0.17246008473590804,0.5,0.002112697278039903,0.001420628984150504,0.00020335583094168374,-0.03526714350779047,0.043317852661921875,0.00407667571118842,-2288.5715472335214,residual_horizon_nmpc_gain_0,0.06938586282712482,0.11396257498744994,0.037967944635315914,48.35972179724823,0.0,0.09345794392523364,123,0,False,False,alpha_corridor_violation,0.0,outputs/phase11_residual_mpc/moderate/scenario_000/gain_0/trajectory.csv,outputs/phase11_residual_mpc/moderate/scenario_000/gain_0/metrics.json,outputs/phase11_residual_mpc/residual_surrogate.json
moderate,0,55,1.099675655036485,1.1111936835149023,0.8873447595370492,0.8920388602447822,0.17246008473590804,0.5,0.002112697278039903,0.001420628984150504,0.00020335583094168374,-0.03526714350779047,0.043317852661921875,0.00407667571118842,-2288.5715472335214,residual_horizon_nmpc_gain_0.5,0.07217410285956959,0.1134416928636566,0.03706141731298595,37.60735595043404,0.0,0.11526479750778816,122,0,False,False,alpha_corridor_violation,0.5,outputs/phase11_residual_mpc/moderate/scenario_000/gain_0.5/trajectory.csv,outputs/phase11_residual_mpc/moderate/scenario_000/gain_0.5/metrics.json,outputs/phase11_residual_mpc/residual_surrogate.json
moderate,0,55,1.099675655036485,1.1111936835149023,0.8873447595370492,0.8920388602447822,0.17246008473590804,0.5,0.002112697278039903,0.001420628984150504,0.00020335583094168374,-0.03526714350779047,0.043317852661921875,0.00407667571118842,-2288.5715472335214,residual_horizon_nmpc_gain_1,0.07874574638070579,0.11706414518946992,0.03583402454905865,42.70440389011033,0.0,0.08722741433021806,182,0,False,False,alpha_corridor_violation,1.0,outputs/phase11_residual_mpc/moderate/scenario_000/gain_1/trajectory.csv,outputs/phase11_residual_mpc/moderate/scenario_000/gain_1/metrics.json,outputs/phase11_residual_mpc/residual_surrogate.json
moderate,0,55,1.099675655036485,1.1111936835149023,0.8873447595370492,0.8920388602447822,0.17246008473590804,0.5,0.002112697278039903,0.001420628984150504,0.00020335583094168374,-0.03526714350779047,0.043317852661921875,0.00407667571118842,-2288.5715472335214,residual_horizon_nmpc_gain_2,0.09071534884707366,0.12491499214482833,0.03419562594789801,40.00443991992951,0.0,0.08722741433021806,219,0,False,False,alpha_corridor_violation,2.0,outputs/phase11_residual_mpc/moderate/scenario_000/gain_2/trajectory.csv,outputs/phase11_residual_mpc/moderate/scenario_000/gain_2/metrics.json,outputs/phase11_residual_mpc/residual_surrogate.json
moderate,1,56,1.067837814989062,0.8550708443435929,1.1923204271077104,1.08984168484952,0.19047425565328424,0.0,0.001819893511792798,0.0005389072581292835,0.0017670007129131713,-0.042169232542380676,0.037161912636399425,0.003739433990046943,1888.1114567916945,residual_horizon_nmpc_gain_0,0.04799870831494072,0.08829956341347184,0.04135487985002524,46.15847191578098,0.0,0.08722741433021806,65,0,False,False,alpha_corridor_violation,0.0,outputs/phase11_residual_mpc/moderate/scenario_001/gain_0/trajectory.csv,outputs/phase11_residual_mpc/moderate/scenario_001/gain_0/metrics.json,outputs/phase11_residual_mpc/residual_surrogate.json
moderate,1,56,1.067837814989062,0.8550708443435929,1.1923204271077104,1.08984168484952,0.19047425565328424,0.0,0.001819893511792798,0.0005389072581292835,0.0017670007129131713,-0.042169232542380676,0.037161912636399425,0.003739433990046943,1888.1114567916945,residual_horizon_nmpc_gain_0.5,0.0533377430055281,0.0876918813093942,0.039853328835121195,41.034668708611775,0.0,0.07476635514018691,64,0,False,False,alpha_corridor_violation,0.5,outputs/phase11_residual_mpc/moderate/scenario_001/gain_0.5/trajectory.csv,outputs/phase11_residual_mpc/moderate/scenario_001/gain_0.5/metrics.json,outputs/phase11_residual_mpc/residual_surrogate.json
moderate,1,56,1.067837814989062,0.8550708443435929,1.1923204271077104,1.08984168484952,0.19047425565328424,0.0,0.001819893511792798,0.0005389072581292835,0.0017670007129131713,-0.042169232542380676,0.037161912636399425,0.003739433990046943,1888.1114567916945,residual_horizon_nmpc_gain_1,0.060683558265759954,0.09294799743605014,0.03840315463065741,42.82924788563639,0.0,0.10903426791277258,110,0,False,False,alpha_corridor_violation,1.0,outputs/phase11_residual_mpc/moderate/scenario_001/gain_1/trajectory.csv,outputs/phase11_residual_mpc/moderate/scenario_001/gain_1/metrics.json,outputs/phase11_residual_mpc/residual_surrogate.json
moderate,1,56,1.067837814989062,0.8550708443435929,1.1923204271077104,1.08984168484952,0.19047425565328424,0.0,0.001819893511792798,0.0005389072581292835,0.0017670007129131713,-0.042169232542380676,0.037161912636399425,0.003739433990046943,1888.1114567916945,residual_horizon_nmpc_gain_2,0.06924777293881178,0.13840189728476743,0.03722965051381259,46.28568396565281,0.0,0.04672897196261682,131,0,False,False,alpha_corridor_violation,2.0,outputs/phase11_residual_mpc/moderate/scenario_001/gain_2/trajectory.csv,outputs/phase11_residual_mpc/moderate/scenario_001/gain_2/metrics.json,outputs/phase11_residual_mpc/residual_surrogate.json
moderate,2,57,1.0552500109466625,0.9904935904652705,1.1364934679007512,0.9361279231434767,0.13783755517640428,0.5,0.0012876544132459234,0.0010895091536253408,0.0008726206962965641,-0.03988767505303118,0.0403012765601704,-0.0006989770439637954,2243.631407086245,residual_horizon_nmpc_gain_0,0.040019794029023836,0.07132580202395336,0.04378204191743895,48.2772758360096,0.0,0.09968847352024922,8,0,False,False,alpha_corridor_violation,0.0,outputs/phase11_residual_mpc/moderate/scenario_002/gain_0/trajectory.csv,outputs/phase11_residual_mpc/moderate/scenario_002/gain_0/metrics.json,outputs/phase11_residual_mpc/residual_surrogate.json
moderate,2,57,1.0552500109466625,0.9904935904652705,1.1364934679007512,0.9361279231434767,0.13783755517640428,0.5,0.0012876544132459234,0.0010895091536253408,0.0008726206962965641,-0.03988767505303118,0.0403012765601704,-0.0006989770439637954,2243.631407086245,residual_horizon_nmpc_gain_0.5,0.046630370394955725,0.07059794580395407,0.04232870706902965,39.69839250491506,0.0,0.04672897196261682,0,0,False,False,success,0.5,outputs/phase11_residual_mpc/moderate/scenario_002/gain_0.5/trajectory.csv,outputs/phase11_residual_mpc/moderate/scenario_002/gain_0.5/metrics.json,outputs/phase11_residual_mpc/residual_surrogate.json
moderate,2,57,1.0552500109466625,0.9904935904652705,1.1364934679007512,0.9361279231434767,0.13783755517640428,0.5,0.0012876544132459234,0.0010895091536253408,0.0008726206962965641,-0.03988767505303118,0.0403012765601704,-0.0006989770439637954,2243.631407086245,residual_horizon_nmpc_gain_1,0.052177267197258334,0.0887765497431238,0.041381774059229534,41.88881999122539,0.0,0.07476635514018691,55,0,False,False,alpha_corridor_violation,1.0,outputs/phase11_residual_mpc/moderate/scenario_002/gain_1/trajectory.csv,outputs/phase11_residual_mpc/moderate/scenario_002/gain_1/metrics.json,outputs/phase11_residual_mpc/residual_surrogate.json
moderate,2,57,1.0552500109466625,0.9904935904652705,1.1364934679007512,0.9361279231434767,0.13783755517640428,0.5,0.0012876544132459234,0.0010895091536253408,0.0008726206962965641,-0.03988767505303118,0.0403012765601704,-0.0006989770439637954,2243.631407086245,residual_horizon_nmpc_gain_2,0.05760320131958934,0.1256140569135248,0.04056141135045786,41.42620114853273,0.0,0.0529595015576324,68,0,False,False,alpha_corridor_violation,2.0,outputs/phase11_residual_mpc/moderate/scenario_002/gain_2/trajectory.csv,outputs/phase11_residual_mpc/moderate/scenario_002/gain_2/metrics.json,outputs/phase11_residual_mpc/residual_surrogate.json
moderate,3,58,0.9427035401698733,1.1139500827692312,0.8972365808628847,0.8833681862461437,0.2960345266189571,1.0,0.0009159976169144701,0.00020772178158287347,0.001579716448980541,-0.02224949176908563,0.04723591983330609,-0.009198019703474421,2252.732574594433,residual_horizon_nmpc_gain_0,0.035050801962031926,0.07746894545256486,0.048760398042876386,49.89390224735669,0.0,0.059190031152647975,21,0,False,False,alpha_corridor_violation,0.0,outputs/phase11_residual_mpc/moderate/scenario_003/gain_0/trajectory.csv,outputs/phase11_residual_mpc/moderate/scenario_003/gain_0/metrics.json,outputs/phase11_residual_mpc/residual_surrogate.json
moderate,3,58,0.9427035401698733,1.1139500827692312,0.8972365808628847,0.8833681862461437,0.2960345266189571,1.0,0.0009159976169144701,0.00020772178158287347,0.001579716448980541,-0.02224949176908563,0.04723591983330609,-0.009198019703474421,2252.732574594433,residual_horizon_nmpc_gain_0.5,0.037619365228932854,0.0775735247364377,0.04804646294734782,39.19777695654172,0.0,0.028037383177570093,22,0,False,False,alpha_corridor_violation,0.5,outputs/phase11_residual_mpc/moderate/scenario_003/gain_0.5/trajectory.csv,outputs/phase11_residual_mpc/moderate/scenario_003/gain_0.5/metrics.json,outputs/phase11_residual_mpc/residual_surrogate.json
moderate,3,58,0.9427035401698733,1.1139500827692312,0.8972365808628847,0.8833681862461437,0.2960345266189571,1.0,0.0009159976169144701,0.00020772178158287347,0.001579716448980541,-0.02224949176908563,0.04723591983330609,-0.009198019703474421,2252.732574594433,residual_horizon_nmpc_gain_1,0.03860335265658486,0.07758505474043914,0.047720270392778284,34.88965839122959,0.0,0.0,23,0,False,False,alpha_corridor_violation,1.0,outputs/phase11_residual_mpc/moderate/scenario_003/gain_1/trajectory.csv,outputs/phase11_residual_mpc/moderate/scenario_003/gain_1/metrics.json,outputs/phase11_residual_mpc/residual_surrogate.json
moderate,3,58,0.9427035401698733,1.1139500827692312,0.8972365808628847,0.8833681862461437,0.2960345266189571,1.0,0.0009159976169144701,0.00020772178158287347,0.001579716448980541,-0.02224949176908563,0.04723591983330609,-0.009198019703474421,2252.732574594433,residual_horizon_nmpc_gain_2,0.0380024400262176,0.07759082299434833,0.047935599454641736,31.73673293553737,0.0,0.0,22,0,False,False,alpha_corridor_violation,2.0,outputs/phase11_residual_mpc/moderate/scenario_003/gain_2/trajectory.csv,outputs/phase11_residual_mpc/moderate/scenario_003/gain_2/metrics.json,outputs/phase11_residual_mpc/residual_surrogate.json
moderate,4,59,1.0263241475999092,1.0978198504596506,0.8467775120989001,0.9509718434702744,0.06519182255015281,0.0,1.745874008911086e-05,0.0014589760408944903,0.00031099084968804126,-0.02196446416086214,0.04507563176598882,0.008256747261127528,-1953.0550355784214,residual_horizon_nmpc_gain_0,0.06249973397212256,0.10199685312169682,0.03991582917156234,47.273310263558116,0.0,0.13395638629283488,104,0,False,False,alpha_corridor_violation,0.0,outputs/phase11_residual_mpc/moderate/scenario_004/gain_0/trajectory.csv,outputs/phase11_residual_mpc/moderate/scenario_004/gain_0/metrics.json,outputs/phase11_residual_mpc/residual_surrogate.json
moderate,4,59,1.0263241475999092,1.0978198504596506,0.8467775120989001,0.9509718434702744,0.06519182255015281,0.0,1.745874008911086e-05,0.0014589760408944903,0.00031099084968804126,-0.02196446416086214,0.04507563176598882,0.008256747261127528,-1953.0550355784214,residual_horizon_nmpc_gain_0.5,0.06631322971218755,0.10154952152204696,0.038858547941056955,36.464336563305274,0.0,0.1588785046728972,102,0,False,False,alpha_corridor_violation,0.5,outputs/phase11_residual_mpc/moderate/scenario_004/gain_0.5/trajectory.csv,outputs/phase11_residual_mpc/moderate/scenario_004/gain_0.5/metrics.json,outputs/phase11_residual_mpc/residual_surrogate.json
moderate,4,59,1.0263241475999092,1.0978198504596506,0.8467775120989001,0.9509718434702744,0.06519182255015281,0.0,1.745874008911086e-05,0.0014589760408944903,0.00031099084968804126,-0.02196446416086214,0.04507563176598882,0.008256747261127528,-1953.0550355784214,residual_horizon_nmpc_gain_1,0.07336710772568232,0.10524098812758079,0.03759486662224394,39.90417013185984,0.0,0.14018691588785046,177,0,False,False,alpha_corridor_violation,1.0,outputs/phase11_residual_mpc/moderate/scenario_004/gain_1/trajectory.csv,outputs/phase11_residual_mpc/moderate/scenario_004/gain_1/metrics.json,outputs/phase11_residual_mpc/residual_surrogate.json
moderate,4,59,1.0263241475999092,1.0978198504596506,0.8467775120989001,0.9509718434702744,0.06519182255015281,0.0,1.745874008911086e-05,0.0014589760408944903,0.00031099084968804126,-0.02196446416086214,0.04507563176598882,0.008256747261127528,-1953.0550355784214,residual_horizon_nmpc_gain_2,0.08452135123755795,0.13934618156156245,0.0362605736221551,41.63751325034881,0.0,0.09034267912772585,212,0,False,False,alpha_corridor_violation,2.0,outputs/phase11_residual_mpc/moderate/scenario_004/gain_2/trajectory.csv,outputs/phase11_residual_mpc/moderate/scenario_004/gain_2/metrics.json,outputs/phase11_residual_mpc/residual_surrogate.json
moderate,5,60,0.9472851438103829,0.8581439175685014,0.8218883549768894,1.1961966085206186,0.3021514856561525,1.0,0.002904553797721493,0.0014873038666191403,0.0011797634968893586,-0.040412614765709766,0.050130858041308214,-0.01917497838311747,339.20421081160555,residual_horizon_nmpc_gain_0,0.04007984416881059,0.08584403491522452,0.048083205574999496,49.19503043758249,0.0,0.11838006230529595,31,0,False,False,alpha_corridor_violation,0.0,outputs/phase11_residual_mpc/moderate/scenario_005/gain_0/trajectory.csv,outputs/phase11_residual_mpc/moderate/scenario_005/gain_0/metrics.json,outputs/phase11_residual_mpc/residual_surrogate.json
moderate,5,60,0.9472851438103829,0.8581439175685014,0.8218883549768894,1.1961966085206186,0.3021514856561525,1.0,0.002904553797721493,0.0014873038666191403,0.0011797634968893586,-0.040412614765709766,0.050130858041308214,-0.01917497838311747,339.20421081160555,residual_horizon_nmpc_gain_0.5,0.043195342575010905,0.08594703664572662,0.04715049774923438,38.6781374768499,0.0,0.040498442367601244,32,0,False,False,alpha_corridor_violation,0.5,outputs/phase11_residual_mpc/moderate/scenario_005/gain_0.5/trajectory.csv,outputs/phase11_residual_mpc/moderate/scenario_005/gain_0.5/metrics.json,outputs/phase11_residual_mpc/residual_surrogate.json
moderate,5,60,0.9472851438103829,0.8581439175685014,0.8218883549768894,1.1961966085206186,0.3021514856561525,1.0,0.002904553797721493,0.0014873038666191403,0.0011797634968893586,-0.040412614765709766,0.050130858041308214,-0.01917497838311747,339.20421081160555,residual_horizon_nmpc_gain_1,0.04508497286830841,0.08595835975461363,0.04663459928419733,35.633817463864915,0.0,0.021806853582554516,34,0,False,False,alpha_corridor_violation,1.0,outputs/phase11_residual_mpc/moderate/scenario_005/gain_1/trajectory.csv,outputs/phase11_residual_mpc/moderate/scenario_005/gain_1/metrics.json,outputs/phase11_residual_mpc/residual_surrogate.json
moderate,5,60,0.9472851438103829,0.8581439175685014,0.8218883549768894,1.1961966085206186,0.3021514856561525,1.0,0.002904553797721493,0.0014873038666191403,0.0011797634968893586,-0.040412614765709766,0.050130858041308214,-0.01917497838311747,339.20421081160555,residual_horizon_nmpc_gain_2,0.04465917926572376,0.08596402222646948,0.046753029979108934,31.73669139583071,0.0,0.0,33,0,False,False,alpha_corridor_violation,2.0,outputs/phase11_residual_mpc/moderate/scenario_005/gain_2/trajectory.csv,outputs/phase11_residual_mpc/moderate/scenario_005/gain_2/metrics.json,outputs/phase11_residual_mpc/residual_surrogate.json
moderate,6,61,0.9623122848632923,1.08158068545768,1.068457241400226,1.0836619346162633,0.15181347760620825,1.0,0.002994278568569675,0.0014215992020767117,0.0005768931239277049,-0.029436407225376708,0.04991251707174247,0.004186027688699627,365.6368989117598,residual_horizon_nmpc_gain_0,0.04170962074041876,0.08554521328447273,0.047266958809464785,48.33442545095014,0.0,0.12461059190031153,30,0,False,False,alpha_corridor_violation,0.0,outputs/phase11_residual_mpc/moderate/scenario_006/gain_0/trajectory.csv,outputs/phase11_residual_mpc/moderate/scenario_006/gain_0/metrics.json,outputs/phase11_residual_mpc/residual_surrogate.json
moderate,6,61,0.9623122848632923,1.08158068545768,1.068457241400226,1.0836619346162633,0.15181347760620825,1.0,0.002994278568569675,0.0014215992020767117,0.0005768931239277049,-0.029436407225376708,0.04991251707174247,0.004186027688699627,365.6368989117598,residual_horizon_nmpc_gain_0.5,0.0488112445375647,0.08567239450887107,0.04595084041458201,37.50389137787329,0.0,0.07476635514018691,44,0,False,False,alpha_corridor_violation,0.5,outputs/phase11_residual_mpc/moderate/scenario_006/gain_0.5/trajectory.csv,outputs/phase11_residual_mpc/moderate/scenario_006/gain_0.5/metrics.json,outputs/phase11_residual_mpc/residual_surrogate.json
moderate,6,61,0.9623122848632923,1.08158068545768,1.068457241400226,1.0836619346162633,0.15181347760620825,1.0,0.002994278568569675,0.0014215992020767117,0.0005768931239277049,-0.029436407225376708,0.04991251707174247,0.004186027688699627,365.6368989117598,residual_horizon_nmpc_gain_1,0.05405260268893136,0.1053185828983148,0.0451123326853716,33.14859633552118,0.0,0.07476635514018691,60,0,False,False,alpha_corridor_violation,1.0,outputs/phase11_residual_mpc/moderate/scenario_006/gain_1/trajectory.csv,outputs/phase11_residual_mpc/moderate/scenario_006/gain_1/metrics.json,outputs/phase11_residual_mpc/residual_surrogate.json
moderate,6,61,0.9623122848632923,1.08158068545768,1.068457241400226,1.0836619346162633,0.15181347760620825,1.0,0.002994278568569675,0.0014215992020767117,0.0005768931239277049,-0.029436407225376708,0.04991251707174247,0.004186027688699627,365.6368989117598,residual_horizon_nmpc_gain_2,0.054149502597044104,0.11793043787082026,0.045209940887713435,31.770019681971924,0.0,0.0,59,0,False,False,alpha_corridor_violation,2.0,outputs/phase11_residual_mpc/moderate/scenario_006/gain_2/trajectory.csv,outputs/phase11_residual_mpc/moderate/scenario_006/gain_2/metrics.json,outputs/phase11_residual_mpc/residual_surrogate.json
moderate,7,62,1.0327960500573494,1.0743319912045537,1.112278953735189,0.9151421317114131,0.24263274437772925,0.5,0.0015409049665688031,0.001310924831518817,0.0024801614615146002,-0.042927603471438924,0.053090159356097025,-0.0191536012615999,-1423.905416998581,residual_horizon_nmpc_gain_0,0.048487095729652714,0.09548190109093832,0.04654181445760257,44.394637138313925,0.0,0.13395638629283488,38,0,False,False,alpha_corridor_violation,0.0,outputs/phase11_residual_mpc/moderate/scenario_007/gain_0/trajectory.csv,outputs/phase11_residual_mpc/moderate/scenario_007/gain_0/metrics.json,outputs/phase11_residual_mpc/residual_surrogate.json
moderate,7,62,1.0327960500573494,1.0743319912045537,1.112278953735189,0.9151421317114131,0.24263274437772925,0.5,0.0015409049665688031,0.001310924831518817,0.0024801614615146002,-0.042927603471438924,0.053090159356097025,-0.0191536012615999,-1423.905416998581,residual_horizon_nmpc_gain_0.5,0.0584329020529824,0.09563340879047783,0.04474095028068633,33.15879412069487,0.0,0.11838006230529595,70,0,False,False,alpha_corridor_violation,0.5,outputs/phase11_residual_mpc/moderate/scenario_007/gain_0.5/trajectory.csv,outputs/phase11_residual_mpc/moderate/scenario_007/gain_0.5/metrics.json,outputs/phase11_residual_mpc/residual_surrogate.json
moderate,7,62,1.0327960500573494,1.0743319912045537,1.112278953735189,0.9151421317114131,0.24263274437772925,0.5,0.0015409049665688031,0.001310924831518817,0.0024801614615146002,-0.042927603471438924,0.053090159356097025,-0.0191536012615999,-1423.905416998581,residual_horizon_nmpc_gain_1,0.06415158270472925,0.09672676698775244,0.0439441133628727,32.19190099055669,0.0,0.14330218068535824,96,0,False,False,alpha_corridor_violation,1.0,outputs/phase11_residual_mpc/moderate/scenario_007/gain_1/trajectory.csv,outputs/phase11_residual_mpc/moderate/scenario_007/gain_1/metrics.json,outputs/phase11_residual_mpc/residual_surrogate.json
moderate,7,62,1.0327960500573494,1.0743319912045537,1.112278953735189,0.9151421317114131,0.24263274437772925,0.5,0.0015409049665688031,0.001310924831518817,0.0024801614615146002,-0.042927603471438924,0.053090159356097025,-0.0191536012615999,-1423.905416998581,residual_horizon_nmpc_gain_2,0.07126774205355418,0.15681761196430166,0.0435485732206037,31.928503618288524,0.0,0.0,97,0,False,False,alpha_corridor_violation,2.0,outputs/phase11_residual_mpc/moderate/scenario_007/gain_2/trajectory.csv,outputs/phase11_residual_mpc/moderate/scenario_007/gain_2/metrics.json,outputs/phase11_residual_mpc/residual_surrogate.json
moderate,8,63,1.0180238115686702,1.1476776606578871,0.8786749505372946,1.0021150448890466,0.07013268800964144,0.5,0.0011028593964723177,0.0004317192519537778,0.0012412082361867287,-0.020315401459835056,0.04644377946404173,-0.0004817541018459792,-1592.455564172357,residual_horizon_nmpc_gain_0,0.057154444911287794,0.09173403042211917,0.04148198132436053,47.30462081279585,0.0,0.09968847352024922,83,0,False,False,alpha_corridor_violation,0.0,outputs/phase11_residual_mpc/moderate/scenario_008/gain_0/trajectory.csv,outputs/phase11_residual_mpc/moderate/scenario_008/gain_0/metrics.json,outputs/phase11_residual_mpc/residual_surrogate.json
moderate,8,63,1.0180238115686702,1.1476776606578871,0.8786749505372946,1.0021150448890466,0.07013268800964144,0.5,0.0011028593964723177,0.0004317192519537778,0.0012412082361867287,-0.020315401459835056,0.04644377946404173,-0.0004817541018459792,-1592.455564172357,residual_horizon_nmpc_gain_0.5,0.06286188096170749,0.09115965386099403,0.040144969221806305,35.03984861998815,0.0,0.056074766355140186,82,0,False,False,alpha_corridor_violation,0.5,outputs/phase11_residual_mpc/moderate/scenario_008/gain_0.5/trajectory.csv,outputs/phase11_residual_mpc/moderate/scenario_008/gain_0.5/metrics.json,outputs/phase11_residual_mpc/residual_surrogate.json
moderate,8,63,1.0180238115686702,1.1476776606578871,0.8786749505372946,1.0021150448890466,0.07013268800964144,0.5,0.0011028593964723177,0.0004317192519537778,0.0012412082361867287,-0.020315401459835056,0.04644377946404173,-0.0004817541018459792,-1592.455564172357,residual_horizon_nmpc_gain_1,0.06756902128826676,0.09113703736761086,0.03938648590470697,41.40666786917508,0.0,0.07476635514018691,141,0,False,False,alpha_corridor_violation,1.0,outputs/phase11_residual_mpc/moderate/scenario_008/gain_1/trajectory.csv,outputs/phase11_residual_mpc/moderate/scenario_008/gain_1/metrics.json,outputs/phase11_residual_mpc/residual_surrogate.json
moderate,8,63,1.0180238115686702,1.1476776606578871,0.8786749505372946,1.0021150448890466,0.07013268800964144,0.5,0.0011028593964723177,0.0004317192519537778,0.0012412082361867287,-0.020315401459835056,0.04644377946404173,-0.0004817541018459792,-1592.455564172357,residual_horizon_nmpc_gain_2,0.08080392617202856,0.14880581789098193,0.03778312276815982,42.044098194618975,0.0,0.0529595015576324,205,0,False,False,alpha_corridor_violation,2.0,outputs/phase11_residual_mpc/moderate/scenario_008/gain_2/trajectory.csv,outputs/phase11_residual_mpc/moderate/scenario_008/gain_2/metrics.json,outputs/phase11_residual_mpc/residual_surrogate.json
moderate,9,64,1.1330480358221209,1.0070018887422227,0.8262843749716177,0.9274235112624596,0.30044609995951377,1.0,0.0029560957500721105,0.0009380721776113753,0.000451621436160318,-0.04898561862990772,0.04491250406958837,0.0022242335183021524,968.9782197362363,residual_horizon_nmpc_gain_0,0.041773222306808355,0.06693500040526665,0.04471611161205518,46.5845270496553,0.0,0.12149532710280374,0,0,False,False,success,0.0,outputs/phase11_residual_mpc/moderate/scenario_009/gain_0/trajectory.csv,outputs/phase11_residual_mpc/moderate/scenario_009/gain_0/metrics.json,outputs/phase11_residual_mpc/residual_surrogate.json
moderate,9,64,1.1330480358221209,1.0070018887422227,0.8262843749716177,0.9274235112624596,0.30044609995951377,1.0,0.0029560957500721105,0.0009380721776113753,0.000451621436160318,-0.04898561862990772,0.04491250406958837,0.0022242335183021524,968.9782197362363,residual_horizon_nmpc_gain_0.5,0.04879135625745122,0.0729972939595125,0.04329574429641955,37.51238316935526,0.0,0.07165109034267912,15,0,False,False,alpha_corridor_violation,0.5,outputs/phase11_residual_mpc/moderate/scenario_009/gain_0.5/trajectory.csv,outputs/phase11_residual_mpc/moderate/scenario_009/gain_0.5/metrics.json,outputs/phase11_residual_mpc/residual_surrogate.json
moderate,9,64,1.1330480358221209,1.0070018887422227,0.8262843749716177,0.9274235112624596,0.30044609995951377,1.0,0.0029560957500721105,0.0009380721776113753,0.000451621436160318,-0.04898561862990772,0.04491250406958837,0.0022242335183021524,968.9782197362363,residual_horizon_nmpc_gain_1,0.052235038286606895,0.0923586139915603,0.042764607960929124,39.7040312757716,0.0,0.0529595015576324,26,0,False,False,alpha_corridor_violation,1.0,outputs/phase11_residual_mpc/moderate/scenario_009/gain_1/trajectory.csv,outputs/phase11_residual_mpc/moderate/scenario_009/gain_1/metrics.json,outputs/phase11_residual_mpc/residual_surrogate.json
moderate,9,64,1.1330480358221209,1.0070018887422227,0.8262843749716177,0.9274235112624596,0.30044609995951377,1.0,0.0029560957500721105,0.0009380721776113753,0.000451621436160318,-0.04898561862990772,0.04491250406958837,0.0022242335183021524,968.9782197362363,residual_horizon_nmpc_gain_2,0.05498628899580339,0.11091814796341132,0.04228753860782755,32.472889966625,0.0,0.018691588785046728,28,0,False,False,alpha_corridor_violation,2.0,outputs/phase11_residual_mpc/moderate/scenario_009/gain_2/trajectory.csv,outputs/phase11_residual_mpc/moderate/scenario_009/gain_2/metrics.json,outputs/phase11_residual_mpc/residual_surrogate.json
moderate,10,65,0.8642174456390412,1.005466653261876,0.9499434253485177,0.8914714093255712,0.32960311763802463,0.5,0.0008365525317918986,6.46762207459785e-05,0.00043271742188083696,-0.04968044093642936,0.042852932412735696,-0.01897115270827847,2221.850917262168,residual_horizon_nmpc_gain_0,0.03545028138467337,0.060405984451225414,0.046021729913619754,50.07394785762336,0.0,0.04984423676012461,0,0,False,False,success,0.0,outputs/phase11_residual_mpc/moderate/scenario_010/gain_0/trajectory.csv,outputs/phase11_residual_mpc/moderate/scenario_010/gain_0/metrics.json,outputs/phase11_residual_mpc/residual_surrogate.json
moderate,10,65,0.8642174456390412,1.005466653261876,0.9499434253485177,0.8914714093255712,0.32960311763802463,0.5,0.0008365525317918986,6.46762207459785e-05,0.00043271742188083696,-0.04968044093642936,0.042852932412735696,-0.01897115270827847,2221.850917262168,residual_horizon_nmpc_gain_0.5,0.037793417013895145,0.06530269050124676,0.04523253508378818,42.73433967686854,0.0,0.021806853582554516,0,0,False,False,success,0.5,outputs/phase11_residual_mpc/moderate/scenario_010/gain_0.5/trajectory.csv,outputs/phase11_residual_mpc/moderate/scenario_010/gain_0.5/metrics.json,outputs/phase11_residual_mpc/residual_surrogate.json
moderate,10,65,0.8642174456390412,1.005466653261876,0.9499434253485177,0.8914714093255712,0.32960311763802463,0.5,0.0008365525317918986,6.46762207459785e-05,0.00043271742188083696,-0.04968044093642936,0.042852932412735696,-0.01897115270827847,2221.850917262168,residual_horizon_nmpc_gain_1,0.03910592878887605,0.06812162371253834,0.044842516922259684,42.70122076296668,0.0,0.03115264797507788,0,0,False,False,success,1.0,outputs/phase11_residual_mpc/moderate/scenario_010/gain_1/trajectory.csv,outputs/phase11_residual_mpc/moderate/scenario_010/gain_1/metrics.json,outputs/phase11_residual_mpc/residual_surrogate.json
moderate,10,65,0.8642174456390412,1.005466653261876,0.9499434253485177,0.8914714093255712,0.32960311763802463,0.5,0.0008365525317918986,6.46762207459785e-05,0.00043271742188083696,-0.04968044093642936,0.042852932412735696,-0.01897115270827847,2221.850917262168,residual_horizon_nmpc_gain_2,0.04018543796955797,0.06936658681898547,0.044588863471861244,31.821859134878945,0.0,0.0,0,0,False,False,success,2.0,outputs/phase11_residual_mpc/moderate/scenario_010/gain_2/trajectory.csv,outputs/phase11_residual_mpc/moderate/scenario_010/gain_2/metrics.json,outputs/phase11_residual_mpc/residual_surrogate.json
moderate,11,66,1.1271201633807792,1.057845439337298,0.8291739104917131,1.0497015221724948,0.165381683907133,1.0,0.00030848479803221776,0.0006562873235056894,0.001380134036191736,-0.02273632069936974,0.05238554387091182,0.0011889161663444536,-1809.8046884581565,residual_horizon_nmpc_gain_0,0.051324888909493896,0.09327803779142621,0.04538645983433362,46.82049185009982,0.0,0.13707165109034267,36,0,False,False,alpha_corridor_violation,0.0,outputs/phase11_residual_mpc/moderate/scenario_011/gain_0/trajectory.csv,outputs/phase11_residual_mpc/moderate/scenario_011/gain_0/metrics.json,outputs/phase11_residual_mpc/residual_surrogate.json
moderate,11,66,1.1271201633807792,1.057845439337298,0.8291739104917131,1.0497015221724948,0.165381683907133,1.0,0.00030848479803221776,0.0006562873235056894,0.001380134036191736,-0.02273632069936974,0.05238554387091182,0.0011889161663444536,-1809.8046884581565,residual_horizon_nmpc_gain_0.5,0.06053996616899636,0.09338567364002692,0.043667792970287445,31.921631823485683,0.0,0.08099688473520249,69,0,False,False,alpha_corridor_violation,0.5,outputs/phase11_residual_mpc/moderate/scenario_011/gain_0.5/trajectory.csv,outputs/phase11_residual_mpc/moderate/scenario_011/gain_0.5/metrics.json,outputs/phase11_residual_mpc/residual_surrogate.json
moderate,11,66,1.1271201633807792,1.057845439337298,0.8291739104917131,1.0497015221724948,0.165381683907133,1.0,0.00030848479803221776,0.0006562873235056894,0.001380134036191736,-0.02273632069936974,0.05238554387091182,0.0011889161663444536,-1809.8046884581565,residual_horizon_nmpc_gain_1,0.06533964372056958,0.09339771080622314,0.04295846677557338,33.51467928625596,0.0,0.09034267912772585,94,0,False,False,alpha_corridor_violation,1.0,outputs/phase11_residual_mpc/moderate/scenario_011/gain_1/trajectory.csv,outputs/phase11_residual_mpc/moderate/scenario_011/gain_1/metrics.json,outputs/phase11_residual_mpc/residual_surrogate.json
moderate,11,66,1.1271201633807792,1.057845439337298,0.8291739104917131,1.0497015221724948,0.165381683907133,1.0,0.00030848479803221776,0.0006562873235056894,0.001380134036191736,-0.02273632069936974,0.05238554387091182,0.0011889161663444536,-1809.8046884581565,residual_horizon_nmpc_gain_2,0.0721968576020795,0.1437514259165124,0.042345650405133606,31.76747682088863,0.0,0.0,110,0,False,False,alpha_corridor_violation,2.0,outputs/phase11_residual_mpc/moderate/scenario_011/gain_2/trajectory.csv,outputs/phase11_residual_mpc/moderate/scenario_011/gain_2/metrics.json,outputs/phase11_residual_mpc/residual_surrogate.json
stress,0,10055,0.8378955015168319,0.8134079790400522,0.7897704751772718,0.6506121034875804,0.25618239868043924,1.5,0.00549036831476468,0.0016894853408081832,0.007680079439061039,-0.004471479429947158,0.06201083925618894,0.04666073176012917,-2194.1579157675574,residual_horizon_nmpc_gain_0,0.056183970976635966,0.13486154472275538,0.05237711636799984,47.596841149007304,0.0,0.11214953271028037,65,0,False,True,unstable_response,0.0,outputs/phase11_residual_mpc/stress/scenario_000/gain_0/trajectory.csv,outputs/phase11_residual_mpc/stress/scenario_000/gain_0/metrics.json,outputs/phase11_residual_mpc/residual_surrogate.json
stress,0,10055,0.8378955015168319,0.8134079790400522,0.7897704751772718,0.6506121034875804,0.25618239868043924,1.5,0.00549036831476468,0.0016894853408081832,0.007680079439061039,-0.004471479429947158,0.06201083925618894,0.04666073176012917,-2194.1579157675574,residual_horizon_nmpc_gain_0.5,0.05842252631570654,0.13493799962789801,0.05165890224903547,38.708155329131415,0.0,0.0,66,0,False,False,alpha_corridor_violation,0.5,outputs/phase11_residual_mpc/stress/scenario_000/gain_0.5/trajectory.csv,outputs/phase11_residual_mpc/stress/scenario_000/gain_0.5/metrics.json,outputs/phase11_residual_mpc/residual_surrogate.json
stress,0,10055,0.8378955015168319,0.8134079790400522,0.7897704751772718,0.6506121034875804,0.25618239868043924,1.5,0.00549036831476468,0.0016894853408081832,0.007680079439061039,-0.004471479429947158,0.06201083925618894,0.04666073176012917,-2194.1579157675574,residual_horizon_nmpc_gain_1,0.05820170707592411,0.1349464861102774,0.051764508742376154,35.01718587819235,0.0,0.0,65,0,False,False,alpha_corridor_violation,1.0,outputs/phase11_residual_mpc/stress/scenario_000/gain_1/trajectory.csv,outputs/phase11_residual_mpc/stress/scenario_000/gain_1/metrics.json,outputs/phase11_residual_mpc/residual_surrogate.json
stress,0,10055,0.8378955015168319,0.8134079790400522,0.7897704751772718,0.6506121034875804,0.25618239868043924,1.5,0.00549036831476468,0.0016894853408081832,0.007680079439061039,-0.004471479429947158,0.06201083925618894,0.04666073176012917,-2194.1579157675574,residual_horizon_nmpc_gain_2,0.05781741462919965,0.13495072947357126,0.051935690258718185,31.58589662916389,0.0,0.0,65,0,False,False,alpha_corridor_violation,2.0,outputs/phase11_residual_mpc/stress/scenario_000/gain_2/trajectory.csv,outputs/phase11_residual_mpc/stress/scenario_000/gain_2/metrics.json,outputs/phase11_residual_mpc/residual_surrogate.json
stress,1,10056,0.9303608946512464,0.8454174308359381,1.2293875720674339,0.6485713174581409,0.6573352173100183,1.0,0.003974919790454923,0.001090421166685319,0.006246505115645126,-0.06077663813443997,0.04369178412569492,0.011423261993863554,-68.50071747811049,residual_horizon_nmpc_gain_0,0.04845259329975962,0.08293035623301778,0.04266324581878317,47.66470829248516,0.0,0.09657320872274143,56,0,False,False,alpha_corridor_violation,0.0,outputs/phase11_residual_mpc/stress/scenario_001/gain_0/trajectory.csv,outputs/phase11_residual_mpc/stress/scenario_001/gain_0/metrics.json,outputs/phase11_residual_mpc/residual_surrogate.json
stress,1,10056,0.9303608946512464,0.8454174308359381,1.2293875720674339,0.6485713174581409,0.6573352173100183,1.0,0.003974919790454923,0.001090421166685319,0.006246505115645126,-0.06077663813443997,0.04369178412569492,0.011423261993863554,-68.50071747811049,residual_horizon_nmpc_gain_0.5,0.054758762111393376,0.08206276217483494,0.04117836191741402,38.422629340612886,0.0,0.06853582554517133,54,0,False,False,alpha_corridor_violation,0.5,outputs/phase11_residual_mpc/stress/scenario_001/gain_0.5/trajectory.csv,outputs/phase11_residual_mpc/stress/scenario_001/gain_0.5/metrics.json,outputs/phase11_residual_mpc/residual_surrogate.json
stress,1,10056,0.9303608946512464,0.8454174308359381,1.2293875720674339,0.6485713174581409,0.6573352173100183,1.0,0.003974919790454923,0.001090421166685319,0.006246505115645126,-0.06077663813443997,0.04369178412569492,0.011423261993863554,-68.50071747811049,residual_horizon_nmpc_gain_1,0.06007490982400731,0.08485001744424908,0.040207992399571145,41.59141750783098,0.0,0.07165109034267912,102,0,False,False,alpha_corridor_violation,1.0,outputs/phase11_residual_mpc/stress/scenario_001/gain_1/trajectory.csv,outputs/phase11_residual_mpc/stress/scenario_001/gain_1/metrics.json,outputs/phase11_residual_mpc/residual_surrogate.json
stress,1,10056,0.9303608946512464,0.8454174308359381,1.2293875720674339,0.6485713174581409,0.6573352173100183,1.0,0.003974919790454923,0.001090421166685319,0.006246505115645126,-0.06077663813443997,0.04369178412569492,0.011423261993863554,-68.50071747811049,residual_horizon_nmpc_gain_2,0.07071878863022031,0.14183958417517614,0.03879351413829222,42.24488454546707,0.0,0.037383177570093455,135,0,False,False,alpha_corridor_violation,2.0,outputs/phase11_residual_mpc/stress/scenario_001/gain_2/trajectory.csv,outputs/phase11_residual_mpc/stress/scenario_001/gain_2/metrics.json,outputs/phase11_residual_mpc/residual_surrogate.json
stress,2,10057,0.8866800433930975,0.9276352786236607,0.7499245797839396,0.7309926130233437,0.2586107576985939,1.0,0.004478437066488493,0.0012923100994562892,0.005160534056958272,-0.041606195997913514,0.04669296781546167,-0.02284003464815019,6107.333239994104,residual_horizon_nmpc_gain_0,0.053873141272070504,0.0814072418965919,0.05921682683236375,55.482410275943465,0.0,0.009345794392523364,90,0,False,True,unstable_response,0.0,outputs/phase11_residual_mpc/stress/scenario_002/gain_0/trajectory.csv,outputs/phase11_residual_mpc/stress/scenario_002/gain_0/metrics.json,outputs/phase11_residual_mpc/residual_surrogate.json
stress,2,10057,0.8866800433930975,0.9276352786236607,0.7499245797839396,0.7309926130233437,0.2586107576985939,1.0,0.004478437066488493,0.0012923100994562892,0.005160534056958272,-0.041606195997913514,0.04669296781546167,-0.02284003464815019,6107.333239994104,residual_horizon_nmpc_gain_0.5,0.054420727397548434,0.08226801286024724,0.059382310672789686,39.02195605834706,0.0,0.0,92,0,False,True,unstable_response,0.5,outputs/phase11_residual_mpc/stress/scenario_002/gain_0.5/trajectory.csv,outputs/phase11_residual_mpc/stress/scenario_002/gain_0.5/metrics.json,outputs/phase11_residual_mpc/residual_surrogate.json
stress,2,10057,0.8866800433930975,0.9276352786236607,0.7499245797839396,0.7309926130233437,0.2586107576985939,1.0,0.004478437066488493,0.0012923100994562892,0.005160534056958272,-0.041606195997913514,0.04669296781546167,-0.02284003464815019,6107.333239994104,residual_horizon_nmpc_gain_1,0.054874456009821874,0.08307531869639564,0.05950630350769537,35.18969751463529,0.0,0.0,94,0,False,True,unstable_response,1.0,outputs/phase11_residual_mpc/stress/scenario_002/gain_1/trajectory.csv,outputs/phase11_residual_mpc/stress/scenario_002/gain_1/metrics.json,outputs/phase11_residual_mpc/residual_surrogate.json
stress,2,10057,0.8866800433930975,0.9276352786236607,0.7499245797839396,0.7309926130233437,0.2586107576985939,1.0,0.004478437066488493,0.0012923100994562892,0.005160534056958272,-0.041606195997913514,0.04669296781546167,-0.02284003464815019,6107.333239994104,residual_horizon_nmpc_gain_2,0.05574492060118593,0.08467469993264878,0.05971054501301506,31.753474224375616,0.0,0.0,99,0,False,True,unstable_response,2.0,outputs/phase11_residual_mpc/stress/scenario_002/gain_2/trajectory.csv,outputs/phase11_residual_mpc/stress/scenario_002/gain_2/metrics.json,outputs/phase11_residual_mpc/residual_surrogate.json
stress,3,10058,0.8400348122237011,0.7368166561589482,1.098880145389692,0.9663426523519489,0.4807149936858969,1.5,0.007381684733804169,0.0039628751550082695,0.0015802535717956004,-0.027669301938465292,0.05848110963791403,0.030446402496627712,-2492.964583448316,residual_horizon_nmpc_gain_0,0.05243656815051749,0.11791709584898816,0.04928502480345592,44.763623261833715,0.0,0.22741433021806853,53,0,False,False,alpha_corridor_violation,0.0,outputs/phase11_residual_mpc/stress/scenario_003/gain_0/trajectory.csv,outputs/phase11_residual_mpc/stress/scenario_003/gain_0/metrics.json,outputs/phase11_residual_mpc/residual_surrogate.json
stress,3,10058,0.8400348122237011,0.7368166561589482,1.098880145389692,0.9663426523519489,0.4807149936858969,1.5,0.007381684733804169,0.0039628751550082695,0.0015802535717956004,-0.027669301938465292,0.05848110963791403,0.030446402496627712,-2492.964583448316,residual_horizon_nmpc_gain_0.5,0.05971699788632752,0.11802350497099659,0.047890520668074275,34.13471001835708,0.0,0.14330218068535824,79,0,False,False,alpha_corridor_violation,0.5,outputs/phase11_residual_mpc/stress/scenario_003/gain_0.5/trajectory.csv,outputs/phase11_residual_mpc/stress/scenario_003/gain_0.5/metrics.json,outputs/phase11_residual_mpc/residual_surrogate.json
stress,3,10058,0.8400348122237011,0.7368166561589482,1.098880145389692,0.9663426523519489,0.4807149936858969,1.5,0.007381684733804169,0.0039628751550082695,0.0015802535717956004,-0.027669301938465292,0.05848110963791403,0.030446402496627712,-2492.964583448316,residual_horizon_nmpc_gain_1,0.06275286938922776,0.11803504624970526,0.047306396095742054,34.12765832769475,0.0,0.03115264797507788,83,0,False,False,alpha_corridor_violation,1.0,outputs/phase11_residual_mpc/stress/scenario_003/gain_1/trajectory.csv,outputs/phase11_residual_mpc/stress/scenario_003/gain_1/metrics.json,outputs/phase11_residual_mpc/residual_surrogate.json
stress,3,10058,0.8400348122237011,0.7368166561589482,1.098880145389692,0.9663426523519489,0.4807149936858969,1.5,0.007381684733804169,0.0039628751550082695,0.0015802535717956004,-0.027669301938465292,0.05848110963791403,0.030446402496627712,-2492.964583448316,residual_horizon_nmpc_gain_2,0.061914000642490155,0.11804081710846068,0.04748947214471351,31.515039687952918,0.0,0.0,81,0,False,False,alpha_corridor_violation,2.0,outputs/phase11_residual_mpc/stress/scenario_003/gain_2/trajectory.csv,outputs/phase11_residual_mpc/stress/scenario_003/gain_2/metrics.json,outputs/phase11_residual_mpc/residual_surrogate.json
stress,4,10059,0.8509073964985324,1.2873305783786486,0.9606049484890203,1.0118767760127751,0.5166991460718621,0.5,0.006164815211880045,0.0011326046514041968,0.004759177439206194,-0.01840710398592175,0.042661375658847187,-0.003392551809463007,821.4320826283194,residual_horizon_nmpc_gain_0,0.04680985993533091,0.0787544942799234,0.04275979756633065,46.611096432654335,0.0,0.12149532710280374,45,0,False,False,alpha_corridor_violation,0.0,outputs/phase11_residual_mpc/stress/scenario_004/gain_0/trajectory.csv,outputs/phase11_residual_mpc/stress/scenario_004/gain_0/metrics.json,outputs/phase11_residual_mpc/residual_surrogate.json
stress,4,10059,0.8509073964985324,1.2873305783786486,0.9606049484890203,1.0118767760127751,0.5166991460718621,0.5,0.006164815211880045,0.0011326046514041968,0.004759177439206194,-0.01840710398592175,0.042661375658847187,-0.003392551809463007,821.4320826283194,residual_horizon_nmpc_gain_0.5,0.05231689691035702,0.0782432295789113,0.04155627707293182,39.426315654367116,0.0,0.08411214953271028,43,0,False,False,alpha_corridor_violation,0.5,outputs/phase11_residual_mpc/stress/scenario_004/gain_0.5/trajectory.csv,outputs/phase11_residual_mpc/stress/scenario_004/gain_0.5/metrics.json,outputs/phase11_residual_mpc/residual_surrogate.json
stress,4,10059,0.8509073964985324,1.2873305783786486,0.9606049484890203,1.0118767760127751,0.5166991460718621,0.5,0.006164815211880045,0.0011326046514041968,0.004759177439206194,-0.01840710398592175,0.042661375658847187,-0.003392551809463007,821.4320826283194,residual_horizon_nmpc_gain_1,0.05715691251086814,0.08806651252085397,0.04070953575959164,41.49830917691847,0.0,0.09034267912772585,78,0,False,False,alpha_corridor_violation,1.0,outputs/phase11_residual_mpc/stress/scenario_004/gain_1/trajectory.csv,outputs/phase11_residual_mpc/stress/scenario_004/gain_1/metrics.json,outputs/phase11_residual_mpc/residual_surrogate.json
stress,4,10059,0.8509073964985324,1.2873305783786486,0.9606049484890203,1.0118767760127751,0.5166991460718621,0.5,0.006164815211880045,0.0011326046514041968,0.004759177439206194,-0.01840710398592175,0.042661375658847187,-0.003392551809463007,821.4320826283194,residual_horizon_nmpc_gain_2,0.061971720780781246,0.11256591393904211,0.03986005029836065,43.2343587861632,0.0,0.03426791277258567,98,0,False,False,alpha_corridor_violation,2.0,outputs/phase11_residual_mpc/stress/scenario_004/gain_2/trajectory.csv,outputs/phase11_residual_mpc/stress/scenario_004/gain_2/metrics.json,outputs/phase11_residual_mpc/residual_surrogate.json
stress,5,10060,0.9630926665140382,1.1606808963757862,1.2216221031121512,0.9657950551141605,0.3224799759664272,1.0,0.006069995815700608,0.0016087017017584922,0.0017684969281546899,-0.05160326416450517,0.051596152396489146,0.014929206449208754,-769.1851361540372,residual_horizon_nmpc_gain_0,0.04560888406735438,0.08960830603120781,0.04668219706981533,47.94763146914123,0.0,0.13707165109034267,33,0,False,False,alpha_corridor_violation,0.0,outputs/phase11_residual_mpc/stress/scenario_005/gain_0/trajectory.csv,outputs/phase11_residual_mpc/stress/scenario_005/gain_0/metrics.json,outputs/phase11_residual_mpc/residual_surrogate.json
stress,5,10060,0.9630926665140382,1.1606808963757862,1.2216221031121512,0.9657950551141605,0.3224799759664272,1.0,0.006069995815700608,0.0016087017017584922,0.0017684969281546899,-0.05160326416450517,0.051596152396489146,0.014929206449208754,-769.1851361540372,residual_horizon_nmpc_gain_0.5,0.05563769303966207,0.08976392786511064,0.044849461814404024,35.7372781663259,0.0,0.09657320872274143,66,0,False,False,alpha_corridor_violation,0.5,outputs/phase11_residual_mpc/stress/scenario_005/gain_0.5/trajectory.csv,outputs/phase11_residual_mpc/stress/scenario_005/gain_0.5/metrics.json,outputs/phase11_residual_mpc/residual_surrogate.json
stress,5,10060,0.9630926665140382,1.1606808963757862,1.2216221031121512,0.9657950551141605,0.3224799759664272,1.0,0.006069995815700608,0.0016087017017584922,0.0017684969281546899,-0.05160326416450517,0.051596152396489146,0.014929206449208754,-769.1851361540372,residual_horizon_nmpc_gain_1,0.061985339730342086,0.0976110097936438,0.043918939993691175,32.85616326572376,0.0,0.1059190031152648,86,0,False,False,alpha_corridor_violation,1.0,outputs/phase11_residual_mpc/stress/scenario_005/gain_1/trajectory.csv,outputs/phase11_residual_mpc/stress/scenario_005/gain_1/metrics.json,outputs/phase11_residual_mpc/residual_surrogate.json
stress,5,10060,0.9630926665140382,1.1606808963757862,1.2216221031121512,0.9657950551141605,0.3224799759664272,1.0,0.006069995815700608,0.0016087017017584922,0.0017684969281546899,-0.05160326416450517,0.051596152396489146,0.014929206449208754,-769.1851361540372,residual_horizon_nmpc_gain_2,0.0680002584640609,0.1541816614852085,0.04358757957232823,31.73039592186719,0.0,0.0,87,0,False,False,alpha_corridor_violation,2.0,outputs/phase11_residual_mpc/stress/scenario_005/gain_2/trajectory.csv,outputs/phase11_residual_mpc/stress/scenario_005/gain_2/metrics.json,outputs/phase11_residual_mpc/residual_surrogate.json
stress,6,10061,1.0369246295704622,0.9031157990996579,1.1733945453004238,1.0846015290208744,0.26976703989394807,0.5,0.0021652652844114015,0.0020134855485208114,0.0073158945485747315,-0.020709418677945006,0.03373279835109744,0.021556087188663975,-4575.918643044272,residual_horizon_nmpc_gain_0,0.11846170361200799,0.18338033102155588,0.027011723574569158,51.78382460117029,0.0,0.08099688473520249,200,0,False,False,alpha_corridor_violation,0.0,outputs/phase11_residual_mpc/stress/scenario_006/gain_0/trajectory.csv,outputs/phase11_residual_mpc/stress/scenario_006/gain_0/metrics.json,outputs/phase11_residual_mpc/residual_surrogate.json
stress,6,10061,1.0369246295704622,0.9031157990996579,1.1733945453004238,1.0846015290208744,0.26976703989394807,0.5,0.0021652652844114015,0.0020134855485208114,0.0073158945485747315,-0.020709418677945006,0.03373279835109744,0.021556087188663975,-4575.918643044272,residual_horizon_nmpc_gain_0.5,0.11831454199288792,0.18305204699042432,0.02684020466423149,47.5916245877177,0.0,0.08099688473520249,199,0,False,False,alpha_corridor_violation,0.5,outputs/phase11_residual_mpc/stress/scenario_006/gain_0.5/trajectory.csv,outputs/phase11_residual_mpc/stress/scenario_006/gain_0.5/metrics.json,outputs/phase11_residual_mpc/residual_surrogate.json
stress,6,10061,1.0369246295704622,0.9031157990996579,1.1733945453004238,1.0846015290208744,0.26976703989394807,0.5,0.0021652652844114015,0.0020134855485208114,0.0073158945485747315,-0.020709418677945006,0.03373279835109744,0.021556087188663975,-4575.918643044272,residual_horizon_nmpc_gain_1,0.12285907113199891,0.18961578698107606,0.025738086369995906,46.25371130322273,0.0,0.11526479750778816,203,0,False,False,alpha_corridor_violation,1.0,outputs/phase11_residual_mpc/stress/scenario_006/gain_1/trajectory.csv,outputs/phase11_residual_mpc/stress/scenario_006/gain_1/metrics.json,outputs/phase11_residual_mpc/residual_surrogate.json
stress,6,10061,1.0369246295704622,0.9031157990996579,1.1733945453004238,1.0846015290208744,0.26976703989394807,0.5,0.0021652652844114015,0.0020134855485208114,0.0073158945485747315,-0.020709418677945006,0.03373279835109744,0.021556087188663975,-4575.918643044272,residual_horizon_nmpc_gain_2,0.12741061435852227,0.19450279943108248,0.024370640178065662,45.18445423546301,0.0,0.13707165109034267,229,0,False,False,alpha_corridor_violation,2.0,outputs/phase11_residual_mpc/stress/scenario_006/gain_2/trajectory.csv,outputs/phase11_residual_mpc/stress/scenario_006/gain_2/metrics.json,outputs/phase11_residual_mpc/residual_surrogate.json
stress,7,10062,1.2089415706681728,1.0388272811690047,1.3554360679161346,1.3044208428948538,0.5192310882170614,0.5,0.0026701265000948606,0.0005495050286051618,0.003951881981624145,-0.02856479410371991,0.06863168780382735,0.03341671052271779,3459.989578338532,residual_horizon_nmpc_gain_0,0.0913428960232567,0.1717905926181869,0.06630367473476603,52.9484523924528,0.0,0.04984423676012461,147,0,False,True,unstable_response,0.0,outputs/phase11_residual_mpc/stress/scenario_007/gain_0/trajectory.csv,outputs/phase11_residual_mpc/stress/scenario_007/gain_0/metrics.json,outputs/phase11_residual_mpc/residual_surrogate.json
stress,7,10062,1.2089415706681728,1.0388272811690047,1.3554360679161346,1.3044208428948538,0.5192310882170614,0.5,0.0026701265000948606,0.0005495050286051618,0.003951881981624145,-0.02856479410371991,0.06863168780382735,0.03341671052271779,3459.989578338532,residual_horizon_nmpc_gain_0.5,0.09379964486953962,0.17209082535869674,0.06641287639120808,39.333940662662066,0.0,0.0,174,0,False,True,unstable_response,0.5,outputs/phase11_residual_mpc/stress/scenario_007/gain_0.5/trajectory.csv,outputs/phase11_residual_mpc/stress/scenario_007/gain_0.5/metrics.json,outputs/phase11_residual_mpc/residual_surrogate.json
stress,7,10062,1.2089415706681728,1.0388272811690047,1.3554360679161346,1.3044208428948538,0.5192310882170614,0.5,0.0026701265000948606,0.0005495050286051618,0.003951881981624145,-0.02856479410371991,0.06863168780382735,0.03341671052271779,3459.989578338532,residual_horizon_nmpc_gain_1,0.09446554545587302,0.1721235216364333,0.06667659604238381,35.30885766767954,0.0,0.0,187,0,False,True,unstable_response,1.0,outputs/phase11_residual_mpc/stress/scenario_007/gain_1/trajectory.csv,outputs/phase11_residual_mpc/stress/scenario_007/gain_1/metrics.json,outputs/phase11_residual_mpc/residual_surrogate.json
stress,7,10062,1.2089415706681728,1.0388272811690047,1.3554360679161346,1.3044208428948538,0.5192310882170614,0.5,0.0026701265000948606,0.0005495050286051618,0.003951881981624145,-0.02856479410371991,0.06863168780382735,0.03341671052271779,3459.989578338532,residual_horizon_nmpc_gain_2,0.09546147264833597,0.17213987001802988,0.06707759534133115,31.855268979661496,0.0,0.0,202,0,False,True,unstable_response,2.0,outputs/phase11_residual_mpc/stress/scenario_007/gain_2/trajectory.csv,outputs/phase11_residual_mpc/stress/scenario_007/gain_2/metrics.json,outputs/phase11_residual_mpc/residual_surrogate.json
stress,8,10063,0.8335060423399854,0.7696806349912375,0.9305283352741281,1.2375055536530342,0.5503909427735989,1.5,0.0044337869270696635,0.0032557376219124403,0.006310158083378462,-0.03685153363557458,0.03625405135993723,-0.02996141992935113,-2133.7130355660106,residual_horizon_nmpc_gain_0,0.08624611919570202,0.1413797448040133,0.033528230364593105,48.25484400813078,0.0,0.09657320872274143,158,0,False,False,alpha_corridor_violation,0.0,outputs/phase11_residual_mpc/stress/scenario_008/gain_0/trajectory.csv,outputs/phase11_residual_mpc/stress/scenario_008/gain_0/metrics.json,outputs/phase11_residual_mpc/residual_surrogate.json
stress,8,10063,0.8335060423399854,0.7696806349912375,0.9305283352741281,1.2375055536530342,0.5503909427735989,1.5,0.0044337869270696635,0.0032557376219124403,0.006310158083378462,-0.03685153363557458,0.03625405135993723,-0.02996141992935113,-2133.7130355660106,residual_horizon_nmpc_gain_0.5,0.08645944397782292,0.14109593360489883,0.03319865794138363,42.054335369606136,0.0,0.08722741433021806,157,0,False,False,alpha_corridor_violation,0.5,outputs/phase11_residual_mpc/stress/scenario_008/gain_0.5/trajectory.csv,outputs/phase11_residual_mpc/stress/scenario_008/gain_0.5/metrics.json,outputs/phase11_residual_mpc/residual_surrogate.json
stress,8,10063,0.8335060423399854,0.7696806349912375,0.9305283352741281,1.2375055536530342,0.5503909427735989,1.5,0.0044337869270696635,0.0032557376219124403,0.006310158083378462,-0.03685153363557458,0.03625405135993723,-0.02996141992935113,-2133.7130355660106,residual_horizon_nmpc_gain_1,0.09136397575697709,0.1452630250046204,0.03169258158403426,42.07637783796572,0.0,0.11214953271028037,166,0,False,False,alpha_corridor_violation,1.0,outputs/phase11_residual_mpc/stress/scenario_008/gain_1/trajectory.csv,outputs/phase11_residual_mpc/stress/scenario_008/gain_1/metrics.json,outputs/phase11_residual_mpc/residual_surrogate.json
stress,8,10063,0.8335060423399854,0.7696806349912375,0.9305283352741281,1.2375055536530342,0.5503909427735989,1.5,0.0044337869270696635,0.0032557376219124403,0.006310158083378462,-0.03685153363557458,0.03625405135993723,-0.02996141992935113,-2133.7130355660106,residual_horizon_nmpc_gain_2,0.09514274341406335,0.14682603958842233,0.030883809412772124,44.68011465450503,0.0,0.07476635514018691,191,0,False,False,alpha_corridor_violation,2.0,outputs/phase11_residual_mpc/stress/scenario_008/gain_2/trajectory.csv,outputs/phase11_residual_mpc/stress/scenario_008/gain_2/metrics.json,outputs/phase11_residual_mpc/residual_surrogate.json
stress,9,10064,1.281899664862359,1.0562693030570327,1.032465990952283,0.8263156380567156,0.3503435486143336,0.5,0.0039973642229913595,0.0017128917307545973,0.0028295231143715465,-0.018142358005888995,0.056068559117104726,-0.03378990511339164,1788.0146016570297,residual_horizon_nmpc_gain_0,0.04886751005304937,0.11465290559749386,0.05257006220022893,49.58547625648907,0.0,0.14330218068535824,58,0,False,False,alpha_corridor_violation,0.0,outputs/phase11_residual_mpc/stress/scenario_009/gain_0/trajectory.csv,outputs/phase11_residual_mpc/stress/scenario_009/gain_0/metrics.json,outputs/phase11_residual_mpc/residual_surrogate.json
stress,9,10064,1.281899664862359,1.0562693030570327,1.032465990952283,0.8263156380567156,0.3503435486143336,0.5,0.0039973642229913595,0.0017128917307545973,0.0028295231143715465,-0.018142358005888995,0.056068559117104726,-0.03378990511339164,1788.0146016570297,residual_horizon_nmpc_gain_0.5,0.054121548985959216,0.11485059407068857,0.05223773482919869,38.45980900855908,0.0,0.01557632398753894,85,0,False,False,alpha_corridor_violation,0.5,outputs/phase11_residual_mpc/stress/scenario_009/gain_0.5/trajectory.csv,outputs/phase11_residual_mpc/stress/scenario_009/gain_0.5/metrics.json,outputs/phase11_residual_mpc/residual_surrogate.json
stress,9,10064,1.281899664862359,1.0562693030570327,1.032465990952283,0.8263156380567156,0.3503435486143336,0.5,0.0039973642229913595,0.0017128917307545973,0.0028295231143715465,-0.018142358005888995,0.056068559117104726,-0.03378990511339164,1788.0146016570297,residual_horizon_nmpc_gain_1,0.05624562581099852,0.12474872239880144,0.05227285990703284,35.34552521375232,0.0,0.0,85,0,False,False,alpha_corridor_violation,1.0,outputs/phase11_residual_mpc/stress/scenario_009/gain_1/trajectory.csv,outputs/phase11_residual_mpc/stress/scenario_009/gain_1/metrics.json,outputs/phase11_residual_mpc/residual_surrogate.json
stress,9,10064,1.281899664862359,1.0562693030570327,1.032465990952283,0.8263156380567156,0.3503435486143336,0.5,0.0039973642229913595,0.0017128917307545973,0.0028295231143715465,-0.018142358005888995,0.056068559117104726,-0.03378990511339164,1788.0146016570297,residual_horizon_nmpc_gain_2,0.05573795409097864,0.12300289388319458,0.05258127890416072,31.909021978631305,0.0,0.0,84,0,False,False,alpha_corridor_violation,2.0,outputs/phase11_residual_mpc/stress/scenario_009/gain_2/trajectory.csv,outputs/phase11_residual_mpc/stress/scenario_009/gain_2/metrics.json,outputs/phase11_residual_mpc/residual_surrogate.json
stress,10,10065,0.8110666888451326,0.7751155988563968,0.9953390168674571,0.9949907062933526,0.11269204387241392,0.5,0.00252912219966367,0.00298605263509644,0.007259643633483265,-0.00880268662044514,0.04432937602642151,0.01685082277701181,-6452.231293970599,residual_horizon_nmpc_gain_0,0.10901218137340725,0.16359010594084045,0.03044522249093924,53.926758895715594,0.0,0.021806853582554516,199,0,False,False,alpha_corridor_violation,0.0,outputs/phase11_residual_mpc/stress/scenario_010/gain_0/trajectory.csv,outputs/phase11_residual_mpc/stress/scenario_010/gain_0/metrics.json,outputs/phase11_residual_mpc/residual_surrogate.json
stress,10,10065,0.8110666888451326,0.7751155988563968,0.9953390168674571,0.9949907062933526,0.11269204387241392,0.5,0.00252912219966367,0.00298605263509644,0.007259643633483265,-0.00880268662044514,0.04432937602642151,0.01685082277701181,-6452.231293970599,residual_horizon_nmpc_gain_0.5,0.10873502181790988,0.16323351808039047,0.030506722627404937,47.3361497008432,0.0,0.024922118380062305,199,0,False,False,alpha_corridor_violation,0.5,outputs/phase11_residual_mpc/stress/scenario_010/gain_0.5/trajectory.csv,outputs/phase11_residual_mpc/stress/scenario_010/gain_0.5/metrics.json,outputs/phase11_residual_mpc/residual_surrogate.json
stress,10,10065,0.8110666888451326,0.7751155988563968,0.9953390168674571,0.9949907062933526,0.11269204387241392,0.5,0.00252912219966367,0.00298605263509644,0.007259643633483265,-0.00880268662044514,0.04432937602642151,0.01685082277701181,-6452.231293970599,residual_horizon_nmpc_gain_1,0.11214745391317146,0.16772681836284142,0.02977299113446292,43.82584655759227,0.0,0.08099688473520249,202,0,False,False,alpha_corridor_violation,1.0,outputs/phase11_residual_mpc/stress/scenario_010/gain_1/trajectory.csv,outputs/phase11_residual_mpc/stress/scenario_010/gain_1/metrics.json,outputs/phase11_residual_mpc/residual_surrogate.json
stress,10,10065,0.8110666888451326,0.7751155988563968,0.9953390168674571,0.9949907062933526,0.11269204387241392,0.5,0.00252912219966367,0.00298605263509644,0.007259643633483265,-0.00880268662044514,0.04432937602642151,0.01685082277701181,-6452.231293970599,residual_horizon_nmpc_gain_2,0.11509770015520711,0.171282724747907,0.029152929363388643,44.69089926266029,0.0,0.09968847352024922,233,0,False,False,alpha_corridor_violation,2.0,outputs/phase11_residual_mpc/stress/scenario_010/gain_2/trajectory.csv,outputs/phase11_residual_mpc/stress/scenario_010/gain_2/metrics.json,outputs/phase11_residual_mpc/residual_surrogate.json
stress,11,10066,0.8553067223387508,0.9882873711081437,1.2051754055603177,1.2398431906970213,0.2359434754068803,1.5,0.005618080174128979,0.0024591399973336293,0.0066085331808780545,-0.0048269381253235565,0.031643640441132125,0.007538369299854642,-3289.503656277946,residual_horizon_nmpc_gain_0,0.1133014517928666,0.17629222103106817,0.027542029716488118,52.010318077759834,0.0,0.06542056074766354,197,0,False,False,alpha_corridor_violation,0.0,outputs/phase11_residual_mpc/stress/scenario_011/gain_0/trajectory.csv,outputs/phase11_residual_mpc/stress/scenario_011/gain_0/metrics.json,outputs/phase11_residual_mpc/residual_surrogate.json
stress,11,10066,0.8553067223387508,0.9882873711081437,1.2051754055603177,1.2398431906970213,0.2359434754068803,1.5,0.005618080174128979,0.0024591399973336293,0.0066085331808780545,-0.0048269381253235565,0.031643640441132125,0.007538369299854642,-3289.503656277946,residual_horizon_nmpc_gain_0.5,0.11544408322958043,0.17915277597559903,0.026952129984454763,48.21006646653747,0.0,0.09968847352024922,198,0,False,False,alpha_corridor_violation,0.5,outputs/phase11_residual_mpc/stress/scenario_011/gain_0.5/trajectory.csv,outputs/phase11_residual_mpc/stress/scenario_011/gain_0.5/metrics.json,outputs/phase11_residual_mpc/residual_surrogate.json
stress,11,10066,0.8553067223387508,0.9882873711081437,1.2051754055603177,1.2398431906970213,0.2359434754068803,1.5,0.005618080174128979,0.0024591399973336293,0.0066085331808780545,-0.0048269381253235565,0.031643640441132125,0.007538369299854642,-3289.503656277946,residual_horizon_nmpc_gain_1,0.11759743186869112,0.18213693067019635,0.02620284769033383,46.60687562629225,0.0,0.13707165109034267,200,0,False,False,alpha_corridor_violation,1.0,outputs/phase11_residual_mpc/stress/scenario_011/gain_1/trajectory.csv,outputs/phase11_residual_mpc/stress/scenario_011/gain_1/metrics.json,outputs/phase11_residual_mpc/residual_surrogate.json
stress,11,10066,0.8553067223387508,0.9882873711081437,1.2051754055603177,1.2398431906970213,0.2359434754068803,1.5,0.005618080174128979,0.0024591399973336293,0.0066085331808780545,-0.0048269381253235565,0.031643640441132125,0.007538369299854642,-3289.503656277946,residual_horizon_nmpc_gain_2,0.12198249699082236,0.1852492487622871,0.024927953971696795,48.21372765589422,0.0,0.09968847352024922,228,0,False,False,alpha_corridor_violation,2.0,outputs/phase11_residual_mpc/stress/scenario_011/gain_2/trajectory.csv,outputs/phase11_residual_mpc/stress/scenario_011/gain_2/metrics.json,outputs/phase11_residual_mpc/residual_surrogate.json
