scenario_id,tier,seed,controller,time_s,alpha_rad,q_radps,theta_rad,measured_alpha_rad,measured_q_radps,measured_theta_rad,alpha_ref_rad,q_ref_radps,theta_ref_rad,alpha_min_rad,alpha_max_rad,q_min_radps,q_max_radps,alpha_error_rad,q_error_rad,theta_error_rad,solver_status,solve_time_s,solver_failure,actuator_tau_prediction_s,objective_value,predicted_min_alpha_margin_rad,predicted_max_alpha_slack_rad,predicted_max_q_slack_radps,first_raw_flap_rad,pitching_moment_nm,cm,flap_effectiveness,delta_flap_raw_rad,delta_flap_delayed_rad,delta_flap_lagged_rad,delta_flap_rad,delta_flap_rate_radps,flap_saturated,flap_rate_saturated,altitude_m,velocity_mps,mach,density_kgm3,dynamic_pressure_pa,density_scale,cm_alpha_scale,cm_delta_scale,cm_q_scale,actuator_lag_s,actuator_delay_s,sensor_noise_alpha_rad,sensor_noise_q_radps,sensor_noise_theta_rad,initial_alpha_error_rad,initial_q_error_radps,initial_theta_error_rad,external_disturbance_moment_nm,corridor_violation
28,stress,10083,online_slack_mpc_centered,0.0,0.06481936163560599,0.03266667868451519,0.11845647404818159,0.0625033327391215,0.03523712759271711,0.1288060919731122,0.12,-1.5202636718752993e-05,0.08,0.04999999999999999,0.19,-0.08,0.08,-0.055180638364394005,0.032681881321233945,0.03845647404818159,Solve_Succeeded,0.02079008298460394,False,0.6398723984028654,38.807958944046774,0.012503332739121506,3.7091152166792904e-09,4.448597720195438e-08,0.028207332596725393,1147.2673081123858,-0.008379492120910558,0.4015798869488264,0.028207332596725393,0.0,0.0,0.0,0.0,False,False,82000.0,6200.0,21.012104371718653,4.703570892419912e-06,90.4026325523107,0.9414267420532418,1.0886835044713135,1.311983112619897,0.7630708861620805,0.13987239840286533,1.0,0.0012868352321833288,0.002322933956244203,0.004786829380271123,-0.055180638364394005,0.032681881321233945,0.03845647404818159,1166.6600286802363,False
28,stress,10083,online_slack_mpc_centered,0.5,0.07353996223979462,0.032689540558138816,0.13479553569856584,0.07181181108208627,0.03176939142211344,0.13560502503674857,0.12002304098079561,-3.0341796874999716e-05,0.07999239868164063,0.0500230409807956,0.19002304098079562,-0.08,0.08,-0.046483078741000994,0.032719882355013816,0.05480313701692521,held,0.0,False,0.6398723984028654,38.807958944046774,0.012503332739121506,3.7091152166792904e-09,4.448597720195438e-08,0.028207332596725393,1139.0668586739403,-0.011921680339154507,0.40159248685423254,0.028207332596725393,0.0,0.0,0.0,0.0,False,False,81998.8598022461,6199.7501458924335,21.01125760388222,4.704416660614774e-06,90.411600773334,0.9414267420532418,1.0886835044713135,1.311983112619897,0.7630708861620805,0.13987239840286533,1.0,0.0012868352321833288,0.002322933956244203,0.004786829380271123,-0.055180638364394005,0.032681881321233945,0.03845647404818159,1166.6600286802363,False
28,stress,10083,online_slack_mpc_centered,1.0,0.0813629616065709,0.032712247009661514,0.1511459887267616,0.07999088014289076,0.03218707183930032,0.1448999759077323,0.12009173525377229,-6.052490234374763e-05,0.079969658203125,0.05009173525377228,0.1900917352537723,-0.08,0.08,-0.038728773647201384,0.03277277191200526,0.0711763305236366,Solve_Succeeded,0.021043999935500324,False,0.6398723984028654,20.59732230593413,0.029899144889118476,2.6074496427483508e-09,3.168234743949497e-08,0.02940743141538478,1122.3368713995073,-0.019143569134250794,0.40162486243193063,0.02940743141538478,0.028207332596725393,0.027416844530141076,0.027416844530141076,0.05483368906028215,False,False,81995.44873046875,6199.108143368448,21.00908182581111,4.70694781057182e-06,90.44151167092373,0.9414267420532418,1.0886835044713135,1.311983112619897,0.7630708861620805,0.13987239840286533,1.0,0.0012868352321833288,0.002322933956244203,0.004786829380271123,-0.055180638364394005,0.032681881321233945,0.03845647404818159,1166.6600286802363,False
28,stress,10083,online_slack_mpc_centered,1.5,0.08838174416224535,0.03273462654124163,0.1675077126215593,0.08819703907464635,0.03195569686568222,0.16346531728811536,0.12020543981481481,-9.05175781250045e-05,0.07993187377929688,0.0502054398148148,0.1902054398148148,-0.08,0.08,-0.031823695652569456,0.032825144119366635,0.08757583884226243,held,0.0,False,0.6398723984028654,20.59732230593413,0.029899144889118476,2.6074496427483508e-09,3.168234743949497e-08,0.02940743141538478,1115.4465982912475,-0.02210679316868554,0.4016744554206741,0.02940743141538478,0.028207332596725393,0.028185179797226557,0.028185179797226557,0.0015366705341709613,False,False,81989.78106689453,6198.124722339112,21.005748963664374,4.7111564523649246e-06,90.49365999423361,0.9414267420532418,1.0886835044713135,1.311983112619897,0.7630708861620805,0.13987239840286533,1.0,0.0012868352321833288,0.002322933956244203,0.004786829380271123,-0.055180638364394005,0.032681881321233945,0.03845647404818159,1166.6600286802363,False
28,stress,10083,online_slack_mpc_centered,2.0,0.09467997426197283,0.03275687513657705,0.18388059298533005,0.09520865217024956,0.032157422437061337,0.18493606147165492,0.12036351165980795,-0.00012031982421875642,0.079879140625,0.050363511659807944,0.19036351165980797,-0.08,0.08,-0.02568353739783512,0.03287719496079581,0.10400145236033005,Solve_Succeeded,0.02132812503259629,False,0.6398723984028654,10.379778532799614,0.04484514051044161,1.6224975639064643e-09,2.068004684530237e-08,0.04878944464220116,1109.0703396715357,-0.02483859742959453,0.4017399997587981,0.04878944464220116,0.02940743141538478,0.029373178785675667,0.029373178785675667,0.00237599797689822,False,False,81981.87109375,6196.824988604601,21.00134410223131,4.7170364594334675e-06,90.56860932985019,0.9414267420532418,1.0886835044713135,1.311983112619897,0.7630708861620805,0.13987239840286533,1.0,0.0012868352321833288,0.002322933956244203,0.004786829380271123,-0.055180638364394005,0.032681881321233945,0.03845647404818159,1166.6600286802363,False
28,stress,10083,online_slack_mpc_centered,2.5,0.10033264914475325,0.03277900235141474,0.200264566798246,0.10035770140259198,0.03437169552121882,0.19759623765410064,0.12056530778463648,-0.00014993164062498954,0.07981155395507812,0.05056530778463647,0.19056530778463648,-0.08,0.08,-0.02023265863988323,0.03292893399203973,0.12045301284316788,held,0.0,False,0.6398723984028654,10.379778532799614,0.04484514051044161,1.6224975639064643e-09,2.068004684530237e-08,0.04878944464220116,1103.6730788273996,-0.027137058001958144,0.4018206300465545,0.04878944464220116,0.02940743141538478,0.02940647151267362,0.02940647151267362,6.658545399590432e-05,False,False,81971.73309326172,6195.226102903411,20.995925400097143,4.724583438810283e-06,90.66670854478376,0.9414267420532418,1.0886835044713135,1.311983112619897,0.7630708861620805,0.13987239840286533,1.0,0.0012868352321833288,0.002322933956244203,0.004786829380271123,-0.055180638364394005,0.032681881321233945,0.03845647404818159,1166.6600286802363,False
28,stress,10083,online_slack_mpc_centered,3.0,0.10540696068634307,0.032801027118612186,0.2166595781562865,0.10384900764634407,0.030340096269121698,0.21151982759699045,0.12081018518518519,-0.00017935302734374547,0.07972920898437501,0.05081018518518518,0.1908101851851852,-0.08,0.08,-0.015403224498842114,0.03298038014595593,0.13693036917191148,Solve_Succeeded,0.01978400000371039,False,0.6398723984028654,6.3559587300460905,0.05303882246115889,1.700874922660105e-09,2.5826313075587787e-08,0.045385555493598934,1092.3408848574525,-0.03197652715216084,0.40191568368588926,0.045385555493598934,0.04878944464220116,0.048246252232877256,0.048246252232877256,0.03767956144040727,False,False,81959.38134765625,6193.341204448907,20.98953738670099,4.733794704504039e-06,90.78820666681806,0.9414267420532418,1.0886835044713135,1.311983112619897,0.7630708861620805,0.13987239840286533,1.0,0.0012868352321833288,0.002322933956244203,0.004786829380271123,-0.055180638364394005,0.032681881321233945,0.03845647404818159,1166.6600286802363,False
28,stress,10083,online_slack_mpc_centered,3.5,0.1099630773102114,0.032822830161728885,0.23306554606384783,0.10839392078532396,0.032637150804382994,0.2335098584232003,0.12109750085733882,-0.00020858398437501036,0.07963220092773438,0.051097500857338815,0.19109750085733884,-0.08,0.08,-0.011134423547127417,0.033031414146103895,0.15343334513611345,held,0.0,False,0.6398723984028654,6.3559587300460905,0.05303882246115889,1.700874922660105e-09,2.5826313075587787e-08,0.045385555493598934,1087.740185771272,-0.03390184213925985,0.40202462079258067,0.045385555493598934,0.04878944464220116,0.04877422210685659,0.04877422210685659,0.001055939747958673,False,False,81944.83013916016,6191.180999058791,20.98221634458463,4.744669253925434e-06,90.93329946402505,0.9414267420532418,1.0886835044713135,1.311983112619897,0.7630708861620805,0.13987239840286533,1.0,0.0012868352321833288,0.002322933956244203,0.004786829380271123,-0.055180638364394005,0.032681881321233945,0.03845647404818159,1166.6600286802363,False
28,stress,10083,online_slack_mpc_centered,4.0,0.11405490456075386,0.03284454559473566,0.24948239322965718,0.11296991899616438,0.03489080834841977,0.2548504618164554,0.12142661179698216,-0.00023762451171874255,0.079520625,0.05142661179698216,0.19142661179698217,-0.08,0.08,-0.007371707236228306,0.0330821701064544,0.1699617682296572,Solve_Succeeded,0.02137337496969849,False,0.6398723984028654,12.86755295121298,0.052049805712249125,1.5662281248377941e-09,1.4150543605553742e-08,0.1165392130107234,1084.8614413072612,-0.035073345830874264,0.40214698367832524,0.1165392130107234,0.045385555493598934,0.04548052018089176,0.04548052018089176,-0.006587403851929657,False,False,81928.09375,6188.754562618874,20.973993032370615,4.757207747254917e-06,91.10215303280614,0.9414267420532418,1.0886835044713135,1.311983112619897,0.7630708861620805,0.13987239840286533,1.0,0.0012868352321833288,0.002322933956244203,0.004786829380271123,-0.055180638364394005,0.032681881321233945,0.03845647404818159,1166.6600286802363,False
28,stress,10083,online_slack_mpc_centered,4.5,0.117730772226558,0.03286620739538657,0.2659100843808948,0.11865170568049715,0.03583181940238512,0.26066441287823405,0.121796875,-0.00026647460937499756,0.07939457641601563,0.05179687499999999,0.191796875,-0.08,0.08,-0.004066102773441993,0.03313268200476157,0.18651550796487917,held,0.0,False,0.6398723984028654,12.86755295121298,0.052049805712249125,1.5662281248377941e-09,1.4150543605553742e-08,0.1165392130107234,1081.241916782213,-0.03654798198592846,0.40228237351219553,0.1165392130107234,0.045385555493598934,0.04538821680344787,0.04538821680344787,-0.0001846067548877811,False,False,81909.18646240234,6186.0698038826085,20.964894253212666,4.7714124896582865e-06,91.2949173856221,0.9414267420532418,1.0886835044713135,1.311983112619897,0.7630708861620805,0.13987239840286533,1.0,0.0012868352321833288,0.002322933956244203,0.004786829380271123,-0.055180638364394005,0.032681881321233945,0.03845647404818159,1166.6600286802363,False
28,stress,10083,online_slack_mpc_centered,5.0,0.12103398000958972,0.032887800335795914,0.28234858892818643,0.1205279952461647,0.03181441630037054,0.28285965269489044,0.1222076474622771,-0.0002951342773437615,0.079254150390625,0.05220764746227709,0.1922076474622771,-0.08,0.08,-0.001173667452687377,0.033182934613139675,0.20309443853756143,Solve_Succeeded,0.02229049999732524,False,0.6398723984028654,6.134362749172807,0.061845883943625446,1.5400918456621271e-09,9.001291585490669e-09,0.13144756504152605,1053.9573557775664,-0.04810801763576317,0.4024304356602051,0.13144756504152605,0.1165392130107234,0.11454526291868362,0.11454526291868362,0.1383140922304715,False,False,81888.12255859375,6183.133755185188,20.95494384003998,4.787287416263424e-06,91.51173497923956,0.9414267420532418,1.0886835044713135,1.311983112619897,0.7630708861620805,0.13987239840286533,1.0,0.0012868352321833288,0.002322933956244203,0.004786829380271123,-0.055180638364394005,0.032681881321233945,0.03845647404818159,1166.6600286802363,False
28,stress,10083,online_slack_mpc_centered,5.5,0.12400319952970064,0.032908850747569336,0.2987977540544044,0.12499881462740219,0.03202219369680544,0.2983726604901647,0.12265828617969822,-0.0003236035156249928,0.07909944213867187,0.05265828617969821,0.1926582861796982,-0.08,0.08,0.001344913350002419,0.03323245426319433,0.21969831191573252,held,0.0,False,0.6398723984028654,6.134362749172807,0.061845883943625446,1.5400918456621271e-09,9.001291585490669e-09,0.13144756504152605,1050.1593855405067,-0.049598584791951,0.40259084988176863,0.13144756504152605,0.1165392130107234,0.11648333414491015,0.11648333414491015,0.0038761424524530463,False,False,81864.91632080078,6179.952766846162,20.944163314397265,4.804838079819203e-06,91.75274640868794,0.9414267420532418,1.0886835044713135,1.311983112619897,0.7630708861620805,0.13987239840286533,1.0,0.0012868352321833288,0.002322933956244203,0.004786829380271123,-0.055180638364394005,0.032681881321233945,0.03845647404818159,1166.6600286802363,False
28,stress,10083,online_slack_mpc_centered,6.0,0.12667307723424362,0.03292982803452764,0.31525742587308514,0.12634765192808273,0.03218254285549135,0.3095008497917871,0.12314814814814815,-0.0003518823242187469,0.07893054687500001,0.05314814814814814,0.19314814814814815,-0.08,0.08,0.003524929086095474,0.033281710358746386,0.23632687899808513,Solve_Succeeded,0.022650124970823526,False,0.6398723984028654,7.566701597229494,0.06041614962005265,1.5513372360842124e-09,9.025654274603727e-09,0.14994414143248977,1042.2039452122726,-0.0528327150501513,0.4027633234553852,0.14994414143248977,0.13144756504152605,0.13102820436965734,0.13102820436965734,0.02908974044949439,False,False,81839.58203125,6176.532643486048,20.932572348428415,4.824071640964277e-06,92.01809439194082,0.9414267420532418,1.0886835044713135,1.311983112619897,0.7630708861620805,0.13987239840286533,1.0,0.0012868352321833288,0.002322933956244203,0.004786829380271123,-0.055180638364394005,0.032681881321233945,0.03845647404818159,1166.6600286802363,False
28,stress,10083,online_slack_mpc_centered,6.5,0.12907473956543797,0.0329506487527752,0.33172754698496837,0.12939424530640956,0.035377395267269914,0.33603601434451247,0.12367659036351165,-0.0003799707031250099,0.07874755981445312,0.05367659036351165,0.19367659036351165,-0.08,0.08,0.005398149201926314,0.03333061945590021,0.25297998717051523,held,0.0,False,0.6398723984028654,7.566701597229494,0.06041614962005265,1.5513372360842124e-09,9.025654274603727e-09,0.14994414143248977,1039.3681731301,-0.05386685940302187,0.40294758617496185,0.14994414143248977,0.13144756504152605,0.1314358127921572,0.1314358127921572,0.0008152168449996888,False,False,81812.13397216797,6172.878743248417,20.920189101145034,4.844996861039888e-06,92.30792666461362,0.9414267420532418,1.0886835044713135,1.311983112619897,0.7630708861620805,0.13987239840286533,1.0,0.0012868352321833288,0.002322933956244203,0.004786829380271123,-0.055180638364394005,0.032681881321233945,0.03845647404818159,1166.6600286802363,False
28,stress,10083,online_slack_mpc_centered,7.0,0.13123607588453315,0.032971415032396936,0.34820806465979515,0.13240503741821621,0.034622088920458795,0.34840710168301064,0.12424296982167352,-0.00040786865234375413,0.078550576171875,0.05424296982167351,0.19424296982167352,-0.08,0.08,0.006993106062859633,0.03337928368474069,0.26965748848792015,Solve_Succeeded,0.022871167049743235,False,0.6398723984028654,16.038411057221925,0.05284135442710086,1.944673128575752e-09,1.1307673467620754e-08,0.2017943157739048,1030.5403250720829,-0.05740702063940287,0.4031433865961587,0.2017943157739048,0.14994414143248977,0.14942546023949024,0.14942546023949024,0.035979294894666114,False,False,81782.58642578125,6168.996052234287,20.907030470688255,4.867624097387315e-06,92.62239814870152,0.9414267420532418,1.0886835044713135,1.311983112619897,0.7630708861620805,0.13987239840286533,1.0,0.0012868352321833288,0.002322933956244203,0.004786829380271123,-0.055180638364394005,0.032681881321233945,0.03845647404818159,1166.6600286802363,False
28,stress,10083,online_slack_mpc_centered,7.5,0.13318206522055423,0.03299200679625666,0.36469892167826395,0.13333893561833118,0.0326299333904298,0.3693562740632292,0.12484664351851851,-0.0004355761718749934,0.07833969116210937,0.054846643518518506,0.19484664351851852,-0.08,0.08,0.008335421702035717,0.033427582968131656,0.2863592305161546,held,0.0,False,0.6398723984028654,16.038411057221925,0.05284135442710086,1.944673128575752e-09,1.1307673467620754e-08,0.2017943157739048,1027.9848597813302,-0.058271313675791865,0.40335048914940924,0.2017943157739048,0.14994414143248977,0.14992960580449227,0.14992960580449227,0.0010082911300040576,False,False,81750.9536743164,6164.88924175046,20.893112288346153,4.891965301076083e-06,92.96167262081048,0.9414267420532418,1.0886835044713135,1.311983112619897,0.7630708861620805,0.13987239840286533,1.0,0.0012868352321833288,0.002322933956244203,0.004786829380271123,-0.055180638364394005,0.032681881321233945,0.03845647404818159,1166.6600286802363,False
28,stress,10083,online_slack_mpc_centered,8.0,0.1349350869291982,0.03301254928135353,0.38120006210900925,0.13559256650403478,0.035348611032438366,0.3867143189671892,0.1254869684499314,-0.00046309326171874166,0.078115,0.055486968449931395,0.1954869684499314,-0.08,0.08,0.009448118479266798,0.033475642543072275,0.30308506210900926,Solve_Succeeded,0.02037337503861636,False,0.6398723984028654,18.6465312956169,0.05149531011994907,1.5012428988709991e-09,1.8559431592207012e-08,0.2489684629451417,1007.8870595987665,-0.06645601604804309,0.4035686718725181,0.2489684629451417,0.2017943157739048,0.2003408485179319,0.2003408485179319,0.10082248542687927,False,False,81717.25,6160.562713271744,20.878449470932924,4.918034017015092e-06,93.32592402561791,0.9414267420532418,1.0886835044713135,1.311983112619897,0.7630708861620805,0.13987239840286533,1.0,0.0012868352321833288,0.002322933956244203,0.004786829380271123,-0.055180638364394005,0.032681881321233945,0.03845647404818159,1166.6600286802363,False
28,stress,10083,online_slack_mpc_centered,8.5,0.13651513367746065,0.033032691452654465,0.3977113735692988,0.13671129149492095,0.0335032871182772,0.39951020552140815,0.12616330161179698,-0.0004904199218749988,0.07787659790039063,0.05616330161179697,0.196163301611797,-0.08,0.08,0.010351832065663674,0.033523111374529464,0.31983477566890817,held,0.0,False,0.6398723984028654,18.6465312956169,0.05149531011994907,1.5012428988709991e-09,1.8559431592207012e-08,0.2489684629451417,1005.1746059181636,-0.06731047972246434,0.4037977245977856,0.2489684629451417,0.2017943157739048,0.20175358350980016,0.20175358350980016,0.002825469983736506,False,False,81681.4896850586,6156.020634389981,20.86305614262193,4.945845386403911e-06,93.71533753217648,0.9414267420532418,1.0886835044713135,1.311983112619897,0.7630708861620805,0.13987239840286533,1.0,0.0012868352321833288,0.002322933956244203,0.004786829380271123,-0.055180638364394005,0.032681881321233945,0.03845647404818159,1166.6600286802363,False
28,stress,10083,online_slack_mpc_centered,9.0,0.137940117787683,0.03305278084899219,0.41423274280073574,0.13817567274502704,0.03255012033598063,0.4143142835354798,0.126875,-0.0005175561523437511,0.077624580078125,0.05687499999999998,0.196875,-0.08,0.08,0.011065117787683015,0.033570337001335944,0.33660816272261074,Solve_Succeeded,0.02011254196986556,False,0.6398723984028654,9.740707027357379,0.05829781157714675,1.6654649482331055e-09,1.9965927908528206e-08,0.23791038199123807,986.6433461634168,-0.07470406260970616,0.4040374474800409,0.23791038199123807,0.2489684629451417,0.24764530349251102,0.24764530349251102,0.09178343996542171,False,False,81643.68701171875,6151.266968002932,20.84694573386822,4.9754161514867344e-06,94.13011040044323,0.9414267420532418,1.0886835044713135,1.311983112619897,0.7630708861620805,0.13987239840286533,1.0,0.0012868352321833288,0.002322933956244203,0.004786829380271123,-0.055180638364394005,0.032681881321233945,0.03845647404818159,1166.6600286802363,False
28,stress,10083,online_slack_mpc_centered,9.5,0.1392260901869289,0.03307250094320762,0.4307640642964026,0.13998177317974775,0.03595098293358007,0.43045936206370783,0.12762142061042525,-0.0005445019531249984,0.07735904174804688,0.057621420610425245,0.19762142061042526,-0.08,0.08,0.011604669576503662,0.03361700289633262,0.35340502254835576,held,0.0,False,0.6398723984028654,9.740707027357379,0.05829781157714675,1.6654649482331055e-09,1.9965927908528206e-08,0.23791038199123807,984.0559007786304,-0.07542497198727519,0.40428764978530923,0.23791038199123807,0.2489684629451417,0.2489313824536097,0.2489313824536097,0.0025721579221973934,False,False,81603.85626220703,6146.305496334782,20.830131062815237,5.00676466257641e-06,94.57045270576796,0.9414267420532418,1.0886835044713135,1.311983112619897,0.7630708861620805,0.13987239840286533,1.0,0.0012868352321833288,0.002322933956244203,0.004786829380271123,-0.055180638364394005,0.032681881321233945,0.03845647404818159,1166.6600286802363,False
28,stress,10083,online_slack_mpc_centered,10.0,0.14038743312898336,0.03309217047675646,0.4473052331016683,0.14089308669041015,0.034812858300790235,0.4489891293956142,0.12840192043895748,-0.0005712573242187546,0.077080078125,0.05840192043895748,0.1984019204389575,-0.08,0.08,0.011985512690025873,0.03366342780097521,0.3702251549766683,Solve_Succeeded,0.020828166976571083,False,0.6398723984028654,15.418382075987697,0.05451501698613642,2.339883451611615e-09,2.364132487871311e-08,0.25849757765998516,985.8620497823906,-0.07431265371157154,0.40454814888211915,0.25849757765998516,0.23791038199123807,0.23821923676569967,0.23821923676569967,-0.02142429137582008,False,False,81562.01171875,6141.139840938384,20.81262440308339,5.039910887320622e-06,95.0365879559133,0.9414267420532418,1.0886835044713135,1.311983112619897,0.7630708861620805,0.13987239840286533,1.0,0.0012868352321833288,0.002322933956244203,0.004786829380271123,-0.055180638364394005,0.032681881321233945,0.03845647404818159,1166.6600286802363,False
28,stress,10083,online_slack_mpc_centered,10.5,0.1414371259578307,0.033111877199634675,0.46385624588369007,0.14124988208044523,0.03495882174342386,0.46060338304614745,0.12921585648148148,-0.000597822265625006,0.07678778442382812,0.05921585648148148,0.1992158564814815,-0.08,0.08,0.012221269476349217,0.03370969946525968,0.38706846145986196,held,0.0,False,0.6398723984028654,15.418382075987697,0.05451501698613642,2.339883451611615e-09,2.364132487871311e-08,0.25849757765998516,983.9748470632994,-0.07470148657899167,0.40481876939269756,0.25849757765998516,0.23791038199123807,0.23791903740070233,0.23791903740070233,-0.0006003987299946778,False,False,81518.16766357422,6135.773479526905,20.794437540813334,5.074876422186911e-06,95.52875362614934,0.9414267420532418,1.0886835044713135,1.311983112619897,0.7630708861620805,0.13987239840286533,1.0,0.0012868352321833288,0.002322933956244203,0.004786829380271123,-0.055180638364394005,0.032681881321233945,0.03845647404818159,1166.6600286802363,False
28,stress,10083,online_slack_mpc_centered,11.0,0.14238679857163686,0.03313154713542969,0.48041710275198574,0.14212214632583256,0.030982135006113326,0.4814133609918219,0.13006258573388202,-0.0006241967773437523,0.076482255859375,0.06006258573388201,0.20006258573388203,-0.08,0.08,0.012324212837754839,0.033755743912773445,0.4039348468926107,Solve_Succeeded,0.0207915420178324,False,0.6398723984028654,7.021864155349033,0.057940439408049466,1.770118957094696e-09,2.1056334231290956e-08,0.2063926745161173,974.6981634388662,-0.07807109664424527,0.4050993424719997,0.2063926745161173,0.25849757765998516,0.2579208804325211,0.2579208804325211,0.04000368606363752,False,False,81472.33837890625,6130.2097602705635,20.7755818231183,5.111684506147428e-06,96.0472016316136,0.9414267420532418,1.0886835044713135,1.311983112619897,0.7630708861620805,0.13987239840286533,1.0,0.0012868352321833288,0.002322933956244203,0.004786829380271123,-0.055180638364394005,0.032681881321233945,0.03845647404818159,1166.6600286802363,False
28,stress,10083,online_slack_mpc_centered,11.5,0.14324681658557153,0.03315103239694761,0.4969877483491998,0.14324296016856758,0.03657387785187806,0.4964320144226403,0.1309414651920439,-0.0006503808593749938,0.07616358764648437,0.06094146519204388,0.2009414651920439,-0.08,0.08,0.012305351393527647,0.033801413256322604,0.42082416070271544,held,0.0,False,0.6398723984028654,7.021864155349033,0.057940439408049466,1.770118957094696e-09,2.1056334231290956e-08,0.2063926745161173,972.5148929408402,-0.07851352865798382,0.40538970519014955,0.2063926745161173,0.25849757765998516,0.25848141617875403,0.25848141617875403,0.001121071492465875,False,False,81424.53814697266,6124.451914042717,20.75606819958672,5.1503600365486e-06,96.592198751584,0.9414267420532418,1.0886835044713135,1.311983112619897,0.7630708861620805,0.13987239840286533,1.0,0.0012868352321833288,0.002322933956244203,0.004786829380271123,-0.055180638364394005,0.032681881321233945,0.03845647404818159,1166.6600286802363,False
28,stress,10083,online_slack_mpc_centered,12.0,0.14402646568517652,0.033170474765187086,0.5135681257906016,0.14599607718482346,0.03160435918147015,0.5167365424326159,0.13185185185185186,-0.0006763745117187442,0.075831875,0.06185185185185185,0.20185185185185187,-0.08,0.08,0.01217461383332466,0.03384684927690583,0.43773625079060163,Solve_Succeeded,0.019844416994601488,False,0.6398723984028654,8.233613456360029,0.0558557746670284,2.582912950001486e-09,2.5608517790564622e-08,0.1710815713601609,989.3213292904908,-0.07129483161191098,0.40568969999943083,0.1710815713601609,0.2063926745161173,0.20785242008215102,0.20785242008215102,-0.10125799219320603,False,False,81374.78125,6118.5030649893715,20.735907258102767,5.190929587155062e-06,97.1640270169965,0.9414267420532418,1.0886835044713135,1.311983112619897,0.7630708861620805,0.13987239840286533,1.0,0.0012868352321833288,0.002322933956244203,0.004786829380271123,-0.055180638364394005,0.032681881321233945,0.03845647404818159,1166.6600286802363,False
28,stress,10083,online_slack_mpc_centered,12.5,0.14473418879807434,0.03319025395495507,0.5301583085647775,0.14410957691685725,0.0321361449475129,0.5290674415694644,0.13279310270919067,-0.0007021777343750035,0.07548721313476563,0.06279310270919067,0.20279310270919068,-0.08,0.08,0.011941086088883668,0.03389243168933007,0.4546710954300119,held,0.0,False,0.6398723984028654,8.233613456360029,0.0558557746670284,2.582912950001486e-09,2.5608517790564622e-08,0.1710815713601609,988.027032943265,-0.07137518829185623,0.4059991742710676,0.1710815713601609,0.2063926745161173,0.20643358272486914,0.20643358272486914,-0.0028376747145637538,False,False,81323.08197021484,6112.36623971472,20.715109255976643,5.233421428360665e-06,97.76298407007636,0.9414267420532418,1.0886835044713135,1.311983112619897,0.7630708861620805,0.13987239840286533,1.0,0.0012868352321833288,0.002322933956244203,0.004786829380271123,-0.055180638364394005,0.032681881321233945,0.03845647404818159,1166.6600286802363,False
28,stress,10083,online_slack_mpc_centered,13.0,0.1453775503376539,0.033210007879843274,0.5467583745667451,0.1457386059962886,0.034465576366043166,0.548585280308928,0.13376457475994513,-0.000727790527343744,0.075129697265625,0.06376457475994513,0.20376457475994514,-0.08,0.08,0.011612975577708767,0.03393779840718702,0.4716286773011201,Solve_Succeeded,0.02077874995302409,False,0.6398723984028654,10.824284487992585,0.057902896161587475,1.7636899796072497e-09,2.0911178599311592e-08,0.1767669355884672,999.1314949214994,-0.06651208816389699,0.40631797989012214,0.1767669355884672,0.1710815713601609,0.17207228336803077,0.17207228336803077,-0.06872259871367675,False,False,81269.45458984375,6106.044375314271,20.693684147169208,5.277865549563778e-06,98.38938350311504,0.9414267420532418,1.0886835044713135,1.311983112619897,0.7630708861620805,0.13987239840286533,1.0,0.0012868352321833288,0.002322933956244203,0.004786829380271123,-0.055180638364394005,0.032681881321233945,0.03845647404818159,1166.6600286802363,False
28,stress,10083,online_slack_mpc_centered,13.5,0.1459633023847494,0.03322998445132591,0.5633683731471675,0.14591319717247955,0.029864574077271236,0.5566384602927534,0.134765625,-0.0007532128906250074,0.07475942260742188,0.064765625,0.204765625,-0.08,0.08,0.011197677384749388,0.03398319734195092,0.4886089505397456,held,0.0,False,0.6398723984028654,10.824284487992585,0.057902896161587475,1.7636899796072497e-09,2.0911178599311592e-08,0.1767669355884672,997.7780469815747,-0.06660657927697591,0.4066459728991729,0.1767669355884672,0.1710815713601609,0.1711093352764035,0.1711093352764035,-0.0019258961832545052,False,False,81213.91339111328,6099.540326440656,20.671641606238378,5.324293683707153e-06,99.04355518200826,0.9414267420532418,1.0886835044713135,1.311983112619897,0.7630708861620805,0.13987239840286533,1.0,0.0012868352321833288,0.002322933956244203,0.004786829380271123,-0.055180638364394005,0.032681881321233945,0.03845647404818159,1166.6600286802363,False
28,stress,10083,online_slack_mpc_centered,14.0,0.14649749121539274,0.03324993445366445,0.5799883533301051,0.147402795304515,0.0376118594278879,0.5832775077540286,0.13579561042524005,-0.0007784448242187519,0.074376484375,0.06579561042524004,0.20579561042524006,-0.08,0.08,0.01070188079015269,0.0340283792778832,0.5056118689551051,Solve_Succeeded,0.020106291049160063,False,0.6398723984028654,17.85378834579052,0.05378653447018053,2.1775981029688094e-09,2.2267691859107937e-08,0.22243565396731446,993.9610366305816,-0.06764599827776872,0.4069830131832363,0.22243565396731446,0.1767669355884672,0.1766083858384384,0.1766083858384384,0.010998101124069792,False,False,81156.47265625,6092.856871551574,20.64899104951369,5.372739333986606e-06,99.725845559096,0.9414267420532418,1.0886835044713135,1.311983112619897,0.7630708861620805,0.13987239840286533,1.0,0.0012868352321833288,0.002322933956244203,0.004786829380271123,-0.055180638364394005,0.032681881321233945,0.03845647404818159,1166.6600286802363,False
28,stress,10083,online_slack_mpc_centered,14.5,0.14698546348296332,0.033269808564806706,0.5966182895046321,0.14726524047546055,0.03429155526306055,0.5962425794945373,0.13685388803155007,-0.0008034863281249915,0.07398097778320313,0.06685388803155007,0.20685388803155008,-0.08,0.08,0.010131575451413244,0.0340732948929317,0.522637311721429,held,0.0,False,0.6398723984028654,17.85378834579052,0.05378653447018053,2.1775981029688094e-09,2.2267691859107937e-08,0.22243565396731446,992.1587212642432,-0.06786824823554552,0.4073289641897978,0.22243565396731446,0.1767669355884672,0.17676249235779562,0.17676249235779562,0.0003082130387144222,False,False,81097.14666748047,6085.996718461531,20.625741653911437,5.423237802735942e-06,100.43661797899706,0.9414267420532418,1.0886835044713135,1.311983112619897,0.7630708861620805,0.13987239840286533,1.0,0.0012868352321833288,0.002322933956244203,0.004786829380271123,-0.055180638364394005,0.032681881321233945,0.03845647404818159,1166.6600286802363,False
28,stress,10083,online_slack_mpc_centered,15.0,0.14743200714345306,0.033289647033109666,0.6132581537909736,0.14750669184678153,0.03297162869092583,0.6100104792072079,0.13793981481481482,-0.000828337402343754,0.073572998046875,0.06793981481481481,0.20793981481481483,-0.08,0.08,0.009492192328638238,0.03411798443545342,0.5396851557440986,Solve_Succeeded,0.021779041970148683,False,0.6398723984028654,7.625589231018756,0.0604331229680333,1.3416563037864269e-09,8.606972089503207e-09,0.1678994545355615,973.1807752856256,-0.07469918200257547,0.407683692678915,0.1678994545355615,0.22243565396731446,0.22115569993083484,0.22115569993083484,0.08878641514607843,False,False,81035.94970703125,6078.962509297259,20.60190237372883,5.47582622249918e-06,101.17625298047315,0.9414267420532418,1.0886835044713135,1.311983112619897,0.7630708861620805,0.13987239840286533,1.0,0.0012868352321833288,0.002322933956244203,0.004786829380271123,-0.055180638364394005,0.032681881321233945,0.03845647404818159,1166.6600286802363,False
28,stress,10083,online_slack_mpc_centered,15.5,0.1478413379393813,0.03330910630551039,0.6299078424827352,0.14667995394171418,0.032366670391538385,0.6336546122845085,0.13905274777091908,-0.0008529980468749976,0.07315264038085938,0.06905274777091908,0.2090527477709191,-0.08,0.08,0.00878859016846223,0.03416210435238539,0.5567552021018759,held,0.0,False,0.6398723984028654,7.625589231018756,0.0604331229680333,1.3416563037864269e-09,8.606972089503207e-09,0.1678994545355615,970.7716539930832,-0.07505888942767489,0.4080470684992265,0.1678994545355615,0.22243565396731446,0.22239978427321475,0.22239978427321475,0.0024881686847598172,False,False,80972.8960571289,6071.756824939426,20.577481955697145,5.530543589304065e-06,101.94514859682428,0.9414267420532418,1.0886835044713135,1.311983112619897,0.7630708861620805,0.13987239840286533,1.0,0.0012868352321833288,0.002322933956244203,0.004786829380271123,-0.055180638364394005,0.032681881321233945,0.03845647404818159,1166.6600286802363,False
28,stress,10083,online_slack_mpc_centered,16.0,0.14821723251836555,0.03332851772269386,0.6465672488200931,0.1473058127716581,0.03247727642238547,0.6467258643431637,0.1401920438957476,-0.0008774682617187501,0.07272,0.0701920438957476,0.2101920438957476,-0.08,0.08,0.008025188622617946,0.03420598598441261,0.5738472488200931,Solve_Succeeded,0.024519333033822477,False,0.6398723984028654,7.918570560951598,0.06178836150211589,1.4749063792502214e-09,8.859140876542622e-09,0.10249057944082272,989.72105164539,-0.06727105799004329,0.40841896438639796,0.10249057944082272,0.1678994545355615,0.1694267829397909,0.1694267829397909,-0.10594600266684767,False,False,80908.0,6064.382189019411,20.552488952527018,5.587430798154517e-06,102.74372065690822,0.9414267420532418,1.0886835044713135,1.311983112619897,0.7630708861620805,0.13987239840286533,1.0,0.0012868352321833288,0.002322933956244203,0.004786829380271123,-0.055180638364394005,0.032681881321233945,0.03845647404818159,1166.6600286802363,False
28,stress,10083,online_slack_mpc_centered,16.5,0.14856325410895282,0.033348308421030995,0.6632364556623468,0.14957965466840314,0.03345531396126479,0.659873787143302,0.14135706018518518,-0.0009017480468750116,0.07227517211914063,0.07135706018518517,0.21135706018518519,-0.08,0.08,0.007206193923767645,0.03425005646790601,0.5909612835432062,held,0.0,False,0.6398723984028654,7.918570560951598,0.06178836150211589,1.4749063792502214e-09,8.859140876542622e-09,0.10249057944082272,988.5122898056319,-0.06718870898304176,0.4087992557810987,0.10249057944082272,0.1678994545355615,0.16794225669961435,0.16794225669961435,-0.002969052480353118,False,False,80841.2758178711,6056.841071528806,20.526931735141215,5.64653068076227e-06,103.5724030885255,0.9414267420532418,1.0886835044713135,1.311983112619897,0.7630708861620805,0.13987239840286533,1.0,0.0012868352321833288,0.002322933956244203,0.004786829380271123,-0.055180638364394005,0.032681881321233945,0.03845647404818159,1166.6600286802363,False
28,stress,10083,online_slack_mpc_centered,17.0,0.14888259683324404,0.03336807520604205,0.6799155518539897,0.14790046473455887,0.03128796535809776,0.6768929362004462,0.1425471536351166,-0.0009258374023437543,0.071818251953125,0.0725471536351166,0.21254715363511661,-0.08,0.08,0.006335443198127427,0.0342939126083858,0.6080972999008647,Solve_Succeeded,0.02432116598356515,False,0.6398723984028654,10.605204833849957,0.055134002617380246,1.5065474338301414e-09,8.92829519170347e-09,0.016977319859388898,1012.2537335151826,-0.057755441069478185,0.4091878206640562,0.016977319859388898,0.10249057944082272,0.10432481065122116,0.10432481065122116,-0.12723489209678637,False,False,80772.73779296875,6049.1358920902585,20.500818503759668,5.707888045541544e-06,104.43164822564836,0.9414267420532418,1.0886835044713135,1.311983112619897,0.7630708861620805,0.13987239840286533,1.0,0.0012868352321833288,0.002322933956244203,0.004786829380271123,-0.055180638364394005,0.032681881321233945,0.03845647404818159,1166.6600286802363,False
28,stress,10083,online_slack_mpc_centered,17.5,0.14917814869051993,0.03338831705410787,0.6966046501847605,0.14841942398210486,0.032772406041720305,0.702967191021137,0.1437616812414266,-0.0009497363281249921,0.07134933471679687,0.0737616812414266,0.2137616812414266,-0.08,0.08,0.005416467449093326,0.034338053382232864,0.6252553154679636,held,0.0,False,0.6398723984028654,10.605204833849957,0.055134002617380246,1.5065474338301414e-09,8.92829519170347e-09,0.016977319859388898,1011.3625081336638,-0.05759778198319667,0.4095845394061104,0.016977319859388898,0.10249057944082272,0.10254198231198058,0.10254198231198058,-0.0035656566784811605,False,False,80702.40020751953,6041.269022930859,20.47415729797645,5.771549719893197e-06,105.32192712073956,0.9414267420532418,1.0886835044713135,1.311983112619897,0.7630708861620805,0.13987239840286533,1.0,0.0012868352321833288,0.002322933956244203,0.004786829380271123,-0.055180638364394005,0.032681881321233945,0.03845647404818159,1166.6600286802363,False
28,stress,10083,online_slack_mpc_centered,18.0,0.14945249403123986,0.03340854128608839,0.7133038650184784,0.15051133779448872,0.0327218930863025,0.7115755018798798,0.145,-0.0009734448242187527,0.070868515625,0.07499999999999998,0.215,-0.08,0.08,0.004452494031239873,0.03438198611030714,0.6424353493934785,Solve_Succeeded,0.02229466603603214,False,0.6398723984028654,9.885867974376966,0.05767980157736813,1.5111250712342268e-09,8.938055586272964e-09,-0.03583079613065316,1043.7956238974045,-0.04517340287288207,0.40998929463149714,-0.03583079613065316,0.016977319859388898,0.019375201486733593,0.019375201486733593,-0.16633356165049398,False,False,80630.27734375,6033.242791593229,20.44695600594777,5.837564594808147e-06,106.24372986323063,0.9414267420532418,1.0886835044713135,1.311983112619897,0.7630708861620805,0.13987239840286533,1.0,0.0012868352321833288,0.002322933956244203,0.004786829380271123,-0.055180638364394005,0.032681881321233945,0.03845647404818159,1166.6600286802363,False
28,stress,10083,online_slack_mpc_centered,18.5,0.14970799418344416,0.033429414366032056,0.7300133541650259,0.14994736312909993,0.029662931605418604,0.7365102863419885,0.14626146690672154,-0.0009969628906250083,0.07037588989257812,0.07626146690672153,0.21626146690672154,-0.08,0.08,0.003446527276722622,0.034426377256657065,0.6596374642724477,held,0.0,False,0.6398723984028654,9.885867974376966,0.05767980157736813,1.5111250712342268e-09,8.938055586272964e-09,-0.03583079613065316,1043.4344289499809,-0.04490307171457499,0.41040197109284127,-0.03583079613065316,0.016977319859388898,0.01704451858528749,0.01704451858528749,-0.004661365802892205,False,False,80556.38348388672,6025.059483414375,20.419222372792923,5.905983671822314e-06,107.19756590506705,0.9414267420532418,1.0886835044713135,1.311983112619897,0.7630708861620805,0.13987239840286533,1.0,0.0012868352321833288,0.002322933956244203,0.004786829380271123,-0.055180638364394005,0.032681881321233945,0.03845647404818159,1166.6600286802363,False
28,stress,10083,online_slack_mpc_centered,19.0,0.14994676125876208,0.03345028038611786,0.7467332780731539,0.1510926574051115,0.03534797748109236,0.7553088141591104,0.147545438957476,-0.0010202905273437451,0.069871552734375,0.07754543895747598,0.217545438957476,-0.08,0.08,0.0024013223012860907,0.034470570913461604,0.676861725338779,Solve_Succeeded,0.02270533295813948,False,0.6398723984028654,8.887676357056133,0.0635870960765404,1.494587468435844e-09,8.9016732352796e-09,-0.04617525815764214,1063.577973311584,-0.037220329374961204,0.41082245555655417,-0.04617525815764214,-0.03583079613065316,-0.03434900748025474,-0.03434900748025474,-0.10278705213108447,False,False,80480.73291015625,6016.721343798232,20.39096400829609,5.976860112358727e-06,108.18396439411359,0.9414267420532418,1.0886835044713135,1.311983112619897,0.7630708861620805,0.13987239840286533,1.0,0.0012868352321833288,0.002322933956244203,0.004786829380271123,-0.055180638364394005,0.032681881321233945,0.03845647404818159,1166.6600286802363,False
28,stress,10083,online_slack_mpc_centered,19.5,0.15017063379266027,0.03347154942310659,0.7634637357336304,0.15047411725023319,0.03351015469401552,0.7663585857458799,0.14885127314814814,-0.001043427734374991,0.06935559936523437,0.07885127314814813,0.21885127314814815,-0.08,0.08,0.0013193606445121298,0.03451497715748158,0.694108136368396,held,0.0,False,0.6398723984028654,8.887676357056133,0.0635870960765404,1.494587468435844e-09,8.9016732352796e-09,-0.04617525815764214,1063.0502216389646,-0.03706162377601896,0.41125063669750794,-0.04617525815764214,-0.03583079613065316,-0.035789270181989866,-0.035789270181989866,-0.002880525403470252,False,False,80403.33990478516,6008.230580304267,20.362188393984678,6.050249289494886e-06,109.20347451609759,0.9414267420532418,1.0886835044713135,1.311983112619897,0.7630708861620805,0.13987239840286533,1.0,0.0012868352321833288,0.002322933956244203,0.004786829380271123,-0.055180638364394005,0.032681881321233945,0.03845647404818159,1166.6600286802363,False
28,stress,10083,online_slack_mpc_centered,20.0,0.1503812544328996,0.03349280803415726,0.7802048252955537,0.15147884450684176,0.03736259975721214,0.7803090285317387,0.1501783264746228,-0.0010663745117187456,0.068828125,0.08017832647462278,0.2201783264746228,-0.08,0.08,0.00020292795827681065,0.034559182545876005,0.7113767002955537,Solve_Succeeded,0.022250124951824546,False,0.6398723984028654,9.145032836100729,0.06734708931144678,1.4752827733352117e-09,8.859307462313314e-09,-0.03476162513016908,1066.211495800307,-0.03558760629596652,0.4116864050020053,-0.03476162513016908,-0.04617525815764214,-0.04588419910318215,-0.04588419910318215,-0.02018985784238457,False,False,80324.21875,5999.589364571574,20.332902889650182,6.126208842196497e-06,110.25666584568681,0.9414267420532418,1.0886835044713135,1.311983112619897,0.7630708861620805,0.13987239840286533,1.0,0.0012868352321833288,0.002322933956244203,0.004786829380271123,-0.055180638364394005,0.032681881321233945,0.03845647404818159,1166.6600286802363,False
28,stress,10083,online_slack_mpc_centered,20.5,0.15058001642134305,0.033514129985797246,0.7969565599887385,0.14972928743795186,0.0319382103888371,0.8009101949574431,0.15152595593278462,-0.0010891308593749954,0.06828922485351563,0.08152595593278461,0.22152595593278462,-0.08,0.08,-0.0009459395114415625,0.03460326084517224,0.7286673351352229,held,0.0,False,0.6398723984028654,9.145032836100729,0.06734708931144678,1.4752827733352117e-09,8.859307462313314e-09,-0.03476162513016908,1065.2127195852354,-0.035590430833975534,0.4121296526781913,-0.03476162513016908,-0.04617525815764214,-0.04616710145908041,-0.04616710145908041,-0.0005658047117965137,False,False,80243.38372802734,5990.799834095381,20.303114739368862,6.20479873206125e-06,111.34412870721704,0.9414267420532418,1.0886835044713135,1.311983112619897,0.7630708861620805,0.13987239840286533,1.0,0.0012868352321833288,0.002322933956244203,0.004786829380271123,-0.055180638364394005,0.032681881321233945,0.03845647404818159,1166.6600286802363,False
28,stress,10083,online_slack_mpc_centered,21.0,0.15076816495305245,0.033535432064283964,0.8137189506810816,0.1500123720531298,0.030918011098133764,0.8199058872853137,0.1528935185185185,-0.0011116967773437542,0.06773899414062501,0.0828935185185185,0.22289351851851852,-0.08,0.08,-0.0021253535654660594,0.03464712884162772,0.7459799565404566,Solve_Succeeded,0.021500332979485393,False,0.6398723984028654,25.365901115630482,0.042421365535559336,1.2026552670646403e-09,7.952798510399045e-09,-0.16909559526851423,1059.235382964764,-0.03731134313774428,0.41258027357316207,-0.16909559526851423,-0.03476162513016908,-0.035081254535069314,-0.035081254535069314,0.022171693848022186,False,False,80160.84912109375,5981.864093870782,20.27283107707244,6.286081302619393e-06,112.46647454552954,0.9414267420532418,1.0886835044713135,1.311983112619897,0.7630708861620805,0.13987239840286533,1.0,0.0012868352321833288,0.002322933956244203,0.004786829380271123,-0.055180638364394005,0.032681881321233945,0.03845647404818159,1166.6600286802363,False
28,stress,10083,online_slack_mpc_centered,21.5,0.1509467721700022,0.0335566146873874,0.8304919625413448,0.15346366771294878,0.032152988573525505,0.8273638487292494,0.15428037122770918,-0.001134072265625008,0.06717752807617187,0.08428037122770918,0.2242803712277092,-0.08,0.08,-0.0033335990577069707,0.03469068695301241,0.763314434465173,held,0.0,False,0.6398723984028654,25.365901115630482,0.042421365535559336,1.2026552670646403e-09,7.952798510399045e-09,-0.16909559526851423,1057.8814797758478,-0.037396584258894604,0.4130381630961138,-0.16909559526851423,-0.03476162513016908,-0.0347705824900838,-0.0347705824900838,0.0006213440899710265,False,False,80076.62921142578,5972.78421791668,20.242058931712783,6.370121341240359e-06,113.62433630732028,0.9414267420532418,1.0886835044713135,1.311983112619897,0.7630708861620805,0.13987239840286533,1.0,0.0012868352321833288,0.002322933956244203,0.004786829380271123,-0.055180638364394005,0.032681881321233945,0.03845647404818159,1166.6600286802363,False
28,stress,10083,online_slack_mpc_centered,22.0,0.15111679768168687,0.03357777031399683,0.8472755589573673,0.15352166280968577,0.03274591151498277,0.8512393125814578,0.15568587105624143,-0.001156257324218743,0.066604921875,0.08568587105624142,0.22568587105624144,-0.08,0.08,-0.004569073374554561,0.03473402763821557,0.7806706370823673,Solve_Succeeded,0.0222236659610644,False,0.6398723984028654,21.153659831207975,0.04630432393401973,1.8859496325492403e-09,1.585800967520005e-08,-0.2522543542331833,1096.8296565377902,-0.023757077717881016,0.4135553796234184,-0.2522543542331833,-0.16909559526851423,-0.1653312435957346,-0.1247705824900838,-0.18,False,True,79990.73828125,5963.562250691366,20.210805232059418,6.456986143697238e-06,114.81836883335338,0.9414267420532418,1.0886835044713135,1.311983112619897,0.7630708861620805,0.13987239840286533,1.0,0.0012868352321833288,0.002322933956244203,0.004786829380271123,-0.055180638364394005,0.032681881321233945,0.03845647404818159,1166.6600286802363,False
28,stress,10083,online_slack_mpc_centered,22.5,0.1512793169485816,0.03359970497495993,0.8640699279395561,0.15082766471112652,0.031846735312411875,0.8620633820680986,0.157109375,-0.0011782519531250008,0.06602127075195313,0.08710937499999999,0.227109375,-0.08,0.08,-0.005830058051418396,0.034777956928084934,0.7980486571876029,held,0.0,False,0.6398723984028654,21.153659831207975,0.04630432393401973,1.8859496325492403e-09,1.585800967520005e-08,-0.2522543542331833,1116.10855071869,-0.01701576805048631,0.41452118455903586,-0.2522543542331833,-0.16909559526851423,-0.1689901023061593,-0.1689901023061593,-0.088439039632151,False,False,79903.19061279297,5954.200208409866,20.179076811164045,6.54674558144407e-06,116.04924926186169,0.9414267420532418,1.0886835044713135,1.311983112619897,0.7630708861620805,0.13987239840286533,1.0,0.0012868352321833288,0.002322933956244203,0.004786829380271123,-0.055180638364394005,0.032681881321233945,0.03845647404818159,1166.6600286802363,False
28,stress,10083,online_slack_mpc_centered,23.0,0.15143538588031352,0.0336220252726818,0.8808753606566393,0.1497874975550566,0.033428039572778435,0.8831020802153131,0.15855024005486967,-0.0012000561523437536,0.065426669921875,0.08855024005486967,0.22855024005486968,-0.08,0.08,-0.007114854174556151,0.034822081425025554,0.8154486907347643,Solve_Succeeded,0.022079040994867682,False,0.6398723984028654,26.23818054486131,0.04440527760756974,2.523864946979047e-09,1.8769040442103246e-08,-0.32859256433944645,1152.7392337570218,-0.004635116067229973,0.41550436793117296,-0.32859256433944645,-0.2522543542331833,-0.2499209397816154,-0.2499209397816154,-0.1618616749509122,False,False,79814.00048828125,5944.700080271976,20.146880410522424,6.639472171663059e-06,117.31767744341239,0.9414267420532418,1.0886835044713135,1.311983112619897,0.7630708861620805,0.13987239840286533,1.0,0.0012868352321833288,0.002322933956244203,0.004786829380271123,-0.055180638364394005,0.032681881321233945,0.03845647404818159,1166.6600286802363,False
28,stress,10083,online_slack_mpc_centered,23.5,0.1515859426359331,0.033645078232810384,0.8976921366842662,0.15075795571834383,0.03355695531109518,0.9013150706451469,0.16000782321673526,-0.0012216699218750016,0.06482121459960938,0.09000782321673526,0.23000782321673527,-0.08,0.08,-0.008421880580802149,0.034866748154685386,0.8328709220846569,held,0.0,False,0.6398723984028654,26.23818054486131,0.04440527760756974,2.523864946979047e-09,1.8769040442103246e-08,-0.32859256433944645,1153.8234152153996,-0.004227041935434696,0.4165048071705042,-0.32859256433944645,-0.2522543542331833,-0.2521889621486239,-0.2521889621486239,-0.004536044734017031,False,False,79723.1821899414,5935.063829608949,20.11422268396056,6.7352411501418745e-06,118.62437636749368,0.9414267420532418,1.0886835044713135,1.311983112619897,0.7630708861620805,0.13987239840286533,1.0,0.0012868352321833288,0.002322933956244203,0.004786829380271123,-0.055180638364394005,0.032681881321233945,0.03845647404818159,1166.6600286802363,False
28,stress,10083,online_slack_mpc_centered,24.0,0.15173173690034567,0.03366815291620208,0.9145204446195468,0.15534703423334692,0.032932020270612164,0.9165860486142591,0.16148148148148148,-0.0012430932617187584,0.064205,0.09148148148148147,0.23148148148148148,-0.08,0.08,-0.00974974458113581,0.03491124617792084,0.8503154446195469,Solve_Succeeded,0.021488166064955294,False,0.6398723984028654,30.01327440560299,0.04101658440019995,2.0667543363533528e-09,1.6735337811796607e-08,-0.349999976058604,1188.8623426816634,0.0072291174565050215,0.41752238101690514,-0.349999976058604,-0.32859256433944645,-0.3264514141413979,-0.3264514141413979,-0.14852490398554796,False,False,79630.75,5925.293394955936,20.08111020126924,6.83413054704345e-06,119.97009260104609,0.9414267420532418,1.0886835044713135,1.311983112619897,0.7630708861620805,0.13987239840286533,1.0,0.0012868352321833288,0.002322933956244203,0.004786829380271123,-0.055180638364394005,0.032681881321233945,0.03845647404818159,1166.6600286802363,False
28,stress,10083,online_slack_mpc_centered,24.5,0.15187343876626416,0.033691928410752345,0.9313604650967163,0.15002493004316525,0.03562167553648408,0.9467012305458408,0.16297057184499314,-0.0012643261718749965,0.06357812133789062,0.09297057184499313,0.23297057184499315,-0.08,0.08,-0.011097133078728977,0.03495625458262734,0.8677823437588257,held,0.0,False,0.6398723984028654,30.01327440560299,0.04101658440019995,2.0667543363533528e-09,1.6735337811796607e-08,-0.349999976058604,1190.4165877688356,0.007646870967089492,0.4185569694413684,-0.349999976058604,-0.32859256433944645,-0.32853256030771044,-0.32853256030771044,-0.004162292332625106,False,False,79536.7182006836,5915.390691056471,20.047549451608308,6.936221265633877e-06,121.35559673914719,0.9414267420532418,1.0886835044713135,1.311983112619897,0.7630708861620805,0.13987239840286533,1.0,0.0012868352321833288,0.002322933956244203,0.004786829380271123,-0.055180638364394005,0.032681881321233945,0.03845647404818159,1166.6600286802363,False
28,stress,10083,online_slack_mpc_centered,25.0,0.15201164488720256,0.03371573501517334,0.9482123810966063,0.15195600872424636,0.035075366563396444,0.9525845523074356,0.164474451303155,-0.0012853686523437435,0.062940673828125,0.09447445130315499,0.234474451303155,-0.08,0.08,-0.012462806415952432,0.03500110366751708,0.8852717072684814,Solve_Succeeded,0.0209710409399122,False,0.6398723984028654,29.804082310863322,0.04399709097770774,1.8568746475315957e-09,1.112750507209833e-08,-0.3499999727422535,1201.1274911723472,0.01096568487401807,0.41960845357147647,-0.3499999727422535,-0.349999976058604,-0.3493983688022888,-0.3493983688022888,-0.04173161698915673,False,False,79441.10107421875,5905.35760980471,20.01354684669993,7.041597164035815e-06,122.78168386802581,0.9414267420532418,1.0886835044713135,1.311983112619897,0.7630708861620805,0.13987239840286533,1.0,0.0012868352321833288,0.002322933956244203,0.004786829380271123,-0.055180638364394005,0.032681881321233945,0.03845647404818159,1166.6600286802363,False
28,stress,10083,online_slack_mpc_centered,25.5,0.1521467782798845,0.03373975585783118,0.9650762539566524,0.15213852046831502,0.03025098145422378,0.9628819052660716,0.16599247685185187,-0.0013062207031249995,0.062292752685546876,0.09599247685185186,0.23599247685185187,-0.08,0.08,-0.01384569857196738,0.03504597656095618,0.9027835012711055,held,0.0,False,0.6398723984028654,29.804082310863322,0.04399709097770774,1.8568746475315957e-09,1.112750507209833e-08,-0.3499999727422535,1202.1905722822232,0.011170391032131813,0.42067671562017306,-0.3499999727422535,-0.349999976058604,-0.34998311649362185,-0.34998311649362185,-0.0011694953826660859,False,False,79343.91290283203,5895.1960211304795,19.97910872382809,7.150345140078142e-06,124.24917404057406,0.9414267420532418,1.0886835044713135,1.311983112619897,0.7630708861620805,0.13987239840286533,1.0,0.0012868352321833288,0.002322933956244203,0.004786829380271123,-0.055180638364394005,0.032681881321233945,0.03845647404818159,1166.6600286802363,False
28,stress,10083,online_slack_mpc_centered,26.0,0.1522792139351839,0.03376379797757385,0.9819521425560558,0.15139234726028855,0.03289686911035885,0.9846646063928844,0.16752400548696844,-0.0013268823242187505,0.061634453125,0.09752400548696843,0.23752400548696845,-0.08,0.08,-0.015244791551784542,0.035090680301792604,0.9203176894310557,Solve_Succeeded,0.021735207992605865,False,0.6398723984028654,49.4492049817973,0.03331325995657419,2.2542269169897333e-09,1.3668951092399956e-08,-0.34999998233798885,1203.0111285803296,0.011291166634896065,0.4217616388175952,-0.34999998233798885,-0.3499999727422535,-0.34999950035928906,-0.34999950035928906,-3.2767731334426564e-05,False,False,79245.16796875,5884.907773831726,19.944241348659794,7.262555219314923e-06,125.75891276450554,0.9414267420532418,1.0886835044713135,1.311983112619897,0.7630708861620805,0.13987239840286533,1.0,0.0012868352321833288,0.002322933956244203,0.004786829380271123,-0.055180638364394005,0.032681881321233945,0.03845647404818159,1166.6600286802363,False
28,stress,10083,online_slack_mpc_centered,26.5,0.1524092417692165,0.033787856520358296,0.9988400563201388,0.15256780660270447,0.031022989302590665,1.0026497434167705,0.16906839420438957,-0.0013473535156250036,0.060965870361328126,0.09906839420438956,0.23906839420438958,-0.08,0.08,-0.016659152435173075,0.0351352100359833,0.9378741859588107,held,0.0,False,0.6398723984028654,49.4492049817973,0.03331325995657419,2.2542269169897333e-09,1.3668951092399956e-08,-0.34999998233798885,1203.857103905336,0.011413011804198757,0.42286310734575583,-0.34999998233798885,-0.3499999727422535,-0.3499999595040965,-0.3499999595040965,-9.182896149040332e-07,False,False,79144.88055419922,5874.494696358492,19.908950917901986,7.378320646289032e-06,127.31177150328641,0.9414267420532418,1.0886835044713135,1.311983112619897,0.7630708861620805,0.13987239840286533,1.0,0.0012868352321833288,0.002322933956244203,0.004786829380271123,-0.055180638364394005,0.032681881321233945,0.03845647404818159,1166.6600286802363,False
28,stress,10083,online_slack_mpc_centered,27.0,0.15253712049247578,0.033811931991326205,1.0157400035869741,0.15072807311428374,0.03391051872339299,1.0154623412977264,0.170625,-0.0013676342773437516,0.060287099609375,0.10062499999999999,0.240625,-0.08,0.08,-0.018087879507524218,0.03517956626866996,0.9554529039775992,Solve_Succeeded,0.0218827499775216,False,0.6398723984028654,53.20681517435873,0.0332108224227651,2.546977047041145e-09,1.590272596469694e-08,-0.34999997786647274,1204.7367812421944,0.01153819520905764,0.4239810062758817,-0.34999997786647274,-0.34999998233798885,-0.34999998169808716,-0.34999998169808716,-4.438798129058341e-08,False,False,79043.06494140625,5863.958597552136,19.87324356180684,7.4977379791187574e-06,128.9086481899591,0.9414267420532418,1.0886835044713135,1.311983112619897,0.7630708861620805,0.13987239840286533,1.0,0.0012868352321833288,0.002322933956244203,0.004786829380271123,-0.055180638364394005,0.032681881321233945,0.03845647404818159,1166.6600286802363,False
28,stress,10083,online_slack_mpc_centered,27.5,0.1526630821458417,0.03383602506153387,1.0326519929886624,0.15160191250957822,0.03785892316935383,1.038448822747277,0.1721931798696845,-0.0013877246093749948,0.059598236083984374,0.10219317986968449,0.2421931798696845,-0.08,0.08,-0.019530097723842788,0.03522374967090886,0.973053756904678,held,0.0,False,0.6398723984028654,53.20681517435873,0.0332108224227651,2.546977047041145e-09,1.590272596469694e-08,-0.34999997786647274,1205.6511058560955,0.01166666790541436,0.4251152215082343,-0.34999997786647274,-0.34999998233798885,-0.34999998232005614,-0.34999998232005614,-1.243937952644103e-09,False,False,78939.73541259766,5853.301267343199,19.837125346536833,7.6209071874881985e-06,130.5504677539637,0.9414267420532418,1.0886835044713135,1.311983112619897,0.7630708861620805,0.13987239840286533,1.0,0.0012868352321833288,0.002322933956244203,0.004786829380271123,-0.055180638364394005,0.032681881321233945,0.03845647404818159,1166.6600286802363,False
28,stress,10083,online_slack_mpc_centered,28.0,0.15278733492181296,0.033860136421170355,1.0495760334975976,0.15201757082573025,0.03238141986294047,1.0488787756036908,0.17377229080932782,-0.001407624511718747,0.058899375000000004,0.10377229080932782,0.24377229080932783,-0.08,0.08,-0.020984955887514867,0.0352677609328891,0.9906766584975977,Solve_Succeeded,0.020603499957360327,False,0.6398723984028654,72.58654383319815,0.025146625204119172,3.5728701912637576e-09,2.349004524992134e-08,-0.3499999837140287,1206.6008821243206,0.011798329017109296,0.42626563971425235,-0.3499999837140287,-0.34999997786647274,-0.34999997799128085,-0.34999997799128085,8.657550565338568e-09,False,False,78834.90625,5842.524477410941,19.800602276399946,7.747931754124315e-06,132.23818266103976,0.9414267420532418,1.0886835044713135,1.311983112619897,0.7630708861620805,0.13987239840286533,1.0,0.0012868352321833288,0.002322933956244203,0.004786829380271123,-0.055180638364394005,0.032681881321233945,0.03845647404818159,1166.6600286802363,False
28,stress,10083,online_slack_mpc_centered,28.5,0.15291006565706688,0.03388426677671573,1.066512134435324,0.15446207384147387,0.03198333719489488,1.0729036583171168,0.17536168981481481,-0.001427333984375001,0.05819061157226563,0.10536168981481481,0.24536168981481482,-0.08,0.08,-0.02245162415774793,0.03531160076109073,1.0083215228630584,held,0.0,False,0.6398723984028654,72.58654383319815,0.025146625204119172,3.5728701912637576e-09,2.349004524992134e-08,-0.3499999837140287,1207.5869672248991,0.011933085324258831,0.42743214828087306,-0.3499999837140287,-0.34999997786647274,-0.3499999778699704,-0.3499999778699704,2.4262092335192165e-10,False,False,78728.59173583984,5831.629981807371,19.763680295964555,7.878918779846795e-06,133.97277346629443,0.9414267420532418,1.0886835044713135,1.311983112619897,0.7630708861620805,0.13987239840286533,1.0,0.0012868352321833288,0.002322933956244203,0.004786829380271123,-0.055180638364394005,0.032681881321233945,0.03845647404818159,1166.6600286802363,False
28,stress,10083,online_slack_mpc_centered,29.0,0.1530314420649688,0.03390841685197535,1.0834603054809426,0.15442838673921827,0.034594674612242644,1.074819300591535,0.17696073388203018,-0.0014468530273437502,0.057472041015625,0.10696073388203017,0.2469607338820302,-0.08,0.08,-0.023929291817061382,0.0353552698793191,1.0259882644653175,Solve_Succeeded,0.020415249979123473,False,0.6398723984028654,63.51095758917384,0.02983323880108918,3.731390285079522e-09,2.419344851204742e-08,-0.34999998014250167,1208.6102698279417,0.012070850315624757,0.428614635256898,-0.34999998014250167,-0.3499999837140287,-0.3499999835502536,-0.3499999835502536,-1.1360566376517056e-08,False,False,78620.80615234375,5820.619517548277,19.726365292062432,8.013979092278636e-06,135.7552493804929,0.9414267420532418,1.0886835044713135,1.311983112619897,0.7630708861620805,0.13987239840286533,1.0,0.0012868352321833288,0.002322933956244203,0.004786829380271123,-0.055180638364394005,0.032681881321233945,0.03845647404818159,1166.6600286802363,False
28,stress,10083,online_slack_mpc_centered,29.5,0.15315161473601396,0.03393258738909011,1.1004205566800274,0.1535051374851282,0.0371509447756946,1.1018581210373528,0.17856878000685872,-0.0014661816406250014,0.05674375854492188,0.10856878000685871,0.24856878000685872,-0.08,0.08,-0.025417165270844755,0.03539876902971511,1.0436767981351054,held,0.0,False,0.6398723984028654,63.51095758917384,0.02983323880108918,3.731390285079522e-09,2.419344851204742e-08,-0.34999998014250167,1209.6717460728191,0.012211542505726945,0.429812989301285,-0.34999998014250167,-0.3499999837140287,-0.349999983709439,-0.349999983709439,-3.1837088521058377e-10,False,False,78511.56378173828,5809.494805173575,19.68866309568782,8.15322735830829e-06,137.58664884962866,0.9414267420532418,1.0886835044713135,1.311983112619897,0.7630708861620805,0.13987239840286533,1.0,0.0012868352321833288,0.002322933956244203,0.004786829380271123,-0.055180638364394005,0.032681881321233945,0.03845647404818159,1166.6600286802363,False
28,stress,10083,online_slack_mpc_centered,30.0,0.15327071893035157,0.03395677914946817,1.1173928984540278,0.1521991169725475,0.036387942484199555,1.1165455467288439,0.1801851851851852,-0.0014853198242187476,0.056005859375,0.11018518518518519,0.2501851851851852,-0.08,0.08,-0.026914466254833624,0.03544209897368692,1.0613870390790279,Solve_Succeeded,0.01935700001195073,False,0.6398723984028654,65.47339076261504,0.031878589145463904,4.451336675471437e-09,2.7571062608303847e-08,-0.34999997292596213,1210.772413239819,0.01235508880767583,0.4310270996332512,-0.34999997292596213,-0.34999998014250167,-0.34999998024246226,-0.34999998024246226,6.933953522469949e-09,False,False,78400.87890625,5798.257549279098,19.65057948379968,8.296782200396509e-06,139.46804014781046,0.9414267420532418,1.0886835044713135,1.311983112619897,0.7630708861620805,0.13987239840286533,1.0,0.0012868352321833288,0.002322933956244203,0.004786829380271123,-0.055180638364394005,0.032681881321233945,0.03845647404818159,1166.6600286802363,False
28,stress,10083,online_slack_mpc_centered,30.5,0.15338887618409622,0.0339809929149918,1.1343773416102059,0.15258143396963442,0.033639930188450434,1.1316066058285337,0.18180930641289436,-0.0015042675781250028,0.05525843872070313,0.11180930641289435,0.25180930641289434,-0.08,0.08,-0.028420430228798144,0.0354852604931168,1.0791189028895027,held,0.0,False,0.6398723984028654,65.47339076261504,0.031878589145463904,4.451336675471437e-09,2.7571062608303847e-08,-0.34999997292596213,1211.9133453657682,0.012501422613099916,0.43225685598409136,-0.34999997292596213,-0.34999998014250167,-0.349999980145303,-0.349999980145303,1.9431856124185742e-10,False,False,78288.76580810547,5786.909439021749,19.61212018103368,8.444766316823497e-06,141.4005219834946,0.9414267420532418,1.0886835044713135,1.311983112619897,0.7630708861620805,0.13987239840286533,1.0,0.0012868352321833288,0.002322933956244203,0.004786829380271123,-0.055180638364394005,0.032681881321233945,0.03845647404818159,1166.6600286802363,False
28,stress,10083,online_slack_mpc_centered,31.0,0.15350619574886748,0.03400522948913803,1.1513738973521537,0.1558459397995733,0.03553569656081912,1.149373837596755,0.1834405006858711,-0.001523024902343753,0.054501591796875,0.11344050068587108,0.2534405006858711,-0.08,0.08,-0.02993430493700361,0.03552825439148178,1.0968723055552787,Solve_Succeeded,0.021670458954758942,False,0.6398723984028654,77.10728054612865,0.02668160091512986,3.6188605263995257e-09,2.389650163224049e-08,-0.34999997972002905,1213.0956602795252,0.012650479646639734,0.43350214855061187,-0.34999997972002905,-0.34999997292596213,-0.3499999731282784,-0.3499999731282784,1.4034049145017491e-08,False,False,78175.23876953125,5775.452148599784,19.573290861329905,8.597306605974194e-06,143.38522411907414,0.9414267420532418,1.0886835044713135,1.311983112619897,0.7630708861620805,0.13987239840286533,1.0,0.0012868352321833288,0.002322933956244203,0.004786829380271123,-0.055180638364394005,0.032681881321233945,0.03845647404818159,1166.6600286802363,False
28,stress,10083,online_slack_mpc_centered,31.5,0.15362277588184706,0.03402948969784143,1.168382577290808,0.1549948732199865,0.03469898616612135,1.1702847360443176,0.185078125,-0.0015415917968750054,0.053735413818359376,0.115078125,0.25507812500000004,-0.08,0.08,-0.03145534911815295,0.03557108149471643,1.1146471634724486,held,0.0,False,0.6398723984028654,77.10728054612865,0.02668160091512986,3.6188605263995257e-09,2.389650163224049e-08,-0.34999997972002905,1214.3205433561243,0.012802203993859333,0.43476286795009866,-0.34999997972002905,-0.34999997292596213,-0.3499999729316319,-0.3499999729316319,3.9329306478208537e-10,False,False,78060.3120727539,5763.887337709867,19.534097149481823,8.754534294762284e-06,145.42330800383016,0.9414267420532418,1.0886835044713135,1.311983112619897,0.7630708861620805,0.13987239840286533,1.0,0.0012868352321833288,0.002322933956244203,0.004786829380271123,-0.055180638364394005,0.032681881321233945,0.03845647404818159,1166.6600286802363,False
28,stress,10083,online_slack_mpc_centered,32.0,0.15373870500197942,0.03405377439083318,1.185403393456015,0.15428528087583127,0.035024364092137654,1.1813255260415296,0.186721536351166,-0.0015599682617187527,0.05295999999999999,0.116721536351166,0.256721536351166,-0.08,0.08,-0.03298283134918659,0.03561374265255193,1.1324433934560152,Solve_Succeeded,0.02092691697180271,False,0.6398723984028654,97.01265182757375,0.021236377720320027,4.302864901810379e-09,2.7206867465167304e-08,-0.3499999806148094,1215.5892260550738,0.012956541626506696,0.4360389051767378,-0.3499999806148094,-0.34999997972002905,-0.3499999795297896,-0.3499999795297896,-1.3196315484798049e-08,False,False,77944.0,5752.216651982374,19.494544622611564,8.916585071295294e-06,147.51596742022804,0.9414267420532418,1.0886835044713135,1.311983112619897,0.7630708861620805,0.13987239840286533,1.0,0.0012868352321833288,0.002322933956244203,0.004786829380271123,-0.055180638364394005,0.032681881321233945,0.03845647404818159,1166.6600286802363,False
28,stress,10083,online_slack_mpc_centered,32.5,0.15385406272626664,0.03407808444255201,1.2024363583086568,0.15549535465444278,0.03416709491423085,1.2072884178093268,0.18837009173525376,-0.0015781542968749881,0.05217544555664062,0.11837009173525376,0.25837009173525377,-0.08,0.08,-0.03451602900898712,0.035656238739427,1.1502609127520163,held,0.0,False,0.6398723984028654,97.01265182757375,0.021236377720320027,4.302864901810379e-09,2.7206867465167304e-08,-0.3499999806148094,1216.9029859220957,0.013113440037096843,0.43733015155941524,-0.3499999806148094,-0.34999997972002905,-0.34999997971469776,-0.34999997971469776,-3.698162887033618e-10,False,False,77826.3168334961,5740.441723396339,19.45463881157619,9.083599221886123e-06,149.66442914353937,0.9414267420532418,1.0886835044713135,1.311983112619897,0.7630708861620805,0.13987239840286533,1.0,0.0012868352321833288,0.002322933956244203,0.004786829380271123,-0.055180638364394005,0.032681881321233945,0.03845647404818159,1166.6600286802363,False
28,stress,10083,online_slack_mpc_centered,33.0,0.15396892079854843,0.03410242075305615,1.219481484753234,0.1548791174233872,0.03340928126475754,1.215644535200324,0.19002314814814816,-0.0015961499023437464,0.051381845703125005,0.12002314814814816,0.2600231481481482,-0.08,0.08,-0.03605422734959973,0.03569857065539989,1.168099639050109,Solve_Succeeded,0.020233041024766862,False,0.6398723984028654,125.9506766979274,0.01270079256349066,5.3259509906983475e-09,3.1832557998169055e-08,-0.3499999845838528,1218.2631673174349,0.013272853221046321,0.4386364987208295,-0.3499999845838528,-0.3499999806148094,-0.3499999805895845,-0.3499999805895845,-1.7497734372540208e-09,False,False,77707.27685546875,5728.564170675286,19.414385202309198,9.255721772517764e-06,151.8699536147405,0.9414267420532418,1.0886835044713135,1.311983112619897,0.7630708861620805,0.13987239840286533,1.0,0.0012868352321833288,0.002322933956244203,0.004786829380271123,-0.055180638364394005,0.032681881321233945,0.03845647404818159,1166.6600286802363,False
28,stress,10083,online_slack_mpc_centered,33.5,0.15408334392206682,0.03412678424935073,1.2365387861510084,0.15245549957344376,0.031859710459737144,1.24623952440218,0.1916800625857339,-0.0016139550781249998,0.05057929565429688,0.12168006258573388,0.2616800625857339,-0.08,0.08,-0.03759671866366707,0.03574073932747573,1.1859594904967115,held,0.0,False,0.6398723984028654,125.9506766979274,0.01270079256349066,5.3259509906983475e-09,3.1832557998169055e-08,-0.3499999845838528,1219.6711646407682,0.013434736701643218,0.43995783853785236,-0.3499999845838528,-0.3499999806148094,-0.3499999806141025,-0.3499999806141025,-4.9035997484736527e-11,False,False,77586.89434814453,5716.5855996651535,19.373789237101303,9.433102634871045e-06,154.13383562664092,0.9414267420532418,1.0886835044713135,1.311983112619897,0.7630708861620805,0.13987239840286533,1.0,0.0012868352321833288,0.002322933956244203,0.004786829380271123,-0.055180638364394005,0.032681881321233945,0.03845647404818159,1166.6600286802363,False
28,stress,10083,online_slack_mpc_centered,34.0,0.15419739050585402,0.034151175886380516,1.253608276333725,0.15530631422090532,0.03350986486455386,1.2524676872261082,0.19334019204389574,-0.001631569824218762,0.049767890625000005,0.12334019204389574,0.26334019204389575,-0.08,0.08,-0.03914280153804173,0.03578274571059928,1.203840385708725,Solve_Succeeded,0.02083900000434369,False,0.6398723984028654,140.15409791885904,0.009849130934153572,5.663271445095652e-09,3.339825626180556e-08,-0.3499999851060688,1221.128432210673,0.013599049610931828,0.4412940631030815,-0.3499999851060688,-0.3499999845838528,-0.34999998447260366,-0.34999998447260366,-7.717002370455361e-09,False,False,77465.18359375,5704.507603695355,19.33285631582411,9.61589675702673e-06,156.45740502316536,0.9414267420532418,1.0886835044713135,1.311983112619897,0.7630708861620805,0.13987239840286533,1.0,0.0012868352321833288,0.002322933956244203,0.004786829380271123,-0.055180638364394005,0.032681881321233945,0.03845647404818159,1166.6600286802363,False
28,stress,10083,online_slack_mpc_centered,34.5,0.15431111333388994,0.034175596648220896,1.2706899696178802,0.15481628934188696,0.03388609222936461,1.2787193418851002,0.19500289351851852,-0.0016489941406250055,0.048947725830078115,0.1250028935185185,0.2650028935185185,-0.08,0.08,-0.04069178018462857,0.0358245907888459,1.221742243787802,held,0.0,False,0.6398723984028654,140.15409791885904,0.009849130934153572,5.663271445095652e-09,3.339825626180556e-08,-0.3499999851060688,1222.6364732125048,0.01376575142090284,0.4426450646875293,-0.3499999851060688,-0.3499999845838528,-0.3499999845807351,-0.3499999845807351,-2.1626289647969088e-10,False,False,77342.15887451172,5692.331763924001,19.291591797100075,9.804264278955599e-06,158.84202741170324,0.9414267420532418,1.0886835044713135,1.311983112619897,0.7630708861620805,0.13987239840286533,1.0,0.0012868352321833288,0.002322933956244203,0.004786829380271123,-0.055180638364394005,0.032681881321233945,0.03845647404818159,1166.6600286802363,False
28,stress,10083,online_slack_mpc_centered,35.0,0.15442456016506728,0.03420004754904848,1.2877838808195303,0.15462420138167352,0.0334962073813752,1.2904118912862161,0.19666752400548698,-0.0016662280273437372,0.048118896484375,0.12666752400548698,0.266667524005487,-0.08,0.08,-0.0422429638404197,0.035866275576392215,1.2396649843351553,Solve_Succeeded,0.019831167068332434,False,0.6398723984028654,154.4305423820465,0.009622961395982427,6.094212992689282e-09,3.537845046087635e-08,-0.3499999846467665,1224.196856040917,0.013934805579901954,0.44401073570439814,-0.3499999846467665,-0.3499999851060688,-0.3499999850913467,-0.3499999850913467,-1.021223217101408e-09,False,False,77217.83447265625,5680.059649668205,19.25000099942194,9.998370692912343e-06,161.2891048884234,0.9414267420532418,1.0886835044713135,1.311983112619897,0.7630708861620805,0.13987239840286533,1.0,0.0012868352321833288,0.002322933956244203,0.004786829380271123,-0.055180638364394005,0.032681881321233945,0.03845647404818159,1166.6600286802363,False
28,stress,10083,online_slack_mpc_centered,35.5,0.15453777427119905,0.034224529634439116,1.3048900252696676,0.15491838454256981,0.03496761361704462,1.3075557451534672,0.19833344050068585,-0.0016832714843749985,0.04728149780273438,0.12833344050068585,0.26833344050068586,-0.08,0.08,-0.0437956662294868,0.035907801118814114,1.2576085274669333,held,0.0,False,0.6398723984028654,154.4305423820465,0.009622961395982427,6.094212992689282e-09,3.537845046087635e-08,-0.3499999846467665,1225.8112045004023,0.014106176571754482,0.44539096867389644,-0.3499999846467665,-0.3499999851060688,-0.3499999851056562,-0.3499999851056562,-2.8618996061879898e-11,False,False,77092.22467041016,5667.692818720325,19.20808920222448,1.0198387008850601e-05,163.80007677642772,0.9414267420532418,1.0886835044713135,1.311983112619897,0.7630708861620805,0.13987239840286533,1.0,0.0012868352321833288,0.002322933956244203,0.004786829380271123,-0.055180638364394005,0.032681881321233945,0.03845647404818159,1166.6600286802363,False
28,stress,10083,online_slack_mpc_centered,36.0,0.15465079491955183,0.03424904398247043,1.322008418830195,0.15391667820563826,0.03372728390075684,1.334831648496286,0.2,-0.001700124511718755,0.046435625,0.13,0.27,-0.08,0.08,-0.04534920508044818,0.035949168494189186,1.275572793830195,Solve_Succeeded,0.019599084043875337,False,0.6398723984028654,164.580569705971,0.010204976131899163,6.5269540701354825e-09,3.734880825357924e-08,-0.34999998370030805,1227.4812027719584,0.014279830685021318,0.44678565618904953,-0.34999998370030805,-0.3499999846467665,-0.34999998465962656,-0.34999998465962656,8.920593153050049e-10,False,False,76965.34375,5655.232817650954,19.165861646911356,1.0404489924978942e-05,166.37642037660808,0.9414267420532418,1.0886835044713135,1.311983112619897,0.7630708861620805,0.13987239840286533,1.0,0.0012868352321833288,0.002322933956244203,0.004786829380271123,-0.055180638364394005,0.032681881321233945,0.03845647404818159,1166.6600286802363,False
28,stress,10083,online_slack_mpc_centered,36.5,0.1547636578056614,0.03427359170492415,1.3391390779104793,0.15272409966035227,0.031406120176945614,1.3334267963974396,0.2016665594993141,-0.0017167871093750064,0.04558137329101562,0.1316665594993141,0.2716665594993141,-0.08,0.08,-0.046902901693652715,0.03599037881429916,1.2935577046194637,held,0.0,False,0.6398723984028654,164.580569705971,0.010204976131899163,6.5269540701354825e-09,3.734880825357924e-08,-0.34999998370030805,1229.2085965967779,0.014455735822529493,0.4481946908824673,-0.34999998370030805,-0.3499999846467665,-0.3499999846471269,-0.3499999846471269,2.49993359346945e-11,False,False,76837.20599365234,5642.681182099389,19.123323537839543,1.0616862003578813e-05,169.0196517310431,0.9414267420532418,1.0886835044713135,1.311983112619897,0.7630708861620805,0.13987239840286533,1.0,0.0012868352321833288,0.002322933956244203,0.004786829380271123,-0.055180638364394005,0.032681881321233945,0.03845647404818159,1166.6600286802363,False
28,stress,10083,online_slack_mpc_centered,37.0,0.15487639544163903,0.03429817394851251,1.3562820194845089,0.15736851173098837,0.033570925563818715,1.3527446479754959,0.20333247599451304,-0.001733259277343746,0.044718837890624995,0.13333247599451303,0.27333247599451305,-0.08,0.08,-0.04845608055287401,0.03603143322585626,1.311563181593884,Solve_Succeeded,0.020570207969285548,False,0.6398723984028654,165.57541852898106,0.010605693715013631,6.525989049942401e-09,3.735796214377697e-08,-0.34999998475931193,1230.9951923488707,0.014633860830788381,0.44961796539402865,-0.34999998475931193,-0.34999998370030805,-0.3499999837268419,-0.3499999837268419,1.8405700297208227e-09,False,False,76707.82568359375,5630.039437052273,19.080480043263627,1.0835691852207338e-05,171.73132639875155,0.9414267420532418,1.0886835044713135,1.311983112619897,0.7630708861620805,0.13987239840286533,1.0,0.0012868352321833288,0.002322933956244203,0.004786829380271123,-0.055180638364394005,0.032681881321233945,0.03845647404818159,1166.6600286802363,False
28,stress,10083,online_slack_mpc_centered,37.5,0.1549890375046058,0.03432279189608649,1.3734372611086627,0.15554045056717392,0.03459583901735375,1.3802472573905908,0.2049971064814815,-0.0017495410156249946,0.04384811401367188,0.1349971064814815,0.2749971064814815,-0.08,0.08,-0.05000806897687571,0.03607233291171148,1.3295891470949908,held,0.0,False,0.6398723984028654,165.57541852898106,0.010605693715013631,6.525989049942401e-09,3.735796214377697e-08,-0.34999998475931193,1232.8428621985927,0.0148141762397924,0.45105537233944787,-0.34999998475931193,-0.34999998370030805,-0.3499999837010516,-0.3499999837010516,5.158051763487492e-11,False,False,76577.21710205078,5617.309097111061,19.037336296242305,1.1061174310409802e-05,174.51304024360797,0.9414267420532418,1.0886835044713135,1.311983112619897,0.7630708861620805,0.13987239840286533,1.0,0.0012868352321833288,0.002322933956244203,0.004786829380271123,-0.055180638364394005,0.032681881321233945,0.03845647404818159,1166.6600286802363,False
28,stress,10083,online_slack_mpc_centered,38.0,0.15510161114942894,0.034347446767947584,1.3906048209401067,0.15766007593128378,0.03635101172823475,1.3877524185812915,0.20665980795610428,-0.0017656323242187522,0.042969296875,0.13665980795610427,0.2766598079561043,-0.08,0.08,-0.05155819680667534,0.036113079092166336,1.3476355240651068,Solve_Succeeded,0.02023679099511355,False,0.6398723984028654,141.24218372591483,0.01707840345886899,5.917803866987257e-09,3.495658655421293e-08,-0.3499999795795718,1234.7535421324765,0.014996653344808077,0.45250680427969014,-0.3499999795795718,-0.34999998475931193,-0.34999998472965504,-0.34999998472965504,-2.0572068493152074e-09,False,False,76445.39453125,5604.4916667489015,18.99389739550893,1.1293510642067222e-05,177.36643023418324,0.9414267420532418,1.0886835044713135,1.311983112619897,0.7630708861620805,0.13987239840286533,1.0,0.0012868352321833288,0.002322933956244203,0.004786829380271123,-0.055180638364394005,0.032681881321233945,0.03845647404818159,1166.6600286802363,False
28,stress,10083,online_slack_mpc_centered,38.5,0.15521414128949348,0.03437213982312034,1.4077847177558385,0.15509436878337896,0.0338009467609902,1.4098351629678436,0.20831993741426613,-0.0017815332031249978,0.042082481689453125,0.13831993741426613,0.27831993741426614,-0.08,0.08,-0.05310579612477265,0.036153673026245337,1.3657022360663853,held,0.0,False,0.6398723984028654,141.24218372591483,0.01707840345886899,5.917803866987257e-09,3.495658655421293e-08,-0.3499999795795718,1236.7292328771912,0.015181263988878958,0.4539721536912043,-0.3499999795795718,-0.34999998475931193,-0.3499999847584808,-0.3499999847584808,-5.7651550200432666e-11,False,False,76312.37225341797,5591.588640557487,18.950168406308123,1.1532908733506993e-05,180.2931752552749,0.9414267420532418,1.0886835044713135,1.311983112619897,0.7630708861620805,0.13987239840286533,1.0,0.0012868352321833288,0.002322933956244203,0.004786829380271123,-0.055180638364394005,0.032681881321233945,0.03845647404818159,1166.6600286802363,False
28,stress,10083,online_slack_mpc_centered,39.0,0.15532665084883404,0.034396872360643545,1.4249769709723714,0.1572813168887026,0.03461567693254429,1.4263918351297362,0.20997685185185183,-0.0017972436523437524,0.041187763671875,0.13997685185185182,0.27997685185185184,-0.08,0.08,-0.05465020100301779,0.0361941160129873,1.3837892073004965,Solve_Succeeded,0.0201561669819057,False,0.6398723984028654,165.543467712942,0.014015729618926442,7.223358844508297e-09,4.05009399468893e-08,-0.34999998184926,1238.7720014380902,0.015367980485121863,0.4554513129369436,-0.34999998184926,-0.3499999795795718,-0.3499999797247066,-0.3499999797247066,1.0067548461556441e-08,False,False,76178.16455078125,5578.601503484431,18.90615436120024,1.1779583297504451e-05,183.29499693084318,0.9414267420532418,1.0886835044713135,1.311983112619897,0.7630708861620805,0.13987239840286533,1.0,0.0012868352321833288,0.002322933956244203,0.004786829380271123,-0.055180638364394005,0.032681881321233945,0.03845647404818159,1166.6600286802363,False
28,stress,10083,online_slack_mpc_centered,39.5,0.155439160988622,0.034421645720892485,1.4421816006660726,0.15462221033926368,0.0359159265373631,1.4477857066216195,0.21162990826474626,-0.001812763671875002,0.04028523803710937,0.14162990826474625,0.28162990826474626,-0.08,0.08,-0.05619074727612425,0.03623440939276749,1.401896362628963,held,0.0,False,0.6398723984028654,165.543467712942,0.014015729618926442,7.223358844508297e-09,4.05009399468893e-08,-0.34999998184926,1240.8839953787287,0.015556778205857727,0.4569441742381477,-0.34999998184926,-0.3499999795795718,-0.3499999795836391,-0.3499999795836391,2.8213498204365806e-10,False,False,76042.7857055664,5565.531731061606,18.861860260835236,1.2033756083305353e-05,186.37366045805905,0.9414267420532418,1.0886835044713135,1.311983112619897,0.7630708861620805,0.13987239840286533,1.0,0.0012868352321833288,0.002322933956244203,0.004786829380271123,-0.055180638364394005,0.032681881321233945,0.03845647404818159,1166.6600286802363,False
28,stress,10083,online_slack_mpc_centered,40.0,0.15555169131075536,0.034446461287186925,1.4593986275942339,0.15725691935021457,0.02885486477074725,1.4635971553436569,0.21327846364883404,-0.0018280932617187468,0.039375,0.14327846364883404,0.283278463648834,-0.08,0.08,-0.057726772338078686,0.03627455454890567,1.420023627594234,Solve_Succeeded,0.025719790952280164,False,0.6398723984028654,11195.859155524,-0.005125117685091607,0.007125107685101464,4.5358101612374796e-07,-0.35000000993825664,1243.0674239423147,0.015747631068245352,0.45845062964685884,-0.35000000993825664,-0.34999998184926,-0.3499999817857678,-0.3499999817857678,-4.404257403223255e-09,False,False,75906.25,5552.380789624953,18.817291074697604,1.2295656092799577e-05,189.5309754521382,0.9414267420532418,1.0886835044713135,1.311983112619897,0.7630708861620805,0.13987239840286533,1.0,0.0012868352321833288,0.002322933956244203,0.004786829380271123,-0.055180638364394005,0.032681881321233945,0.03845647404818159,1166.6600286802363,False
