scenario_id,tier,seed,controller,time_s,alpha_rad,q_radps,theta_rad,measured_alpha_rad,measured_q_radps,measured_theta_rad,alpha_ref_rad,q_ref_radps,theta_ref_rad,alpha_min_rad,alpha_max_rad,q_min_radps,q_max_radps,alpha_error_rad,q_error_rad,theta_error_rad,solver_status,solve_time_s,solver_failure,learned_delta_flap_raw_rad,safety_delta_flap_raw_rad,pitching_moment_nm,cm,flap_effectiveness,delta_flap_raw_rad,delta_flap_delayed_rad,delta_flap_lagged_rad,delta_flap_rad,delta_flap_rate_radps,flap_saturated,flap_rate_saturated,altitude_m,velocity_mps,mach,density_kgm3,dynamic_pressure_pa,density_scale,cm_alpha_scale,cm_delta_scale,cm_q_scale,actuator_lag_s,actuator_delay_s,sensor_noise_alpha_rad,sensor_noise_q_radps,sensor_noise_theta_rad,initial_alpha_error_rad,initial_q_error_radps,initial_theta_error_rad,external_disturbance_moment_nm,corridor_violation
2,stress,10057,ridge_stronger_safety,0.0,0.07839380400208648,0.04667776517874292,0.05715996535184981,0.07738564616257694,0.04865213258933522,0.05719302946062663,0.12,-1.5202636718752993e-05,0.08,0.04999999999999999,0.19,-0.08,0.08,-0.041606195997913514,0.04669296781546167,-0.02284003464815019,not_applicable,0.0,False,0.3775742612374949,0.35,6086.366471142814,-0.009619003026293253,0.4015798869488264,0.35,0.0,0.0,0.0,0.0,False,False,82000.0,6200.0,21.012104371718653,4.430044587322265e-06,85.14545696833393,0.8866800433930975,0.9276352786236607,0.7499245797839396,0.7309926130233437,0.2586107576985939,1.0,0.004478437066488493,0.0012923100994562892,0.005160534056958272,-0.041606195997913514,0.04669296781546167,-0.02284003464815019,6107.333239994104,False
2,stress,10057,ridge_stronger_safety,0.5,0.09235820131794782,0.04679938363673642,0.08052926148079995,0.09594700180708138,0.047962417713918515,0.0835520911775962,0.12002304098079561,-3.0341796874999716e-05,0.07999239868164063,0.0500230409807956,0.19002304098079562,-0.08,0.08,-0.027664839662847787,0.04682972543361142,0.0005368627991593211,not_applicable,0.0,False,0.37472876554862694,0.35,6075.665784493224,-0.014526755994931882,0.40159248685423254,0.35,0.0,0.0,0.0,0.0,False,False,81998.8598022461,6199.7501458924335,21.01125760388222,4.430841171640748e-06,85.1539036612638,0.8866800433930975,0.9276352786236607,0.7499245797839396,0.7309926130233437,0.2586107576985939,1.0,0.004478437066488493,0.0012923100994562892,0.005160534056958272,-0.041606195997913514,0.04669296781546167,-0.02284003464815019,6107.333239994104,False
2,stress,10057,ridge_stronger_safety,1.0,0.10492552111680875,0.04692079897208714,0.10395931516584295,0.10655635692706308,0.04670463307331575,0.10132522872357888,0.12009173525377229,-6.052490234374763e-05,0.079969658203125,0.05009173525377228,0.1900917352537723,-0.08,0.08,-0.015166214136963535,0.04698132387443089,0.023989656962717945,not_applicable,0.0,False,0.3408875740132266,0.3408875740132266,6049.474922482379,-0.02653246617594302,0.40162486243193063,0.3408875740132266,0.35,0.29937094751013316,0.09,0.18,False,True,81995.44873046875,6199.108143368448,21.00908182581111,4.433225127878122e-06,85.18207515330676,0.8866800433930975,0.9276352786236607,0.7499245797839396,0.7309926130233437,0.2586107576985939,1.0,0.004478437066488493,0.0012923100994562892,0.005160534056958272,-0.041606195997913514,0.04669296781546167,-0.02284003464815019,6107.333239994104,False
2,stress,10057,ridge_stronger_safety,1.5,0.1162411199504337,0.04704170023030077,0.12744994720131242,0.1184830411282097,0.047205295525374336,0.12191562893765426,0.12020543981481481,-9.05175781250045e-05,0.07993187377929688,0.0502054398148148,0.1902054398148148,-0.08,0.08,-0.003964319864381116,0.047132217808425775,0.04751807342201554,not_applicable,0.0,False,0.3710836410628372,0.35,6024.204290396493,-0.038099017030739195,0.4016744554206741,0.35,0.35,0.3426762829827952,0.18,0.18,False,True,81989.78106689453,6198.124722339112,21.005748963664374,4.437189024930374e-06,85.2311909001937,0.8866800433930975,0.9276352786236607,0.7499245797839396,0.7309926130233437,0.2586107576985939,1.0,0.004478437066488493,0.0012923100994562892,0.005160534056958272,-0.041606195997913514,0.04669296781546167,-0.02284003464815019,6107.333239994104,False
2,stress,10057,ridge_stronger_safety,2.0,0.12643514511416118,0.04716210478770516,0.15100090497696322,0.1240944522918801,0.046741948121625326,0.1472384128924291,0.12036351165980795,-0.00012031982421875642,0.079879140625,0.050363511659807944,0.19036351165980797,-0.08,0.08,0.0060716334543532285,0.04728242461192392,0.07112176435196323,not_applicable,0.0,False,0.3588273296635479,0.35,5999.734635184228,-0.04927295087999829,0.4017399997587981,0.35,0.3408875740132266,0.34114631869982487,0.27,0.18000000000000005,False,True,81981.87109375,6196.824988604601,21.00134410223131,4.442727092514173e-06,85.30178171431467,0.8866800433930975,0.9276352786236607,0.7499245797839396,0.7309926130233437,0.2586107576985939,1.0,0.004478437066488493,0.0012923100994562892,0.005160534056958272,-0.041606195997913514,0.04669296781546167,-0.02284003464815019,6107.333239994104,False
2,stress,10057,ridge_stronger_safety,2.5,0.13562419468518883,0.04728202774525391,0.17461194399288468,0.12731679331589335,0.04645230014384401,0.18145431732714815,0.12056530778463648,-0.00014993164062498954,0.07981155395507812,0.05056530778463647,0.19056530778463648,-0.08,0.08,0.015058886900552348,0.0474319593858789,0.09480039003780656,not_applicable,0.0,False,0.3495653342724355,0.3495653342724355,5978.038604440899,-0.05914421717640159,0.4018206300465545,0.3495653342724355,0.35,0.3487192757277854,0.3487192757277854,0.15743855145557073,False,False,81971.73309326172,6195.226102903411,20.995925400097143,4.449835193126151e-06,85.39417617505032,0.8866800433930975,0.9276352786236607,0.7499245797839396,0.7309926130233437,0.2586107576985939,1.0,0.004478437066488493,0.0012923100994562892,0.005160534056958272,-0.041606195997913514,0.04669296781546167,-0.02284003464815019,6107.333239994104,False
2,stress,10057,ridge_stronger_safety,3.0,0.14391273789409934,0.047401523754886446,0.19828283717936,0.14309168869447378,0.04688959238204624,0.1938237746067656,0.12081018518518519,-0.00017935302734374547,0.07972920898437501,0.05081018518518518,0.1908101851851852,-0.08,0.08,0.023102552708914148,0.04758087678223019,0.11855362819498498,not_applicable,0.0,False,0.3813131656120627,0.35,5971.284179298182,-0.06215065952123679,0.40191568368588926,0.35,0.35,0.34981473755313425,0.34981473755313425,0.002190923650697729,False,False,81959.38134765625,6193.341204448907,20.98953738670099,4.458510796973173e-06,85.50860882849565,0.8866800433930975,0.9276352786236607,0.7499245797839396,0.7309926130233437,0.2586107576985939,1.0,0.004478437066488493,0.0012923100994562892,0.005160534056958272,-0.041606195997913514,0.04669296781546167,-0.02284003464815019,6107.333239994104,False
2,stress,10057,ridge_stronger_safety,3.5,0.15139444641883273,0.047520890915282325,0.22201344564720218,0.153036906025119,0.04763620704741489,0.2195784918522321,0.12109750085733882,-0.00020858398437501036,0.07963220092773438,0.051097500857338815,0.19109750085733884,-0.08,0.08,0.030296945561493913,0.047729474899657336,0.1423812447194678,not_applicable,0.0,False,0.4167381099794692,0.35,5965.339655811938,-0.06476276818230127,0.40202462079258067,0.35,0.3495653342724355,0.3496014115632631,0.3496014115632631,-0.0004266519797423429,False,False,81944.83013916016,6191.180999058791,20.98221634458463,4.468752959769412e-06,85.64526405824083,0.8866800433930975,0.9276352786236607,0.7499245797839396,0.7309926130233437,0.2586107576985939,1.0,0.004478437066488493,0.0012923100994562892,0.005160534056958272,-0.041606195997913514,0.04669296781546167,-0.02284003464815019,6107.333239994104,False
2,stress,10057,ridge_stronger_safety,4.0,0.15815330757597823,0.04764014476855255,0.24580370891105818,0.15524584701737848,0.047352644921888724,0.24885746836430908,0.12142661179698216,-0.00023762451171874255,0.079520625,0.05142661179698216,0.19142661179698217,-0.08,0.08,0.036726695778996066,0.04787776928027129,0.16628308391105817,not_applicable,0.0,False,0.40569676909047114,0.35,5959.794333488793,-0.06716724743904322,0.40214698367832524,0.35,0.35,0.3499423424146131,0.3499423424146131,0.0006818617027000151,False,False,81928.09375,6188.754562618874,20.973993032370615,4.48056230330391e-06,85.80429830169916,0.8866800433930975,0.9276352786236607,0.7499245797839396,0.7309926130233437,0.2586107576985939,1.0,0.004478437066488493,0.0012923100994562892,0.005160534056958272,-0.041606195997913514,0.04669296781546167,-0.02284003464815019,6107.333239994104,False
2,stress,10057,ridge_stronger_safety,4.5,0.1642645654717492,0.04775929271261425,0.26965357221486197,0.15648855433515838,0.04796278861467194,0.258843663388358,0.121796875,-0.00026647460937499756,0.07939457641601563,0.05179687499999999,0.191796875,-0.08,0.08,0.0424676904717492,0.048025767321989245,0.19025899579884634,not_applicable,0.0,False,0.4251651579792584,0.35,5954.745391716569,-0.06931911036459083,0.40228237351219553,0.35,0.35,0.3499916595745229,0.3499916595745229,9.863431981960158e-05,False,False,81909.18646240234,6186.0698038826085,20.964894253212666,4.49394099869038e-06,85.9858528476713,0.8866800433930975,0.9276352786236607,0.7499245797839396,0.7309926130233437,0.2586107576985939,1.0,0.004478437066488493,0.0012923100994562892,0.005160534056958272,-0.041606195997913514,0.04669296781546167,-0.02284003464815019,6107.333239994104,False
2,stress,10057,ridge_stronger_safety,5.0,0.16979563033640216,0.047878344151262596,0.2935629849978727,0.16460150843134647,0.04761667323695863,0.295668211388853,0.1222076474622771,-0.0002951342773437615,0.079254150390625,0.05220764746227709,0.1922076474622771,-0.08,0.08,0.047587982874125065,0.04817347842860636,0.2143088346072477,not_applicable,0.0,False,0.4186616099213907,0.35,5950.093690573879,-0.07126308725230975,0.4024304356602051,0.35,0.35,0.3499987935204592,0.3499987935204592,1.4267891872643546e-05,False,False,81888.12255859375,6183.133755185188,20.95494384003998,4.508892752217591e-06,86.19006186864921,0.8866800433930975,0.9276352786236607,0.7499245797839396,0.7309926130233437,0.2586107576985939,1.0,0.004478437066488493,0.0012923100994562892,0.005160534056958272,-0.041606195997913514,0.04669296781546167,-0.02284003464815019,6107.333239994104,False
2,stress,10057,ridge_stronger_safety,5.5,0.17480689454771797,0.047997306561054824,0.31753190091488576,0.17691189994806045,0.04690425690541691,0.31398745621686314,0.12265828617969822,-0.0003236035156249928,0.07909944213867187,0.05265828617969821,0.1926582861796982,-0.08,0.08,0.05214860836801975,0.04832091007667982,0.23843245877621388,not_applicable,0.0,False,0.40400115195004405,0.35,5945.785177995011,-0.07302344390893271,0.40259084988176863,0.35,0.35,0.34999982547738284,0.34999982547738284,2.063913847272225e-06,False,False,81864.91632080078,6179.952766846162,20.944163314397265,4.525422793725946e-06,86.4170577836531,0.8866800433930975,0.9276352786236607,0.7499245797839396,0.7309926130233437,0.2586107576985939,1.0,0.004478437066488493,0.0012923100994562892,0.005160534056958272,-0.041606195997913514,0.04669296781546167,-0.02284003464815019,6107.333239994104,False
2,stress,10057,ridge_stronger_safety,6.0,0.1793524629546609,0.0481161863870769,0.3415602770970465,0.17454962198970883,0.04940891770085051,0.33689063243629513,0.12314814814814815,-0.0003518823242187469,0.07893054687500001,0.05314814814814814,0.19314814814814815,-0.08,0.08,0.05620431480651275,0.048468068711295643,0.2626297302220465,not_applicable,0.0,False,0.48611721469438696,0.35,5941.7765495000785,-0.07461963708307252,0.4027633234553852,0.35,0.35,0.34999997475452926,0.34999997475452926,2.9855429284353363e-07,False,False,81839.58203125,6176.532643486048,20.932572348428415,4.54353786744217e-06,86.66697501119202,0.8866800433930975,0.9276352786236607,0.7499245797839396,0.7309926130233437,0.2586107576985939,1.0,0.004478437066488493,0.0012923100994562892,0.005160534056958272,-0.041606195997913514,0.04669296781546167,-0.02284003464815019,6107.333239994104,False
2,stress,10057,ridge_stronger_safety,6.5,0.18348080738499375,0.048234989252554636,0.3656480736889547,0.18593042618772118,0.05092196638018957,0.3653577144220742,0.12367659036351165,-0.0003799707031250099,0.07874755981445312,0.05367659036351165,0.19367659036351165,-0.08,0.08,0.0598042170214821,0.048614959955679646,0.28690051387450155,not_applicable,0.0,False,0.5494193479390675,0.35,5938.029806726793,-0.07606877111099501,0.40294758617496185,0.35,0.35,0.34999999634813067,0.34999999634813067,4.31872028139324e-08,False,False,81812.13397216797,6172.878743248417,20.920189101145034,4.563246225210069e-06,86.93995269562633,0.8866800433930975,0.9276352786236607,0.7499245797839396,0.7309926130233437,0.2586107576985939,1.0,0.004478437066488493,0.0012923100994562892,0.005160534056958272,-0.041606195997913514,0.04669296781546167,-0.02284003464815019,6107.333239994104,False
2,stress,10057,ridge_stronger_safety,7.0,0.18723535304873243,0.048353720060216696,0.3897952534634651,0.18902362236598189,0.04715232321050123,0.38455956128637403,0.12424296982167352,-0.00040786865234375413,0.078550576171875,0.05424296982167351,0.19424296982167352,-0.08,0.08,0.06299238322705891,0.04876158871256045,0.3112446772915901,not_applicable,0.0,False,0.4137975960999425,0.35,5934.511055359902,-0.07738612504857355,0.4031433865961587,0.35,0.35,0.3499999994717409,0.3499999994717409,6.247220407651355e-09,False,False,81782.58642578125,6168.996052234287,20.907030470688255,4.584557622061453e-06,87.23613674978738,0.8866800433930975,0.9276352786236607,0.7499245797839396,0.7309926130233437,0.2586107576985939,1.0,0.004478437066488493,0.0012923100994562892,0.005160534056958272,-0.041606195997913514,0.04669296781546167,-0.02284003464815019,6107.333239994104,False
2,stress,10057,ridge_stronger_safety,7.5,0.1906550039007365,0.048472383070134295,0.41400178148124656,0.19450487603770478,0.050353765606855304,0.4205614993938224,0.12484664351851851,-0.0004355761718749934,0.07833969116210937,0.054846643518518506,0.19484664351851852,-0.08,0.08,0.06580836038221799,0.04890795924200929,0.3356620903191372,not_applicable,0.0,False,0.5298548454464618,0.35,5931.189963227117,-0.07858538288586489,0.40335048914940924,0.35,0.35,0.34999999992358494,0.34999999992358494,9.036881243318362e-10,False,False,81750.9536743164,6164.88924175046,20.893112288346153,4.607483314076453e-06,87.55568142619592,0.8866800433930975,0.9276352786236607,0.7499245797839396,0.7309926130233437,0.2586107576985939,1.0,0.004478437066488493,0.0012923100994562892,0.005160534056958272,-0.041606195997913514,0.04669296781546167,-0.02284003464815019,6107.333239994104,False
2,stress,10057,ridge_stronger_safety,8.0,0.19377461331283888,0.04859098196718446,0.4382676247866283,0.20180690061148257,0.048003975725048935,0.43431249330211813,0.1254869684499314,-0.00046309326171874166,0.078115,0.055486968449931395,0.1954869684499314,-0.08,0.08,0.06828764486290748,0.049054075228903204,0.3601526247866283,not_applicable,0.0,False,0.44975513474512396,0.35,5928.039354666007,-0.07967880489171318,0.4035686718725181,0.35,0.35,0.3499999999889462,0.3499999999889462,1.3072254390067428e-10,False,False,81717.25,6160.562713271744,20.878449470932924,4.632036058488184e-06,87.89875055414127,0.8866800433930975,0.9276352786236607,0.7499245797839396,0.7309926130233437,0.2586107576985939,1.0,0.004478437066488493,0.0012923100994562892,0.005160534056958272,-0.041606195997913514,0.04669296781546167,-0.02284003464815019,6107.333239994104,False
2,stress,10057,ridge_stronger_safety,8.5,0.19662540574812182,0.048709519920811656,0.4625927521352196,0.19611324805430758,0.04927991286013951,0.47508579031885023,0.12616330161179698,-0.0004904199218749988,0.07787659790039063,0.05616330161179697,0.196163301611797,-0.08,0.08,0.07046210413632484,0.049199939842686655,0.38471615423482897,not_applicable,0.0,False,0.48311579217092016,0.35,5925.03486069442,-0.08067737616706872,0.4037977245977856,0.35,0.35,0.349999999998401,0.349999999998401,1.890954060002059e-11,False,False,81681.4896850586,6156.020634389981,20.86305614262193,4.6582301159914984e-06,88.26551853455804,0.8866800433930975,0.9276352786236607,0.7499245797839396,0.7309926130233437,0.2586107576985939,1.0,0.004478437066488493,0.0012923100994562892,0.005160534056958272,-0.041606195997913514,0.04669296781546167,-0.02284003464815019,6107.333239994104,False
2,stress,10057,ridge_stronger_safety,9.0,0.19923535453785182,0.0488279996381587,0.48697713374972207,0.19388391121285525,0.049073535943421634,0.490395195579577,0.126875,-0.0005175561523437511,0.077624580078125,0.05687499999999998,0.196875,-0.08,0.08,0.07236035453785183,0.049345555790502454,0.40935255367159706,not_applicable,0.0,False,0.467636617296739,0.35,5922.154609306062,-0.08159093909559942,0.4040374474800409,0.35,0.35,0.34999999999976866,0.34999999999976866,2.7353674880714607e-12,False,False,81643.68701171875,6151.266968002932,20.84694573386822,4.686081255220473e-06,88.65617115616399,0.8866800433930975,0.9276352786236607,0.7499245797839396,0.7309926130233437,0.2586107576985939,1.0,0.004478437066488493,0.0012923100994562892,0.005160534056958272,-0.041606195997913514,0.04669296781546167,-0.02284003464815019,6107.333239994104,True
2,stress,10057,ridge_stronger_safety,9.5,0.2016295203307197,0.04894642341132943,0.5114207411008137,0.19681311702605048,0.04949358876332848,0.5088636724264607,0.12762142061042525,-0.0005445019531249984,0.07735904174804688,0.057621420610425245,0.19762142061042526,-0.08,0.08,0.07400809972029446,0.04949092536445443,0.43406169935276684,not_applicable,0.0,False,0.4806934511096759,0.35,5919.378950052441,-0.08242831197816922,0.40428764978530923,0.35,0.35,0.3499999999999665,0.3499999999999665,3.956834859764058e-13,False,False,81603.85626220703,6146.305496334782,20.830131062815237,4.715606759363981e-06,89.07090627781733,0.8866800433930975,0.9276352786236607,0.7499245797839396,0.7309926130233437,0.2586107576985939,1.0,0.004478437066488493,0.0012923100994562892,0.005160534056958272,-0.041606195997913514,0.04669296781546167,-0.02284003464815019,6107.333239994104,True
2,stress,10057,ridge_stronger_safety,10.0,0.20383035430836488,0.04906479315943294,0.5359235467103362,0.20129446202727158,0.048687343237937546,0.5283182179413108,0.12840192043895748,-0.0005712573242187546,0.077080078125,0.05840192043895748,0.1984019204389575,-0.08,0.08,0.0754284338694074,0.049636050483651696,0.45884346858533614,not_applicable,0.0,False,0.4517339844619707,0.35,5916.6902088954885,-0.0831973953662776,0.40454814888211915,0.35,0.35,0.34999999999999515,0.34999999999999515,5.728750807065808e-14,False,False,81562.01171875,6141.139840938384,20.81262440308339,4.746825434893015e-06,89.50993440965527,0.8866800433930975,0.9276352786236607,0.7499245797839396,0.7309926130233437,0.2586107576985939,1.0,0.004478437066488493,0.0012923100994562892,0.005160534056958272,-0.041606195997913514,0.04669296781546167,-0.02284003464815019,6107.333239994104,True
2,stress,10057,ridge_stronger_safety,10.5,0.20585796983499938,0.049183110465983115,0.5604855239743216,0.2056666031957332,0.05187954822550254,0.5562400867527818,0.12921585648148148,-0.000597822265625006,0.07678778442382812,0.05921585648148148,0.1992158564814815,-0.08,0.08,0.0766421133535179,0.04978093273160812,0.4836977395504935,not_applicable,0.0,False,0.5653054654487404,0.35,5914.0724699325465,-0.08390526737680264,0.40481876939269756,0.35,0.35,0.34999999999999926,0.34999999999999926,8.215650382226158e-15,False,False,81518.16766357422,6135.773479526905,20.794437540813334,4.779757622377817e-06,89.97347921707141,0.8866800433930975,0.9276352786236607,0.7499245797839396,0.7309926130233437,0.2586107576985939,1.0,0.004478437066488493,0.0012923100994562892,0.005160534056958272,-0.041606195997913514,0.04669296781546167,-0.02284003464815019,6107.333239994104,True
2,stress,10057,ridge_stronger_safety,11.0,0.20773038582714298,0.049301376612162565,0.5851066470036667,0.20525862798468675,0.05176723439721159,0.5853256979699705,0.13006258573388202,-0.0006241967773437523,0.076482255859375,0.06006258573388201,0.20006258573388203,-0.08,0.08,0.07766780009326096,0.04992557338950632,0.5086243911442917,not_applicable,0.0,False,0.554936585611674,0.35,5911.511380999166,-0.08455826912774138,0.4050993424719997,0.35,0.35,0.34999999999999987,0.34999999999999987,1.2212453270876722e-15,False,False,81472.33837890625,6130.2097602705635,20.7755818231183,4.814425209376829e-06,90.46177796560657,0.8866800433930975,0.9276352786236607,0.7499245797839396,0.7309926130233437,0.2586107576985939,1.0,0.004478437066488493,0.0012923100994562892,0.005160534056958272,-0.041606195997913514,0.04669296781546167,-0.02284003464815019,6107.333239994104,True
2,stress,10057,ridge_stronger_safety,11.5,0.20946374478741736,0.04941959260640329,0.6097868904805005,0.21063968368288505,0.04835552847001171,0.6096859198292168,0.1309414651920439,-0.0006503808593749938,0.07616358764648437,0.06094146519204388,0.2009414651920439,-0.08,0.08,0.07852227959537347,0.05006997346577828,0.5336233028340162,not_applicable,0.0,False,0.4337190998870829,0.35,5908.993980493301,-0.08516208131602793,0.40538970519014955,0.35,0.35,0.35,0.35,2.220446049250313e-16,False,False,81424.53814697266,6124.451914042717,20.75606819958672,4.85085164538349e-06,90.97508192054896,0.8866800433930975,0.9276352786236607,0.7499245797839396,0.7309926130233437,0.2586107576985939,1.0,0.004478437066488493,0.0012923100994562892,0.005160534056958272,-0.041606195997913514,0.04669296781546167,-0.02284003464815019,6107.333239994104,True
2,stress,10057,ridge_stronger_safety,12.0,0.2110725081398908,0.04953775921068618,0.6345262295285088,0.2236850308698602,0.051256915179134555,0.6377028868138289,0.13185185185185186,-0.0006763745117187442,0.075831875,0.06185185185185185,0.20185185185185187,-0.08,0.08,0.07922065628803895,0.05021413372240492,0.5586943545285088,not_applicable,0.0,False,0.5471960775623288,0.35,5906.508543062067,-0.08572179285330853,0.40568969999943083,0.35,0.35,0.35,0.35,0.0,False,False,81374.78125,6118.5030649893715,20.735907258102767,4.88906195882086e-06,91.51365671191672,0.8866800433930975,0.9276352786236607,0.7499245797839396,0.7309926130233437,0.2586107576985939,1.0,0.004478437066488493,0.0012923100994562892,0.005160534056958272,-0.041606195997913514,0.04669296781546167,-0.02284003464815019,6107.333239994104,True
2,stress,10057,ridge_stronger_safety,12.5,0.21256963122990855,0.049655876963916636,0.659324639595662,0.21326178910770538,0.05148799139192464,0.6542276360611371,0.13279310270919067,-0.0007021777343750035,0.07548721313476563,0.06279310270919067,0.20279310270919068,-0.08,0.08,0.07977652852071787,0.05035805469829164,0.5838374264608964,not_applicable,0.0,False,0.5365899237970654,0.35,5904.044442056202,-0.086241962381254,0.4059991742710676,0.35,0.35,0.35,0.35,0.0,False,False,81323.08197021484,6112.36623971472,20.715109255976643,4.929082776077299e-06,92.07778267317545,0.8866800433930975,0.9276352786236607,0.7499245797839396,0.7309926130233437,0.2586107576985939,1.0,0.004478437066488493,0.0012923100994562892,0.005160534056958272,-0.041606195997913514,0.04669296781546167,-0.02284003464815019,6107.333239994104,True
2,stress,10057,ridge_stronger_safety,13.0,0.21396672010536566,0.04977394620269397,0.684182096347969,0.20672035708096478,0.05262235279075049,0.6724481200142362,0.13376457475994513,-0.000727790527343744,0.075129697265625,0.06376457475994513,0.20376457475994514,-0.08,0.08,0.08020214534542053,0.050501736730037716,0.609052399082344,not_applicable,0.0,False,0.5629005598597605,0.35,5901.592026891792,-0.0867266734033381,0.40631797989012214,0.35,0.35,0.35,0.35,0.0,False,False,81269.45458984375,6106.044375314271,20.693684147169208,4.970942342580579e-06,92.66775516031427,0.8866800433930975,0.9276352786236607,0.7499245797839396,0.7309926130233437,0.2586107576985939,1.0,0.004478437066488493,0.0012923100994562892,0.005160534056958272,-0.041606195997913514,0.04669296781546167,-0.02284003464815019,6107.333239994104,True
2,stress,10057,ridge_stronger_safety,13.5,0.2152741719760075,0.04989196707975695,0.7090985755730236,0.20777329713036813,0.04994475547388972,0.7103151127313236,0.134765625,-0.0007532128906250074,0.07475942260742188,0.064765625,0.204765625,-0.08,0.08,0.08050854697600751,0.05064517997038196,0.6343391529656017,not_applicable,0.0,False,0.46229333625399116,0.35,5899.142513666896,-0.08717958369401964,0.4066459728991729,0.35,0.35,0.35,0.35,0.0,False,False,81213.91339111328,6099.540326440656,20.671641606238378,5.014670545910691e-06,93.28388485656926,0.8866800433930975,0.9276352786236607,0.7499245797839396,0.7309926130233437,0.2586107576985939,1.0,0.004478437066488493,0.0012923100994562892,0.005160534056958272,-0.041606195997913514,0.04669296781546167,-0.02284003464815019,6107.333239994104,True
2,stress,10057,ridge_stronger_safety,14.0,0.21650130104990917,0.05000993958035657,0.734074053092246,0.21212133475687955,0.0483265861730852,0.7288942004910255,0.13579561042524005,-0.0007784448242187519,0.074376484375,0.06579561042524004,0.20579561042524006,-0.08,0.08,0.08070569062466912,0.050788384404575324,0.659697568717246,not_applicable,0.0,False,0.40347736858462874,0.35,5896.687887565524,-0.08760396957806027,0.4069830131832363,0.35,0.35,0.35,0.35,0.0,False,False,81156.47265625,6092.856871551574,20.64899104951369,5.060298940955329e-06,93.9264980670708,0.8866800433930975,0.9276352786236607,0.7499245797839396,0.7309926130233437,0.2586107576985939,1.0,0.004478437066488493,0.0012923100994562892,0.005160534056958272,-0.041606195997913514,0.04669296781546167,-0.02284003464815019,6107.333239994104,True
2,stress,10057,ridge_stronger_safety,14.5,0.21765645126940403,0.050127863536779345,0.7591085046808402,0.2159167207920032,0.04925849336483608,0.7595489079008714,0.13685388803155007,-0.0008034863281249915,0.07398097778320313,0.06685388803155007,0.20685388803155008,-0.08,0.08,0.08080256323785395,0.050931349864904336,0.6851275268976371,not_applicable,0.0,False,0.43499216940796503,0.35,5894.220815745318,-0.08800276561150366,0.4073289641897978,0.35,0.35,0.35,0.35,0.0,False,False,81097.14666748047,6085.996718461531,20.625741653911437,5.1078607771150815e-06,94.59593700689311,0.8866800433930975,0.9276352786236607,0.7499245797839396,0.7309926130233437,0.2586107576985939,1.0,0.004478437066488493,0.0012923100994562892,0.005160534056958272,-0.041606195997913514,0.04669296781546167,-0.02284003464815019,6107.333239994104,True
2,stress,10057,ridge_stronger_safety,15.0,0.2187470973102632,0.05024573864121966,0.7842019059945926,0.2226921613227425,0.04890543380344192,0.7850923734242514,0.13793981481481482,-0.000828337402343754,0.073572998046875,0.06793981481481481,0.20793981481481483,-0.08,0.08,0.08080728249544838,0.05107407604356341,0.7106289079477176,not_applicable,0.0,False,0.4242141999947274,0.35,5891.73456955086,-0.08837860014092247,0.407683692678915,0.35,0.35,0.35,0.35,0.0,False,False,81035.94970703125,6078.962509297259,20.60190237372883,5.157391027568712e-06,95.2925600853639,0.8866800433930975,0.9276352786236607,0.7499245797839396,0.7309926130233437,0.2586107576985939,1.0,0.004478437066488493,0.0012923100994562892,0.005160534056958272,-0.041606195997913514,0.04669296781546167,-0.02284003464815019,6107.333239994104,True
2,stress,10057,ridge_stronger_safety,15.5,0.21977993506595433,0.05036356445717782,0.8093542325027316,0.21636986871680627,0.05120556879147889,0.8091250850874788,0.13905274777091908,-0.0008529980468749976,0.07315264038085938,0.06905274777091908,0.2090527477709191,-0.08,0.08,0.08072718729503525,0.05121656250405282,0.7362015921218723,not_applicable,0.0,False,0.4921513617940485,0.35,5889.22295502365,-0.08873382716827069,0.4080470684992265,0.35,0.35,0.35,0.35,0.0,False,False,80972.8960571289,6071.756824939426,20.577481955697145,5.2089264206117195e-06,96.01674218899107,0.8866800433930975,0.9276352786236607,0.7499245797839396,0.7309926130233437,0.2586107576985939,1.0,0.004478437066488493,0.0012923100994562892,0.005160534056958272,-0.041606195997913514,0.04669296781546167,-0.02284003464815019,6107.333239994104,True
2,stress,10057,ridge_stronger_safety,16.0,0.22076096271161502,0.05048134042954098,0.8345654594261512,0.21955001559631618,0.05117204082939777,0.8273761596933502,0.1401920438957476,-0.0008774682617187501,0.07272,0.0701920438957476,0.2101920438957476,-0.08,0.08,0.08056891881586742,0.05135880869125973,0.7618454594261512,not_applicable,0.0,False,0.48832529379388484,0.35,5886.680250794414,-0.08907055490448171,0.40841896438639796,0.35,0.35,0.35,0.35,0.0,False,False,80908.0,6064.382189019411,20.552488952527018,5.262505473084799e-06,96.76887496497685,0.8866800433930975,0.9276352786236607,0.7499245797839396,0.7309926130233437,0.2586107576985939,1.0,0.004478437066488493,0.0012923100994562892,0.005160534056958272,-0.041606195997913514,0.04669296781546167,-0.02284003464815019,6107.333239994104,True
2,stress,10057,ridge_stronger_safety,16.5,0.22169555332842203,0.05059906589348662,0.859835561680375,0.22184564940401202,0.05052491606928323,0.8602897111729685,0.14135706018518518,-0.0009017480468750116,0.07227517211914063,0.07135706018518517,0.21135706018518519,-0.08,0.08,0.08033849314323685,0.05150081394036163,0.7875603895612344,not_applicable,0.0,False,0.4614858343289863,0.35,5884.1011525450995,-0.08939067135530965,0.4087992557810987,0.35,0.35,0.35,0.35,0.0,False,False,80841.2758178711,6056.841071528806,20.526931735141215,5.318168525911277e-06,97.54936710696016,0.8866800433930975,0.9276352786236607,0.7499245797839396,0.7309926130233437,0.2586107576985939,1.0,0.004478437066488493,0.0012923100994562892,0.005160534056958272,-0.041606195997913514,0.04669296781546167,-0.02284003464815019,6107.333239994104,True
2,stress,10057,ridge_stronger_safety,17.0,0.22258851996694734,0.05071674008233324,0.8851645138227042,0.22187506977287103,0.05561535751049009,0.883939179879039,0.1425471536351166,-0.0009258374023437543,0.071818251953125,0.0725471536351166,0.21254715363511661,-0.08,0.08,0.08004136633183073,0.051642577484676995,0.8133462618695793,not_applicable,0.0,False,0.6367441683025006,0.35,5881.48072331821,-0.08969586724735601,0.4091878206640562,0.35,0.35,0.35,0.35,0.0,False,False,80772.73779296875,6049.1358920902585,20.500818503759668,5.3759577817659794e-06,98.35864464437932,0.8866800433930975,0.9276352786236607,0.7499245797839396,0.7309926130233437,0.2586107576985939,1.0,0.004478437066488493,0.0012923100994562892,0.005160534056958272,-0.041606195997913514,0.04669296781546167,-0.02284003464815019,6107.333239994104,True
2,stress,10057,ridge_stronger_safety,17.5,0.22344417393662794,0.050834362134448766,0.9105522900030515,0.22364169601942294,0.04909334933557678,0.9128040111257997,0.1437616812414266,-0.0009497363281249921,0.07134933471679687,0.0737616812414266,0.2137616812414266,-0.08,0.08,0.07968249269520133,0.05178409846257376,0.8392029552862547,not_applicable,0.0,False,0.3994534818274056,0.35,5878.814349031221,-0.08998765657033772,0.4095845394061104,0.35,0.35,0.35,0.35,0.0,False,False,80702.40020751953,6041.269022930859,20.47415729797645,5.435917344900429e-06,99.19715123662863,0.8866800433930975,0.9276352786236607,0.7499245797839396,0.7309926130233437,0.2586107576985939,1.0,0.004478437066488493,0.0012923100994562892,0.005160534056958272,-0.041606195997913514,0.04669296781546167,-0.02284003464815019,6107.333239994104,True
2,stress,10057,ridge_stronger_safety,18.0,0.2242663770265343,0.05095193109931533,0.9359988639180137,0.22236499474258753,0.05215733436810689,0.9378552708087516,0.145,-0.0009734448242187527,0.070868515625,0.07499999999999998,0.215,-0.08,0.08,0.0792663770265343,0.051925375923534085,0.8651303482930137,not_applicable,0.0,False,0.5007490974504523,0.35,5876.097698624986,-0.09026739498305852,0.40998929463149714,0.35,0.35,0.35,0.35,0.0,False,False,80630.27734375,6033.242791593229,20.44695600594777,5.49809326315246e-06,100.06534847301607,0.8866800433930975,0.9276352786236607,0.7499245797839396,0.7309926130233437,0.2586107576985939,1.0,0.004478437066488493,0.0012923100994562892,0.005160534056958272,-0.041606195997913514,0.04669296781546167,-0.02284003464815019,6107.333239994104,True
2,stress,10057,ridge_stronger_safety,18.5,0.2250585882892103,0.05106944594283822,0.9615042087677852,0.23266306523955113,0.04991052301465998,0.9569242810410923,0.14626146690672154,-0.0009969628906250083,0.07037588989257812,0.07626146690672153,0.21626146690672154,-0.08,0.08,0.07879712138248876,0.05206640883346323,0.891128318875207,not_applicable,0.0,False,0.42654189022378053,0.35,5873.326688338159,-0.090536296304904,0.41040197109284127,0.35,0.35,0.35,0.35,0.0,False,False,80556.38348388672,6025.059483414375,20.419222372792923,5.562533572170584e-06,100.96371617937722,0.8866800433930975,0.9276352786236607,0.7499245797839396,0.7309926130233437,0.2586107576985939,1.0,0.004478437066488493,0.0012923100994562892,0.005160534056958272,-0.041606195997913514,0.04669296781546167,-0.02284003464815019,6107.333239994104,True
2,stress,10057,ridge_stronger_safety,19.0,0.22582390595358778,0.051186905551977045,0.9870682972155529,0.22461254226861543,0.053873310785758396,0.9818015688005894,0.147545438957476,-0.0010202905273437451,0.069871552734375,0.07754543895747598,0.217545438957476,-0.08,0.08,0.0782784669961118,0.05220719607932079,0.9171967444811779,not_applicable,0.0,False,0.551689333946544,0.35,5870.49744965575,-0.09079544729169081,0.41082245555655417,0.35,0.35,0.35,0.35,0.0,False,False,80480.73291015625,6016.721343798232,20.39096400829609,5.629288341886719e-06,101.89275273209202,0.8866800433930975,0.9276352786236607,0.7499245797839396,0.7309926130233437,0.2586107576985939,1.0,0.004478437066488493,0.0012923100994562892,0.005160534056958272,-0.041606195997913514,0.04669296781546167,-0.02284003464815019,6107.333239994104,True
2,stress,10057,ridge_stronger_safety,19.5,0.226565104974055,0.05130430873876871,1.0126911013490525,0.2286614617288949,0.05136420066627264,1.013965219725389,0.14885127314814814,-0.001043427734374991,0.06935559936523437,0.07885127314814813,0.21885127314814815,-0.08,0.08,0.07771383182590685,0.052347736473143704,0.9433355019838181,not_applicable,0.0,False,0.46052973974073075,0.35,5867.606300529724,-0.09104582087408666,0.41125063669750794,0.35,0.35,0.35,0.35,0.0,False,False,80403.33990478516,6008.230580304267,20.362188393984678,5.698409725273121e-06,102.8529753801431,0.8866800433930975,0.9276352786236607,0.7499245797839396,0.7309926130233437,0.2586107576985939,1.0,0.004478437066488493,0.0012923100994562892,0.005160534056958272,-0.041606195997913514,0.04669296781546167,-0.02284003464815019,6107.333239994104,True
2,stress,10057,ridge_stronger_safety,20.0,0.2272846706699698,0.05142165424380418,1.0383725926439966,0.22583044636197616,0.0500565031750966,1.0385808530304372,0.1501783264746228,-0.0010663745117187456,0.068828125,0.08017832647462278,0.2201783264746228,-0.08,0.08,0.07710634419534701,0.05248802875552293,0.9695444676439966,not_applicable,0.0,False,0.40390618602959716,0.35,5864.649719513776,-0.0912882880183358,0.4116864050020053,0.35,0.35,0.35,0.35,0.0,False,False,80324.21875,5999.589364571574,20.332902889650182,5.7699520094222736e-06,103.84492057577746,0.8866800433930975,0.9276352786236607,0.7499245797839396,0.7309926130233437,0.2586107576985939,1.0,0.004478437066488493,0.0012923100994562892,0.005160534056958272,-0.041606195997913514,0.04669296781546167,-0.02284003464815019,6107.333239994104,True
2,stress,10057,ridge_stronger_safety,20.5,0.227984828862614,0.05153894073921411,1.0641127419291174,0.2301656027983714,0.05055925508086226,1.0664475501937578,0.15152595593278462,-0.0010891308593749954,0.06828922485351563,0.08152595593278461,0.22152595593278462,-0.08,0.08,0.07645887292982939,0.05262807159858911,0.9958235170756018,not_applicable,0.0,False,0.42072014601373375,0.35,5861.624322493737,-0.09152362835245587,0.4121296526781913,0.35,0.35,0.35,0.35,0.0,False,False,80243.38372802734,5990.799834095381,20.303114739368862,5.843971668990853e-06,104.86914431425659,0.8866800433930975,0.9276352786236607,0.7499245797839396,0.7309926130233437,0.2586107576985939,1.0,0.004478437066488493,0.0012923100994562892,0.005160534056958272,-0.041606195997913514,0.04669296781546167,-0.02284003464815019,6107.333239994104,True
2,stress,10057,ridge_stronger_safety,21.0,0.2286675728742151,0.0516561668312126,1.0899115193525883,0.22997392588283533,0.0486960328722567,1.0868949708749653,0.1528935185185185,-0.0011116967773437542,0.06773899414062501,0.0828935185185185,0.22289351851851852,-0.08,0.08,0.07577405435569659,0.052767863608556356,1.0221725252119633,not_applicable,0.0,False,0.34757382875673126,0.35,5858.526841729926,-0.09175253968621802,0.41258027357316207,0.35,0.35,0.35,0.35,0.0,False,False,80160.84912109375,5981.864093870782,20.27283107707244,5.920527422051797e-06,105.92622248312883,0.8866800433930975,0.9276352786236607,0.7499245797839396,0.7309926130233437,0.2586107576985939,1.0,0.004478437066488493,0.0012923100994562892,0.005160534056958272,-0.041606195997913514,0.04669296781546167,-0.02284003464815019,6107.333239994104,True
2,stress,10057,ridge_stronger_safety,21.5,0.22933468771570184,0.05177333106224274,1.1157688943496173,0.2249467471681956,0.051500165345225876,1.125847188740182,0.15428037122770918,-0.001134072265625008,0.06717752807617187,0.08428037122770918,0.2242803712277092,-0.08,0.08,0.07505431648799266,0.052907403327867746,1.0485913662734454,not_applicable,0.0,False,0.4352481658534539,0.35,5855.354106958874,-0.09197564653990578,0.4130381630961138,0.35,0.35,0.35,0.35,0.0,False,False,80076.62921142578,5972.78421791668,20.242058931712783,5.999680288400883e-06,107.01675122140186,0.8866800433930975,0.9276352786236607,0.7499245797839396,0.7309926130233437,0.2586107576985939,1.0,0.004478437066488493,0.0012923100994562892,0.005160534056958272,-0.041606195997913514,0.04669296781546167,-0.02284003464815019,6107.333239994104,True
2,stress,10057,ridge_stronger_safety,22.0,0.2299877717558523,0.05189043191276292,1.1416848356110216,0.23066972305479388,0.05061942285581283,1.1452123583209224,0.15568587105624143,-0.001156257324218743,0.066604921875,0.08568587105624142,0.22568587105624144,-0.08,0.08,0.07430190069961087,0.053046689236981664,1.0750799137360216,not_applicable,0.0,False,0.4045316744821011,0.35,5852.09241564417,-0.09219734126789689,0.4135553796234184,0.35,0.35,0.35,0.35,0.0,False,False,79990.73828125,5963.562250691366,20.210805232059418,6.08149365036659e-06,108.14134728894796,0.8866800433930975,0.9276352786236607,0.7499245797839396,0.7309926130233437,0.2586107576985939,1.0,0.004478437066488493,0.0012923100994562892,0.005160534056958272,-0.041606195997913514,0.04669296781546167,-0.02284003464815019,6107.333239994104,True
2,stress,10057,ridge_stronger_safety,22.5,0.23062825608285442,0.052007467590455346,1.167659310999549,0.22843401423110643,0.05293753179172021,1.1712036546634665,0.157109375,-0.0011782519531250008,0.06602127075195313,0.08710937499999999,0.227109375,-0.08,0.08,0.07351888108285443,0.05318571954358035,1.1016380402475958,not_applicable,0.0,False,0.47840348240454594,0.35,5848.658333258107,-0.09244673922795457,0.41452118455903586,0.35,0.35,0.35,0.35,0.0,False,False,79903.19061279297,5954.200208409866,20.179076811164045,6.166033316175021e-06,109.30064844644549,0.8866800433930975,0.9276352786236607,0.7499245797839396,0.7309926130233437,0.2586107576985939,1.0,0.004478437066488493,0.0012923100994562892,0.005160534056958272,-0.041606195997913514,0.04669296781546167,-0.02284003464815019,6107.333239994104,True
2,stress,10057,ridge_stronger_safety,23.0,0.23125742146380862,0.052124434635458,1.1936922870648083,0.23290578559890684,0.053943658855591256,1.1987274880652414,0.15855024005486967,-0.0012000561523437536,0.065426669921875,0.08855024005486967,0.22855024005486968,-0.08,0.08,0.07270718140893895,0.05332449078780176,1.1282656171429333,not_applicable,0.0,False,0.5137001579169274,0.35,5845.135520998739,-0.09269260425396922,0.41550436793117296,0.35,0.35,0.35,0.35,0.0,False,False,79814.00048828125,5944.700080271976,20.146880410522424,6.253367585923667e-06,110.49531384611905,0.8866800433930975,0.9276352786236607,0.7499245797839396,0.7309926130233437,0.2586107576985939,1.0,0.004478437066488493,0.0012923100994562892,0.005160534056958272,-0.041606195997913514,0.04669296781546167,-0.02284003464815019,6107.333239994104,True
2,stress,10057,ridge_stronger_safety,23.5,0.23187641401915235,0.05224133126216302,1.2197837290449567,0.22671332090408072,0.051668194647677,1.222483188853386,0.16000782321673526,-0.0012216699218750016,0.06482121459960938,0.09000782321673526,0.23000782321673527,-0.08,0.08,0.07186859080241709,0.053463001184038024,1.1549625144453473,not_applicable,0.0,False,0.4188947261795553,0.35,5841.520876364172,-0.09293533451082972,0.4165048071705042,0.35,0.35,0.35,0.35,0.0,False,False,79723.1821899414,5935.063829608949,20.11422268396056,6.343567320220685e-06,111.72602443351872,0.8866800433930975,0.9276352786236607,0.7499245797839396,0.7309926130233437,0.2586107576985939,1.0,0.004478437066488493,0.0012923100994562892,0.005160534056958272,-0.041606195997913514,0.04669296781546167,-0.02284003464815019,6107.333239994104,True
2,stress,10057,ridge_stronger_safety,24.0,0.2324862596225877,0.052358155623831205,1.2459336012699893,0.23813272793099918,0.05149148111450186,1.2484339499110675,0.16148148148148148,-0.0012430932617187584,0.064205,0.09148148148148147,0.23148148148148148,-0.08,0.08,0.07100477814110623,0.053601248885549964,1.1817286012699892,not_applicable,0.0,False,0.42063502339691766,0.35,5837.811316918675,-0.0931752859281238,0.41752238101690514,0.35,0.35,0.35,0.35,0.0,False,False,79630.75,5925.293394955936,20.08111020126924,6.436706011548455e-06,112.99348336054966,0.8866800433930975,0.9276352786236607,0.7499245797839396,0.7309926130233437,0.2586107576985939,1.0,0.004478437066488493,0.0012923100994562892,0.005160534056958272,-0.041606195997913514,0.04669296781546167,-0.02284003464815019,6107.333239994104,True
2,stress,10057,ridge_stronger_safety,24.5,0.23308787639780745,0.05247490581289826,1.272141867131258,0.2237122343163633,0.05342693490732159,1.2793327315670522,0.16297057184499314,-0.0012643261718749965,0.06357812133789062,0.09297057184499313,0.23297057184499315,-0.08,0.08,0.07011730455281431,0.053739231984773254,1.2085637457933676,not_applicable,0.0,False,0.46637069719160407,0.35,5834.003769575975,-0.09341277660325387,0.4185569694413684,0.35,0.35,0.35,0.35,0.0,False,False,79536.7182006836,5915.390691056471,20.047549451608308,6.532859858413231e-06,114.29841640994813,0.8866800433930975,0.9276352786236607,0.7499245797839396,0.7309926130233437,0.2586107576985939,1.0,0.004478437066488493,0.0012923100994562892,0.005160534056958272,-0.041606195997913514,0.04669296781546167,-0.02284003464815019,6107.333239994104,False
2,stress,10057,ridge_stronger_safety,25.0,0.23368208591358539,0.05259157986107639,1.2984084890510914,0.23735110331881792,0.05187489753434819,1.2952177490979795,0.164474451303155,-0.0012853686523437435,0.062940673828125,0.09447445130315499,0.234474451303155,-0.08,0.08,0.06920763461043039,0.053876948513420134,1.2354678152229663,not_applicable,0.0,False,0.421948224480859,0.35,5830.095160787991,-0.09364809074535757,0.41960845357147647,0.35,0.35,0.35,0.35,0.0,False,False,79441.10107421875,5905.35760980471,20.01354684669993,6.632107842344342e-06,115.64157243137005,0.8866800433930975,0.9276352786236607,0.7499245797839396,0.7309926130233437,0.2586107576985939,1.0,0.004478437066488493,0.0012923100994562892,0.005160534056958272,-0.041606195997913514,0.04669296781546167,-0.02284003464815019,6107.333239994104,False
2,stress,10057,ridge_stronger_safety,25.5,0.23426962321272404,0.052708175739268295,1.3247334284524173,0.2312605400768893,0.0541039603848694,1.321041222330875,0.16599247685185187,-0.0013062207031249995,0.062292752685546876,0.09599247685185186,0.23599247685185187,-0.08,0.08,0.06827714636087218,0.054014396442393295,1.2624406757668705,not_applicable,0.0,False,0.4885943688745752,0.35,5826.082407538058,-0.09388148220782769,0.42067671562017306,0.35,0.35,0.35,0.35,0.0,False,False,79343.91290283203,5895.1960211304795,19.97910872382809,6.734531807809589e-06,117.02372378925068,0.8866800433930975,0.9276352786236607,0.7499245797839396,0.7309926130233437,0.2586107576985939,1.0,0.004478437066488493,0.0012923100994562892,0.005160534056958272,-0.041606195997913514,0.04669296781546167,-0.02284003464815019,6107.333239994104,False
2,stress,10057,ridge_stronger_safety,26.0,0.23485114579624686,0.05282469135730878,1.3511166457282993,0.23343444355174128,0.053576169157414075,1.3427854903362657,0.16752400548696844,-0.0013268823242187505,0.061634453125,0.09752400548696843,0.23752400548696845,-0.08,0.08,0.06732714030927842,0.05415157368152753,1.2894821926032993,not_applicable,0.0,False,0.467029741541228,0.35,5821.962409048483,-0.09411317765225913,0.4217616388175952,0.35,0.35,0.35,0.35,0.0,False,False,79245.16796875,5884.907773831726,19.944241348659794,6.840216545115665e-06,118.44566682257499,0.8866800433930975,0.9276352786236607,0.7499245797839396,0.7309926130233437,0.2586107576985939,1.0,0.004478437066488493,0.0012923100994562892,0.005160534056958272,-0.041606195997913514,0.04669296781546167,-0.02284003464815019,6107.333239994104,False
2,stress,10057,ridge_stronger_safety,26.5,0.23542724167158421,0.05294112456354746,1.3775581002113042,0.23930801962903836,0.052822067023579694,1.3809394747560948,0.16906839420438957,-0.0013473535156250036,0.060965870361328126,0.09906839420438956,0.23906839420438958,-0.08,0.08,0.06635884746719464,0.05428847807917246,1.3165922298499761,not_applicable,0.0,False,0.4420542667769406,0.35,5817.732039121986,-0.09434337938219624,0.42286310734575583,0.35,0.35,0.35,0.35,0.0,False,False,79144.88055419922,5874.494696358492,19.908950917901986,6.949249876364523e-06,119.90822231667812,0.8866800433930975,0.9276352786236607,0.7499245797839396,0.7309926130233437,0.2586107576985939,1.0,0.004478437066488493,0.0012923100994562892,0.005160534056958272,-0.041606195997913514,0.04669296781546167,-0.02284003464815019,6107.333239994104,False
2,stress,10057,ridge_stronger_safety,27.0,0.23599843656218072,0.05305747314428453,1.404057750142622,0.23728888321990468,0.05551562704290396,1.396048563177358,0.170625,-0.0013676342773437516,0.060287099609375,0.10062499999999999,0.240625,-0.08,0.08,0.06537343656218073,0.05442510742162828,1.343770650533247,not_applicable,0.0,False,0.5307199433904503,0.35,5813.388139045131,-0.0945722678810632,0.4239810062758817,0.35,0.35,0.35,0.35,0.0,False,False,79043.06494140625,5863.958597552136,19.87324356180684,7.061722744539496e-06,121.41223598718875,0.8866800433930975,0.9276352786236607,0.7499245797839396,0.7309926130233437,0.2586107576985939,1.0,0.004478437066488493,0.0012923100994562892,0.005160534056958272,-0.041606195997913514,0.04669296781546167,-0.02284003464815019,6107.333239994104,False
2,stress,10057,ridge_stronger_safety,27.5,0.2365652003658081,0.0531737348230702,1.4306155526408706,0.23633393314422135,0.052736370824373206,1.4452802326869956,0.1721931798696845,-0.0013877246093749948,0.059598236083984374,0.10219317986968449,0.2421931798696845,-0.08,0.08,0.06437202049612362,0.0545614594324452,1.3710173165568862,not_applicable,0.0,False,0.4254344324749689,0.35,5808.927510989527,-0.0948000040850843,0.4251152215082343,0.35,0.35,0.35,0.35,0.0,False,False,78939.73541259766,5853.301267343199,19.837125346536833,7.177729305797274e-06,122.95857897621433,0.8866800433930975,0.9276352786236607,0.7499245797839396,0.7309926130233437,0.2586107576985939,1.0,0.004478437066488493,0.0012923100994562892,0.005160534056958272,-0.041606195997913514,0.04669296781546167,-0.02284003464815019,6107.333239994104,False
2,stress,10057,ridge_stronger_safety,28.0,0.23712795293978042,0.05328990725987716,1.457231463670518,0.2370493959051162,0.05368693502045794,1.457867552194841,0.17377229080932782,-0.001407624511718747,0.058899375000000004,0.10377229080932782,0.24377229080932783,-0.08,0.08,0.0633556621304526,0.054697531771595906,1.398332088670518,not_applicable,0.0,False,0.4555600049115911,0.35,5804.346911853449,-0.09502673141879492,0.42626563971425235,0.35,0.35,0.35,0.35,0.0,False,False,78834.90625,5842.524477410941,19.800602276399946,7.29736702504376e-06,124.54814836084601,0.8866800433930975,0.9276352786236607,0.7499245797839396,0.7309926130233437,0.2586107576985939,1.0,0.004478437066488493,0.0012923100994562892,0.005160534056958272,-0.041606195997913514,0.04669296781546167,-0.02284003464815019,6107.333239994104,False
2,stress,10057,ridge_stronger_safety,28.5,0.2376870692831273,0.053405988050154334,1.4839054380098593,0.23061688336998945,0.05005985642088747,1.4848880361531842,0.17536168981481481,-0.001427333984375001,0.05819061157226563,0.10536168981481481,0.24536168981481482,-0.08,0.08,0.062325379468312486,0.054833322034529335,1.4257148264375936,not_applicable,0.0,False,0.31369725803685705,0.35,5799.643047492546,-0.09525257761787373,0.42743214828087306,0.35,0.35,0.35,0.35,0.0,False,False,78728.59173583984,5831.629981807371,19.763680295964555,7.420736774874994e-06,126.18186767406422,0.8866800433930975,0.9276352786236607,0.7499245797839396,0.7309926130233437,0.2586107576985939,1.0,0.004478437066488493,0.0012923100994562892,0.005160534056958272,-0.041606195997913514,0.04669296781546167,-0.02284003464815019,6107.333239994104,False
2,stress,10057,ridge_stronger_safety,29.0,0.2382428841784872,0.053521974723769364,1.5106374292184945,0.2352345037151326,0.05333773417421741,1.5065280782195771,0.17696073388203018,-0.0014468530273437502,0.057472041015625,0.10696073388203017,0.2469607338820302,-0.08,0.08,0.06128215029645703,0.054968827751113114,1.4531653882028694,not_applicable,0.0,False,0.4320960559136782,0.35,5794.8125672938495,-0.09547765636145158,0.428614635256898,0.35,0.35,0.35,0.35,0.0,False,False,78620.80615234375,5820.619517548277,19.726365292062432,7.547942937965884e-06,127.86068743809773,0.8866800433930975,0.9276352786236607,0.7499245797839396,0.7309926130233437,0.2586107576985939,1.0,0.004478437066488493,0.0012923100994562892,0.005160534056958272,-0.041606195997913514,0.04669296781546167,-0.02284003464815019,6107.333239994104,False
2,stress,10057,ridge_stronger_safety,29.5,0.2387956963499482,0.05363786474384613,1.5374273896042496,0.2399637739271725,0.051806973197727646,1.5416564483614792,0.17856878000685872,-0.0014661816406250014,0.05674375854492188,0.10856878000685871,0.24856878000685872,-0.08,0.08,0.06022691634308949,0.05510404638447113,1.4806836310593277,not_applicable,0.0,False,0.3791419758134512,0.35,5789.852059052047,-0.09570206873374741,0.429812989301285,0.35,0.35,0.35,0.35,0.0,False,False,78511.56378173828,5809.494805173575,19.68866309568782,7.679093512992362e-06,129.58558571029016,0.8866800433930975,0.9276352786236607,0.7499245797839396,0.7309926130233437,0.2586107576985939,1.0,0.004478437066488493,0.0012923100994562892,0.005160534056958272,-0.041606195997913514,0.04669296781546167,-0.02284003464815019,6107.333239994104,False
2,stress,10057,ridge_stronger_safety,30.0,0.23934577218720943,0.0537536555055031,1.5642752701894913,0.23909113562137604,0.05131778339098543,1.558780783504565,0.1801851851851852,-0.0014853198242187476,0.056005859375,0.11018518518518519,0.2501851851851852,-0.08,0.08,0.05916058700202423,0.05523897532972185,1.5082694108144914,not_applicable,0.0,False,0.3567740821636701,0.35,5784.758044111401,-0.09592590453281492,0.4310270996332512,0.35,0.35,0.35,0.35,0.0,False,False,78400.87890625,5798.257549279098,19.65057948379968,7.814300224174646e-06,131.35756864150892,0.8866800433930975,0.9276352786236607,0.7499245797839396,0.7309926130233437,0.2586107576985939,1.0,0.004478437066488493,0.0012923100994562892,0.005160534056958272,-0.041606195997913514,0.04669296781546167,-0.02284003464815019,6107.333239994104,False
2,stress,10057,ridge_stronger_safety,30.5,0.23989334908119248,0.05386934433449741,1.5911810206767882,0.23485756392780524,0.053113794701763306,1.6000411598781858,0.18180930641289436,-0.0015042675781250028,0.05525843872070313,0.11180930641289435,0.25180930641289434,-0.08,0.08,0.058084042668298114,0.05537361191262241,1.535922581956085,not_applicable,0.0,False,0.41214764439063767,0.35,5779.526972740529,-0.09614924344233251,0.43225685598409136,0.35,0.35,0.35,0.35,0.0,False,False,78288.76580810547,5786.909439021749,19.61212018103368,7.953678634531669e-06,133.17767104712328,0.8866800433930975,0.9276352786236607,0.7499245797839396,0.7309926130233437,0.2586107576985939,1.0,0.004478437066488493,0.0012923100994562892,0.005160534056958272,-0.041606195997913514,0.04669296781546167,-0.02284003464815019,6107.333239994104,False
2,stress,10057,ridge_stronger_safety,31.0,0.24043863841153237,0.05398492848577908,1.6181445894138702,0.24219892395317397,0.05578201386349901,1.6307842875317204,0.1834405006858711,-0.001523024902343753,0.054501591796875,0.11344050068587108,0.2534405006858711,-0.08,0.08,0.056998137725661285,0.05550795338812283,1.5636429976169952,not_applicable,0.0,False,0.5130502667599718,0.35,5774.155219710729,-0.09637215608070912,0.43350214855061187,0.35,0.35,0.35,0.35,0.0,False,False,78175.23876953125,5775.452148599784,19.573290861329905,8.097348262938811e-06,135.04695699056265,0.8866800433930975,0.9276352786236607,0.7499245797839396,0.7309926130233437,0.2586107576985939,1.0,0.004478437066488493,0.0012923100994562892,0.005160534056958272,-0.041606195997913514,0.04669296781546167,-0.02284003464815019,6107.333239994104,False
2,stress,10057,ridge_stronger_safety,31.5,0.2409818282221689,0.05410040514195918,1.645165923357844,0.24010546139603223,0.05334231448161593,1.6475354380045684,0.185078125,-0.0015415917968750054,0.053735413818359376,0.115078125,0.25507812500000004,-0.08,0.08,0.05590370322216889,0.05564199693883418,1.5914305095394845,not_applicable,0.0,False,0.4203080327801856,0.35,5768.6390800516365,-0.0965947049402936,0.43476286795009866,0.35,0.35,0.35,0.35,0.0,False,False,78060.3120727539,5763.887337709867,19.534097149481823,8.245432705083685e-06,136.96652037945992,0.8866800433930975,0.9276352786236607,0.7499245797839396,0.7309926130233437,0.2586107576985939,1.0,0.004478437066488493,0.0012923100994562892,0.005160534056958272,-0.041606195997913514,0.04669296781546167,-0.02284003464815019,6107.333239994104,False
2,stress,10057,ridge_stronger_safety,32.0,0.2415230856174876,0.054215771411695195,1.6722449680386215,0.24355820969813874,0.054891513439397764,1.6731456430825837,0.186721536351166,-0.0015599682617187527,0.05295999999999999,0.116721536351166,0.256721536351166,-0.08,0.08,0.05480154926632158,0.05577573967341395,1.6192849680386217,not_applicable,0.0,False,0.47705273140538806,0.35,5762.974764960787,-0.09681694522814199,0.4360389051767378,0.35,0.35,0.35,0.35,0.0,False,False,77944.0,5752.216651982374,19.494544622611564,8.398059758416367e-06,138.93748557436373,0.8866800433930975,0.9276352786236607,0.7499245797839396,0.7309926130233437,0.2586107576985939,1.0,0.004478437066488493,0.0012923100994562892,0.005160534056958272,-0.041606195997913514,0.04669296781546167,-0.02284003464815019,6107.333239994104,False
2,stress,10057,ridge_stronger_safety,32.5,0.242062558908081,0.054331024327996545,1.699381667521521,0.23986637184028348,0.051990453294450414,1.705261141869466,0.18837009173525376,-0.0015781542968749881,0.05217544555664062,0.11837009173525376,0.25837009173525377,-0.08,0.08,0.053692467172827246,0.05590917862487153,1.6472062219648804,not_applicable,0.0,False,0.3664572890162492,0.35,5757.1583978461085,-0.09703892561860462,0.43733015155941524,0.35,0.35,0.35,0.35,0.0,False,False,77826.3168334961,5740.441723396339,19.45463881157619,8.555361551193317e-06,140.9610080100015,0.8866800433930975,0.9276352786236607,0.7499245797839396,0.7309926130233437,0.2586107576985939,1.0,0.004478437066488493,0.0012923100994562892,0.005160534056958272,-0.041606195997913514,0.04669296781546167,-0.02284003464815019,6107.333239994104,False
2,stress,10057,ridge_stronger_safety,33.0,0.2426003795321742,0.05444616084645263,1.726575964369001,0.23909359402288538,0.05325688149698086,1.7215544072836553,0.19002314814814816,-0.0015961499023437464,0.051381845703125005,0.12002314814814816,0.2600231481481482,-0.08,0.08,0.052577231384026035,0.05604231074879638,1.675194118665876,not_applicable,0.0,False,0.4085448040769065,0.35,5751.186010482628,-0.09726068892692563,0.4386364987208295,0.35,0.35,0.35,0.35,0.0,False,False,77707.27685546875,5728.564170675286,19.414385202309198,8.717474675715505e-06,143.03827482904686,0.8866800433930975,0.9276352786236607,0.7499245797839396,0.7309926130233437,0.2586107576985939,1.0,0.004478437066488493,0.0012923100994562892,0.005160534056958272,-0.041606195997913514,0.04669296781546167,-0.02284003464815019,6107.333239994104,False
2,stress,10057,ridge_stronger_safety,33.5,0.243136663776046,0.054561177843385586,1.7538277996014908,0.2491073985366114,0.05364721759106154,1.7512584285100876,0.1916800625857339,-0.0016139550781249998,0.05057929565429688,0.12168006258573388,0.2616800625857339,-0.08,0.08,0.05145660119031212,0.056175132921510586,1.7032485039471938,not_applicable,0.0,False,0.4328336691753637,0.35,5745.053539266646,-0.09748227271208962,0.43995783853785236,0.35,0.35,0.35,0.35,0.0,False,False,77586.89434814453,5716.5855996651535,19.373789237101303,8.884540325864219e-06,145.1705055283477,0.8866800433930975,0.9276352786236607,0.7499245797839396,0.7309926130233437,0.2586107576985939,1.0,0.004478437066488493,0.0012923100994562892,0.005160534056958272,-0.041606195997913514,0.04669296781546167,-0.02284003464815019,6107.333239994104,False
2,stress,10057,ridge_stronger_safety,34.0,0.24367151431434925,0.05467607211392952,1.781137112657276,0.24232567374126765,0.054760768584567514,1.7773184430327356,0.19334019204389574,-0.001631569824218762,0.049767890625000005,0.12334019204389574,0.26334019204389575,-0.08,0.08,0.050331322270453505,0.05630764193814828,1.7313692220322758,not_applicable,0.0,False,0.4627781988999826,0.35,5738.756821552449,-0.09770370981629184,0.4412940631030815,0.35,0.35,0.35,0.35,0.0,False,False,77465.18359375,5704.507603695355,19.33285631582411,9.05670443903941e-06,147.35895261754314,0.8866800433930975,0.9276352786236607,0.7499245797839396,0.7309926130233437,0.2586107576985939,1.0,0.004478437066488493,0.0012923100994562892,0.005160534056958272,-0.041606195997913514,0.04669296781546167,-0.02284003464815019,6107.333239994104,False
2,stress,10057,ridge_stronger_safety,34.5,0.24420502158905516,0.05479084037003773,1.8085038413514085,0.25317220261612033,0.055201016938400176,1.80310274821738,0.19500289351851852,-0.0016489941406250055,0.048947725830078115,0.1250028935185185,0.2650028935185185,-0.08,0.08,0.049202128070536644,0.056439834510662736,1.7595561155213304,not_applicable,0.0,False,0.49054377053424897,0.35,5732.291592058224,-0.0979250288476395,0.4426450646875293,0.35,0.35,0.35,0.35,0.0,False,False,77342.15887451172,5692.331763924001,19.291591797100075,9.234117842607561e-06,149.6049022899876,0.8866800433930975,0.9276352786236607,0.7499245797839396,0.7309926130233437,0.2586107576985939,1.0,0.004478437066488493,0.0012923100994562892,0.005160534056958272,-0.041606195997913514,0.04669296781546167,-0.02284003464815019,6107.333239994104,False
2,stress,10057,ridge_stronger_safety,35.0,0.24473726504379856,0.05490547923841921,1.835927921833601,0.24277460550315255,0.055070708795261006,1.8418399731333894,0.19666752400548698,-0.0016662280273437372,0.048118896484375,0.12666752400548698,0.266667524005487,-0.08,0.08,0.048069741038311575,0.056571707265762945,1.787809025349226,not_applicable,0.0,False,0.47236405771700907,0.35,5725.653479329296,-0.09814625461200349,0.44401073570439814,0.35,0.35,0.35,0.35,0.0,False,False,77217.83447265625,5680.059649668205,19.25000099942194,9.41693640496821e-06,151.90967510588644,0.8866800433930975,0.9276352786236607,0.7499245797839396,0.7309926130233437,0.2586107576985939,1.0,0.004478437066488493,0.0012923100994562892,0.005160534056958272,-0.041606195997913514,0.04669296781546167,-0.02284003464815019,6107.333239994104,False
2,stress,10057,ridge_stronger_safety,35.5,0.24526831422865247,0.05501998525840538,1.8634092885450722,0.24819370554249914,0.057379302604665554,1.8615986840073655,0.19833344050068585,-0.0016832714843749985,0.04728149780273438,0.12833344050068585,0.26833344050068586,-0.08,0.08,0.04693487372796662,0.05670325674278038,1.8161277907423379,not_applicable,0.0,False,0.5609542470808092,0.35,5718.838002248132,-0.09836740849932163,0.44539096867389644,0.35,0.35,0.35,0.35,0.0,False,False,77092.22467041016,5667.692818720325,19.20808920222448,9.605321191349637e-06,154.27462668752375,0.8866800433930975,0.9276352786236607,0.7499245797839396,0.7309926130233437,0.2586107576985939,1.0,0.004478437066488493,0.0012923100994562892,0.005160534056958272,-0.041606195997913514,0.04669296781546167,-0.02284003464815019,6107.333239994104,False
2,stress,10057,ridge_stronger_safety,36.0,0.24579822978879656,0.055134354879748035,1.8909478741743073,0.25138338694891327,0.056103491057577504,1.8945565536874749,0.2,-0.001700124511718755,0.046435625,0.13,0.27,-0.08,0.08,0.04579822978879655,0.05683447939146679,1.8445122491743073,not_applicable,0.0,False,0.5192183350881656,0.35,5711.840566581697,-0.09858850882910292,0.44678565618904953,0.35,0.35,0.35,0.35,0.0,False,False,76965.34375,5655.232817650954,19.165861646911356,9.799438624446502e-06,156.70114842645506,0.8866800433930975,0.9276352786236607,0.7499245797839396,0.7309926130233437,0.2586107576985939,1.0,0.004478437066488493,0.0012923100994562892,0.005160534056958272,-0.041606195997913514,0.04669296781546167,-0.02284003464815019,6107.333239994104,False
2,stress,10057,ridge_stronger_safety,36.5,0.2463270643491409,0.055248584460349005,1.9185436096117032,0.23899590760387748,0.0584764214543979,1.92342144207209,0.2016665594993141,-0.0017167871093750064,0.04558137329101562,0.1316665594993141,0.2716665594993141,-0.08,0.08,0.04466050484982678,0.05696537156972401,1.8729622363206877,not_applicable,0.0,False,0.589162526200405,0.35,5704.656461557851,-0.0988095711593861,0.4481946908824673,0.35,0.35,0.35,0.35,0.0,False,False,76837.20599365234,5642.681182099389,19.123323537839543,9.999460650013489e-06,159.19066820250993,0.8866800433930975,0.9276352786236607,0.7499245797839396,0.7309926130233437,0.2586107576985939,1.0,0.004478437066488493,0.0012923100994562892,0.005160534056958272,-0.041606195997913514,0.04669296781546167,-0.02284003464815019,6107.333239994104,False
2,stress,10057,ridge_stronger_safety,37.0,0.2468548633057109,0.055362670263922144,1.946196423903058,0.24183866210381302,0.056810199327661744,1.9450117200037214,0.20333247599451304,-0.001733259277343746,0.044718837890624995,0.13333247599451303,0.27333247599451305,-0.08,0.08,0.04352238731119787,0.05709592954126589,1.901477586012433,not_applicable,0.0,False,0.5338842277928503,0.35,5697.280856463442,-0.09903060856296297,0.44961796539402865,0.35,0.35,0.35,0.35,0.0,False,False,76707.82568359375,5630.039437052273,19.080480043263627,1.020556490753061e-05,161.74465111443334,0.8866800433930975,0.9276352786236607,0.7499245797839396,0.7309926130233437,0.2586107576985939,1.0,0.004478437066488493,0.0012923100994562892,0.005160534056958272,-0.041606195997913514,0.04669296781546167,-0.02284003464815019,6107.333239994104,False
2,stress,10057,ridge_stronger_safety,37.5,0.24738166553347393,0.05547660845758795,1.9739062442018769,0.24281725300862247,0.05618876867590054,1.9720437456413729,0.2049971064814815,-0.0017495410156249946,0.04384811401367188,0.1349971064814815,0.2749971064814815,-0.08,0.08,0.042384559051992426,0.057226149473212945,1.930058130188205,not_applicable,0.0,False,0.514072285842863,0.35,5689.70879725759,-0.09925163187427846,0.45105537233944787,0.35,0.35,0.35,0.35,0.0,False,False,76577.21710205078,5617.309097111061,19.037336296242305,1.0417934906057839e-05,164.3646002219816,0.8866800433930975,0.9276352786236607,0.7499245797839396,0.7309926130233437,0.2586107576985939,1.0,0.004478437066488493,0.0012923100994562892,0.005160534056958272,-0.041606195997913514,0.04669296781546167,-0.02284003464815019,6107.333239994104,False
2,stress,10057,ridge_stronger_safety,38.0,0.24790750401927925,0.05559039510940109,2.0016729957204573,0.24717649787503612,0.057185442198052834,1.993293639450539,0.20665980795610428,-0.0017656323242187522,0.042969296875,0.13665980795610427,0.2766598079561043,-0.08,0.08,0.041247696063174966,0.057356027433619845,1.9587036988454574,not_applicable,0.0,False,0.5566165457205222,0.35,5681.9352031945045,-0.0994726499100645,0.45250680427969014,0.35,0.35,0.35,0.35,0.0,False,False,76445.39453125,5604.4916667489015,18.99389739550893,1.063676020539711e-05,167.05205729924998,0.8866800433930975,0.9276352786236607,0.7499245797839396,0.7309926130233437,0.2586107576985939,1.0,0.004478437066488493,0.0012923100994562892,0.005160534056958272,-0.041606195997913514,0.04669296781546167,-0.02284003464815019,6107.333239994104,False
2,stress,10057,ridge_stronger_safety,38.5,0.24843240642768075,0.055704026185810954,2.0294966016797225,0.25124014017974555,0.052279945733408974,2.0322204244560114,0.20831993741426613,-0.0017815332031249978,0.042082481689453125,0.13831993741426613,0.27831993741426614,-0.08,0.08,0.040112469013414614,0.05748555938893595,1.9874141199902693,not_applicable,0.0,False,0.38850863246634415,0.35,5673.95486345087,-0.09969366966644516,0.4539721536912043,0.35,0.35,0.35,0.35,0.0,False,False,76312.37225341797,5591.588640557487,18.950168406308123,1.0862236602682237e-05,169.8086035990101,0.8866800433930975,0.9276352786236607,0.7499245797839396,0.7309926130233437,0.2586107576985939,1.0,0.004478437066488493,0.0012923100994562892,0.005160534056958272,-0.041606195997913514,0.04669296781546167,-0.02284003464815019,6107.333239994104,False
2,stress,10057,ridge_stronger_safety,39.0,0.2489563956066015,0.05581749754905524,2.0573769832577664,0.24737969551958452,0.057087643739617874,2.052176132502797,0.20997685185185183,-0.0017972436523437524,0.041187763671875,0.13997685185185182,0.27997685185185184,-0.08,0.08,0.03897954375474966,0.05761474120139899,2.0161892195858915,not_applicable,0.0,False,0.5580530717788017,0.35,5665.762433753524,-0.09991469649496461,0.4554513129369436,0.35,0.35,0.35,0.35,0.0,False,False,76178.16455078125,5578.601503484431,18.90615436120024,1.1094566324517217e-05,172.63586062778984,0.8866800433930975,0.9276352786236607,0.7499245797839396,0.7309926130233437,0.2586107576985939,1.0,0.004478437066488493,0.0012923100994562892,0.005160534056958272,-0.041606195997913514,0.04669296781546167,-0.02284003464815019,6107.333239994104,False
2,stress,10057,ridge_stronger_safety,39.5,0.24947949003907532,0.055930804954486615,2.0853140595370814,0.2572039254560046,0.0572759473878407,2.0820736439391325,0.21162990826474626,-0.001812763671875002,0.04028523803710937,0.14162990826474625,0.28162990826474626,-0.08,0.08,0.037849581774329066,0.05774356862636162,2.045028821499972,not_applicable,0.0,False,0.5798491451750907,0.35,5657.352433003751,-0.10013573425973474,0.4569441742381477,0.35,0.35,0.35,0.35,0.0,False,False,76042.7857055664,5565.531731061606,18.861860260835236,1.133395822478527e-05,175.53549093141905,0.8866800433930975,0.9276352786236607,0.7499245797839396,0.7309926130233437,0.2586107576985939,1.0,0.004478437066488493,0.0012923100994562892,0.005160534056958272,-0.041606195997913514,0.04669296781546167,-0.02284003464815019,6107.333239994104,False
2,stress,10057,ridge_stronger_safety,40.0,0.25000170424665036,0.056043944047832264,2.1133077474504294,0.2501787336064755,0.056055691470877474,2.1086151537779476,0.21327846364883404,-0.0018280932617187468,0.039375,0.14327846364883404,0.283278463648834,-0.08,0.08,0.036723240597816315,0.05787203730955101,2.073932747450429,not_applicable,0.0,False,0.5312964997135766,0.35,5648.719239895088,-0.10035678547766808,0.45845062964685884,0.35,0.35,0.35,0.35,0.0,False,False,75906.25,5552.380789624953,18.817291074697604,1.1580627988251432e-05,178.50919889073413,0.8866800433930975,0.9276352786236607,0.7499245797839396,0.7309926130233437,0.2586107576985939,1.0,0.004478437066488493,0.0012923100994562892,0.005160534056958272,-0.041606195997913514,0.04669296781546167,-0.02284003464815019,6107.333239994104,False
