controller,time_s,alpha_rad,q_radps,theta_rad,alpha_ref_rad,q_ref_radps,theta_ref_rad,alpha_min_rad,alpha_max_rad,q_min_radps,q_max_radps,flap_min_rad,flap_max_rad,flap_rate_min_radps,flap_rate_max_radps,delta_flap_raw_rad,delta_flap_rad,delta_flap_rate_radps,flap_saturated,flap_rate_saturated,corridor_violation,alpha_error_rad,q_error_rad,theta_error_rad,pitching_moment_nm,cm,flap_effectiveness,altitude_m,velocity_mps,mach,density_kgm3,dynamic_pressure_pa
nominal_nmpc,0.0,0.08499999999999999,0.04653479736328125,0.08,0.12,-1.5202636718752993e-05,0.08,0.04999999999999999,0.19,-0.08,0.08,-0.35,0.35,-0.18,0.18,0.3500000066764111,0.35,0.175,False,False,False,-0.035,0.04655,0.0,-131.30032057629592,-0.053411069500296886,0.4015798869488264,82000.0,6200.0,21.012104371718653,4.996215512384398e-06,96.02726214802813
nominal_nmpc,2.0,0.13001076292328265,0.046522503660870546,0.17305786936121598,0.12036351165980795,-0.00012031982421875642,0.079879140625,0.050363511659807944,0.19036351165980797,-0.08,0.08,-0.35,0.35,-0.18,0.18,0.3500000085304389,0.35,0.0,False,False,False,0.009647251263474696,0.0466428234850893,0.09317872873621598,-173.24819574577836,-0.07034570501233374,0.4017399997587981,81981.87109375,6196.824988604601,21.00134410223131,5.010518873880362e-06,96.20356559270985
nominal_nmpc,4.0,0.15898267097675203,0.04650748984543699,0.26608822930484555,0.12142661179698216,-0.00023762451171874255,0.079520625,0.05142661179698216,0.19142661179698217,-0.08,0.08,-0.35,0.35,-0.18,0.18,0.3500000066277632,0.35,0.0,False,False,False,0.03755605917976987,0.04674511435715573,0.18656760430484554,-201.2903076533072,-0.08125325880432446,0.40214698367832524,81928.09375,6188.754562618874,20.973993032370615,5.053189520492585e-06,96.77030507346042
nominal_nmpc,6.0,0.17761935129720927,0.04649064017914456,0.3590865963410811,0.12314814814814815,-0.0003518823242187469,0.07893054687500001,0.05314814814814814,0.19314814814814815,-0.08,0.08,-0.35,0.35,-0.18,0.18,0.35000000469074344,0.35,0.0,False,False,False,0.05447120314906112,0.04684252250336331,0.2801560494660811,-220.88193518382158,-0.08827414681685011,0.4027633234553852,81839.58203125,6176.532643486048,20.932572348428415,5.124213521322995e-06,97.74323405265748
nominal_nmpc,8.0,0.18959597760858732,0.04647248533801384,0.4520498756100368,0.1254869684499314,-0.00046309326171874166,0.078115,0.055486968449931395,0.1954869684499314,-0.08,0.08,-0.35,0.35,-0.18,0.18,0.35000000276791987,0.35,0.0,False,False,False,0.06410900915865592,0.04693557859973258,0.3739348756100368,-235.48173211576275,-0.09279006702241074,0.4035686718725181,81717.25,6160.562713271744,20.878449470932924,5.224022005460469e-06,99.13243363161222
nominal_nmpc,10.0,0.19728061505825628,0.04645333182375878,0.5449757927501612,0.12840192043895748,-0.0005712573242187546,0.077080078125,0.05840192043895748,0.1984019204389575,-0.08,0.08,-0.35,0.35,-0.18,0.18,0.3499999996988307,0.3499999996988307,-1.5058462810024764e-10,False,False,False,0.0688786946192988,0.04702458914797753,0.46789571462516116,-247.29813721664794,-0.09569220779988921,0.40454814888211915,81562.01171875,6141.139840938384,20.81262440308339,5.353481755073825e-06,100.94953086698972
nominal_nmpc,12.0,0.20219904891773646,0.04643334279756182,0.6378625324759256,0.13185185185185186,-0.0006763745117187442,0.075831875,0.06185185185185185,0.20185185185185187,-0.08,0.08,-0.35,0.35,-0.18,0.18,0.3499999960643246,0.3499999960643246,-1.817253070246494e-09,False,False,False,0.0703471970658846,0.04710971730928056,0.5620306574759256,-257.75609315507324,-0.09755510478370366,0.40568969999943083,81374.78125,6118.5030649893715,20.735907258102767,5.5138964672213355e-06,103.20933395739617
nominal_nmpc,14.0,0.20533431318197712,0.046412588650647076,0.7307085063131015,0.13579561042524005,-0.0007784448242187519,0.074376484375,0.06579561042524004,0.20579561042524006,-0.08,0.08,-0.35,0.35,-0.18,0.18,0.34999999508594326,0.34999999508594326,-4.891906602022544e-10,False,False,False,0.06953870275673707,0.04719103347486583,0.6563320219381015,-267.78970488416974,-0.09874900189298447,0.4069830131832363,81156.47265625,6092.856871551574,20.64899104951369,5.707017969628437e-06,105.93054255246136
nominal_nmpc,16.0,0.20731970032031694,0.04639107861055774,0.8235122010981097,0.1401920438957476,-0.0008774682617187501,0.07272,0.0701920438957476,0.2101920438957476,-0.08,0.08,-0.35,0.35,-0.18,0.18,0.34999999415122046,0.34999999415122046,-4.673613995809234e-10,False,False,False,0.06712765642456933,0.04726854687227649,0.7507922010981097,-278.0263145427616,-0.09951239516435623,0.40841896438639796,80908.0,6064.382189019411,20.552488952527018,5.935067009004215e-06,109.13618242118898
nominal_nmpc,18.0,0.20856313127291504,0.04636878042014591,0.9162720778737863,0.145,-0.0009734448242187527,0.070868515625,0.07499999999999998,0.215,-0.08,0.08,-0.35,0.35,-0.18,0.18,0.34999999311784447,0.34999999311784447,-5.166879979423555e-10,False,False,False,0.06356313127291505,0.04734222524436466,0.8454035622487863,-288.9027886845102,-0.09999884650232718,0.40998929463149714,80630.27734375,6033.242791593229,20.44695600594777,6.200763515678852e-06,112.85395359761522
nominal_nmpc,20.0,0.2093272949681863,0.04634563247887761,1.0089865020447928,0.1501783264746228,-0.0010663745117187456,0.068828125,0.08017832647462278,0.2201783264746228,-0.08,0.08,-0.35,0.35,-0.18,0.18,0.3499999917902137,0.3499999917902137,-6.638153915439204e-10,False,False,False,0.05914896849356352,0.047412006990596355,0.9401583770447928,-300.73937991977425,-0.10030717745944226,0.4116864050020053,80324.21875,5999.589364571574,20.332902889650182,6.507366498677634e-06,117.11656459345757
nominal_nmpc,22.0,0.2097812865130938,0.04632155119232331,1.1016536926690326,0.15568587105624143,-0.001156257324218743,0.066604921875,0.08568587105624142,0.22568587105624144,-0.08,0.08,-0.35,0.35,-0.18,0.18,0.3499999898233004,0.3499999898233004,-9.834566494504315e-10,False,False,False,0.05409541545685237,0.047477808516542055,1.0350487707940326,-313.80294047897723,-0.10050604914893926,0.4135553796234184,79990.73828125,5963.562250691366,20.210805232059418,6.858723950856355e-06,121.96208552875365
nominal_nmpc,24.0,0.21003387859034453,0.046296433974100784,1.1942716818751478,0.16148148148148148,-0.0012430932617187584,0.064205,0.09148148148148147,0.23148148148148148,-0.08,0.08,-0.35,0.35,-0.18,0.18,0.3499999865675281,0.3499999865675281,-1.6278861314500404e-09,False,False,False,0.048552397108863055,0.04753952723581954,1.1300666818751477,-328.9256073243286,-0.10082570247547215,0.41752238101690514,79630.75,5925.293394955936,20.08111020126924,7.259333351991131e-06,127.43433688679012
nominal_nmpc,26.0,0.21015491579982967,0.04627011320681099,1.2868382310986026,0.16752400548696844,-0.0013268823242187505,0.061634453125,0.09752400548696843,0.23752400548696845,-0.08,0.08,-0.35,0.35,-0.18,0.18,0.3499999796331148,0.3499999796331148,-3.4672066606677987e-09,False,False,False,0.04263091031286123,0.04759699553102974,1.2252037779736027,-345.78288791228084,-0.10111399936948504,0.4217616388175952,79245.16796875,5884.907773831726,19.944241348659794,7.714413554341325e-06,133.58332321241127
nominal_nmpc,28.0,0.210189141610782,0.04624244824518771,1.3793507931905056,0.17377229080932782,-0.001407624511718747,0.058899375000000004,0.10377229080932782,0.24377229080932783,-0.08,0.08,-0.35,0.35,-0.18,0.18,0.34999950951421216,0.34999950951421216,-2.3505945132007433e-07,False,False,False,0.03641685080145418,0.047650072756906456,1.3204514181905056,-364.58145933238035,-0.10138746680112061,0.42626563971425235,78834.90625,5842.524477410941,19.800602276399946,8.229989024133897e-06,140.46571735643462
nominal_nmpc,30.0,0.21016513671106074,0.04621328257785345,1.4718065236329216,0.1801851851851852,-0.0014853198242187476,0.056005859375,0.11018518518518519,0.2501851851851852,-0.08,0.08,-0.35,0.35,-0.18,0.18,0.12228764054156399,0.12228764054156399,-0.11385593448632408,False,False,False,0.029979951525875542,0.047698602402072195,1.4158006642579217,-281.30930069213633,-0.07417472730759687,0.4310270996332512,78400.87890625,5798.257549279098,19.65057948379968,8.812987596147219e-06,148.14539880568097
nominal_nmpc,32.0,0.21010829352370738,0.04619078082286096,1.564210585994378,0.186721536351166,-0.0015599682617187527,0.05295999999999999,0.116721536351166,0.256721536351166,-0.08,0.08,-0.35,0.35,-0.18,0.18,-0.19203477812728437,-0.19203477812728437,-0.15716120933442418,False,False,False,0.023386757172541378,0.04775074908457971,1.5112505859943781,-143.42055224542707,-0.03575352977172827,0.4360389051767378,77944.0,5752.216651982374,19.494544622611564,9.471353078252605e-06,156.69404833189384
nominal_nmpc,34.0,0.21004487371294336,0.04617931096668293,1.6565806765325375,0.19334019204389574,-0.001631569824218762,0.049767890625000005,0.12334019204389574,0.26334019204389575,-0.08,0.08,-0.35,0.35,-0.18,0.18,-0.34999998991345804,-0.34999998991345804,-0.07898260589308684,False,False,False,0.016704681669047622,0.04781088079090169,1.6068127859075374,-66.9070571888331,-0.015726148451436488,0.4412940631030815,77465.18359375,5704.507603695355,19.33285631582411,1.0214174218223883e-05,166.1918002052219
nominal_nmpc,36.0,0.20999079110292176,0.04617396191185522,1.7489339482725828,0.2,-0.001700124511718755,0.046435625,0.13,0.27,-0.08,0.08,-0.35,0.35,-0.18,0.18,-0.3500000032156366,-0.35,-5.043270967508562e-09,False,False,False,0.009990791102921753,0.04787408642357398,1.7024983232725828,-67.67626659231885,-0.014958608013898485,0.44678565618904953,76965.34375,5655.232817650954,19.165861646911356,1.1051831714793716e-05,176.72795231389205
nominal_nmpc,38.0,0.20994724743948562,0.04616855078279681,1.8412764599976965,0.20665980795610428,-0.0017656323242187522,0.042969296875,0.13665980795610427,0.2766598079561043,-0.08,0.08,-0.35,0.35,-0.18,0.18,-0.3500000054273719,-0.35,0.0,False,False,False,0.003287439483381338,0.04793418310701556,1.7983071631226966,-68.32524683013706,-0.014166297218690692,0.45250680427969014,76445.39453125,5604.4916667489015,18.99389739550893,1.1996165115764816e-05,188.40173357233184
nominal_nmpc,40.0,0.20991040068217415,0.04616308741593309,1.9336080973264416,0.21327846364883404,-0.0018280932617187468,0.039375,0.14327846364883404,0.283278463648834,-0.08,0.08,-0.35,0.35,-0.18,0.18,-0.35000000663461683,-0.35,0.0,False,False,False,-0.003368062966659896,0.04799118067765184,1.8942330973264416,-68.79841128189157,-0.013348878403368583,0.45845062964685884,75906.25,5552.380789624953,18.817291074697604,1.3060661593256721e-05,201.32312689437006
nominal_nmpc,42.0,0.20987779566149684,0.046157586027501626,2.0259287699513724,0.21981481481481485,-0.0018875073242187387,0.03565882812499999,0.14981481481481485,0.28981481481481486,-0.08,0.08,-0.35,0.35,-0.18,0.18,-0.35000000738961484,-0.35,0.0,False,False,False,-0.009937019153318016,0.048045093351720365,1.9902699418263723,-69.03240813642203,-0.01250652386146895,0.46461022599553314,75348.82421875,5498.99435024233,18.63636181077146,1.4260668713275447e-05,215.61374469022599
nominal_nmpc,44.0,0.20984787821797393,0.04615206585642412,2.1182384210346634,0.22622770919067217,-0.0019438745117187697,0.03182687499999999,0.15622770919067216,0.2962277091906722,-0.08,0.08,-0.35,0.35,-0.18,0.18,-0.3500000079022901,-0.35,0.0,False,False,False,-0.01637983097269824,0.04809594036814289,2.0864115460346633,-68.95424640165065,-0.011639736455319023,0.47097863061175976,74774.03125,5444.424260097118,18.451421096302866,1.561363341497203e-05,231.4077522634643
nominal_nmpc,46.0,0.2098196833934959,0.04614655194961621,2.2105370380342997,0.23247599451303155,-0.0019971948242187704,0.027885234375000012,0.16247599451303155,0.30247599451303153,-0.08,0.08,-0.35,0.35,-0.18,0.18,-0.3500000077795151,-0.35,0.0,False,False,False,-0.022656311119535644,0.04814374677383498,2.1826518036593,-68.47943459954597,-0.010749236350541654,0.4775487992580159,74182.78515625,5388.760369997873,18.26277344009299,1.713936947299191e-05,248.8528325930774
nominal_nmpc,48.0,0.20979263597192813,0.046141076091128774,2.3028246652463333,0.23851851851851852,-0.0020474682617187406,0.02384,0.1685185185185185,0.3085185185185185,-0.08,0.08,-0.35,0.35,-0.18,0.18,-0.350000007632371,-0.35,0.0,False,False,False,-0.028725882546590392,0.048188544352847515,2.2789846652463335,-67.51006634692732,-0.00983588946125001,0.48431358350425724,73576.0,5332.090636822434,18.070716932318835,1.8860355720212545e-05,268.111183748674
nominal_nmpc,50.0,0.20976642362836,0.04613567788092538,2.395101418356183,0.2443141289437586,-0.002094694824218736,0.019697265625,0.17431412894375858,0.3143141289437586,-0.08,0.08,-0.35,0.35,-0.18,0.18,-0.35000000806015186,-0.35,0.0,False,False,False,-0.03454770531539858,0.04823037270514412,2.375404152731183,-65.68724809118427,-0.008867512308670368,0.4916039796605237,72954.58984375,5274.501269499071,17.875543739270487,2.0802067240814792e-05,289.3605375718535
nominal_nmpc,52.0,0.2097409341794782,0.04613042561566501,2.4873675209508512,0.24982167352537724,-0.0021388745117187358,0.015463124999999994,0.17982167352537723,0.31982167352537727,-0.08,0.08,-0.35,0.35,-0.18,0.18,-0.35000000921118407,-0.35,0.0,False,False,False,-0.040080739345899036,0.048269300127383744,2.471904395950851,-62.923651737781654,-0.007858033825313318,0.4992811187306089,72319.46875,5216.076857588573,17.677540539122155,2.2993341584477255e-05,312.79518523949486
nominal_nmpc,54.0,0.2097162118911951,0.046125394562643175,2.579623340186417,0.255,-0.0021800073242187745,0.011143671874999983,0.185,0.325,-0.08,0.08,-0.35,0.35,-0.18,0.18,-0.3500000093928622,-0.35,0.0,False,False,False,-0.0452837881088049,0.04830540188686195,2.568479668311417,-59.184754938890464,-0.0068272894517421995,0.507146365382941,71671.55078125,5156.900485179787,17.47698890792972,2.546678177724756e-05,338.62699188921204
nominal_nmpc,56.0,0.20969240941045214,0.04612066273614827,2.671869396505411,0.2598079561042524,-0.002218093261718762,0.006745000000000015,0.18980795610425238,0.3298079561042524,-0.08,0.08,-0.35,0.35,-0.18,0.18,-0.35000000938790904,-0.35,0.0,False,False,False,-0.05011554669380025,0.04833875599786703,2.665124396505411,-54.28391796923448,-0.005776475699238656,0.5151916030243355,71011.75,5097.053832298304,17.27416566330976,2.8259197485096694e-05,367.08637862922205
nominal_nmpc,58.0,0.2096697642228858,0.04611632306600031,2.764106381299764,0.26420438957475995,-0.00225313232421874,0.0022732031250000118,0.19420438957475994,0.33420438957475995,-0.08,0.08,-0.35,0.35,-0.18,0.18,-0.35000000938903253,-0.35,0.0,False,False,False,-0.054534625351874144,0.04836945539021905,2.761833178174764,-48.00798899955322,-0.004706833974157956,0.5234084953654483,70340.98046875,5036.617265627709,17.06934317189833,3.141208509002913e-05,398.42324598469344
nominal_nmpc,60.0,0.20964859443091974,0.04611248551464395,2.856335188860295,0.26814814814814814,-0.0022851245117187363,-0.002265625000000007,0.19814814814814813,0.33814814814814814,-0.08,0.08,-0.35,0.35,-0.18,0.18,-0.3500000093926385,-0.35,0.0,False,False,False,-0.0584995537172284,0.048397610026362683,2.858600813860295,-40.11455673514931,-0.003619650287802749,0.5317884724430973,69660.15625,4975.6699200272205,16.86278962561822,3.4972146629645806e-05,432.9078081788881
nominal_nmpc,62.0,0.20962929964858773,0.0461092794124562,2.9485569527791315,0.27159807956104254,-0.002314069824218737,-0.006865390625000009,0.20159807956104253,0.34159807956104254,-0.08,0.08,-0.35,0.35,-0.18,0.18,-0.35000000939421555,-0.35,0.0,False,False,False,-0.06196877991245481,0.048423349236674934,2.9554223434041313,-30.329148629538295,-0.002516256590514618,0.5403227182524204,68970.19140625,4914.289772078365,16.654769290932272,3.899184648931545e-05,470.83130266100625
nominal_nmpc,64.0,0.20961236554896284,0.04610685601538027,3.040773087245682,0.2745130315500686,-0.0023399682617187556,-0.01152000000000003,0.2045130315500686,0.3445130315500686,-0.08,0.08,-0.35,0.35,-0.18,0.18,-0.35000000938690146,-0.35,0.0,False,False,False,-0.06490066600110578,0.048446824277099024,3.052293087245682,-18.34242933576024,-0.0013980331924058134,0.5490021599047784,68272.0,4852.553706691728,16.445542734576904,4.353000337862516e-05,512.5065340509829
nominal_nmpc,66.0,0.2095983711238509,0.0461053912845355,3.132985333680572,0.2768518518518519,-0.0023628198242187787,-0.016223359374999982,0.2068518518518519,0.3468518518518519,-0.08,0.08,-0.35,0.35,-0.18,0.18,-0.35000000935745545,-0.35,0.0,False,False,False,-0.067253480728001,0.04846821110875428,3.1492086930555723,-3.807470297675189,-0.0002664119267927617,0.55781745823853,67566.49609375,4790.537577641742,16.23536702871751,4.865241342557137e-05,558.2682062827901
nominal_nmpc,68.0,0.2095879980444642,0.04610508888169401,3.2251958131455387,0.27857338820301786,-0.002382624511718723,-0.020969374999999985,0.20857338820301785,0.34857338820301786,-0.08,0.08,-0.35,0.35,-0.18,0.18,-0.35000000927131186,-0.35,0.0,False,False,False,-0.06898539015855365,0.048487713393412735,3.2461651881455387,13.662820639776992,0.0008771201661234435,0.5667589998190704,66854.59375,4728.316262764509,16.02449593801654,5.443249813755259e-05,608.4729913348916
nominal_nmpc,70.0,0.20958204171319147,0.04610618336731605,3.3174070849478654,0.27963648834019206,-0.0023993823242187406,-0.025751953125000004,0.20963648834019205,0.34963648834019206,-0.08,0.08,-0.35,0.35,-0.18,0.18,-0.3500000090187094,-0.35,0.0,False,False,False,-0.07005444662700058,0.04850556569153479,3.3431590380728653,34.498001119818106,0.00203101678327873,0.5758168902722643,66137.20703125,4665.963714444511,15.813180090735505,6.0951968463841125e-05,663.4992777201277
nominal_nmpc,72.0,0.20958142371330826,0.046108943579068334,3.4096222118226147,0.28,-0.002413093261718735,-0.030565000000000023,0.21000000000000002,0.35000000000000003,-0.08,0.08,-0.35,0.35,-0.18,0.18,-0.35000000850781504,-0.35,0.0,False,False,False,-0.07041857628669176,0.04852203684078707,3.440187211822615,59.17199822745823,0.0031936680347479374,0.5849809489018909,65415.25,4603.553005925993,15.60166713568647,6.83014932106123e-05,723.7465370888232
nominal_nmpc,74.0,0.20958720542302497,0.04611367615830604,3.5018448320213222,0.27981686701728026,-0.0024237573242187754,-0.03540242187500002,0.20981686701728025,0.34981686701728026,-0.08,0.08,-0.35,0.35,-0.18,0.18,-0.35000000510237605,-0.35,0.0,False,False,False,-0.07022966159425528,0.04853743348252482,3.5372472538963224,88.20446323075461,0.0043633959328402624,0.5942407045472012,64689.63671875,4541.156373909807,15.390201886594888,7.658135657579063e-05,789.6342431406592
nominal_nmpc,76.0,0.20960060258022337,0.046120729179812116,3.594079238558639,0.2792787377911345,-0.0024313745117187785,-0.04025812499999999,0.20927873779113448,0.3492787377911345,-0.08,0.08,-0.35,0.35,-0.18,0.18,-0.35000000522677915,-0.35,0.0,False,False,False,-0.06967813521091112,0.048552103691530894,3.6343373635586387,122.16140378036404,0.005538449766120862,0.6035853926413581,63961.28125,4478.845257833978,15.179026455223338,8.590208556878997e-05,861.6002738457148
nominal_nmpc,78.0,0.20962300057584543,0.04613049582614593,3.686330465765068,0.27840251690458306,-0.0024359448242187165,-0.045126015625,0.20840251690458306,0.34840251690458307,-0.08,0.08,-0.35,0.35,-0.18,0.18,-0.3500000052949411,-0.35,0.0,False,False,False,-0.06877951632873763,0.048566440650364646,3.7314564813900684,161.6548988915283,0.006717001430544947,0.6130039534355131,63231.09765625,4416.690336183554,14.968380374427417,9.638502355992252e-05,940.0987260826025
nominal_nmpc,80.0,0.2096559702244717,0.04614341803232052,3.778604383161036,0.27720510894064615,-0.002437468261718756,-0.05,0.20720510894064614,0.34720510894064616,-0.08,0.08,-0.35,0.35,-0.18,0.18,-0.3500000052894356,-0.35,0.0,False,False,False,-0.06754913871617446,0.048580886294039276,3.8286043831610357,207.3416825697249,0.007897140797104338,0.6224850313567132,62500.0,4354.761560130941,14.758500712164466,0.0001081628211910084,1025.5970715818642
nominal_nmpc,82.0,0.20970128371504682,0.04615999000936534,3.8709077965018217,0.27570341848234414,-0.0024359448242187443,-0.054873984375000004,0.20570341848234414,0.34570341848234415,-0.08,0.08,-0.35,0.35,-0.18,0.18,-0.35000000517973406,-0.35,0.0,False,False,False,-0.06600213476729733,0.048595934833584084,3.9257817808768216,259.92036581270673,0.00907687120761047,0.6320169754707983,61768.90234375,4293.128184770147,14.549622177347963,0.0001213798104300369,1118.5725849063488
nominal_nmpc,84.0,0.20976093038649368,0.04618076153691827,3.96324855564157,0.27391435011269727,-0.002431374511718737,-0.059741875000000014,0.20391435011269726,0.3439143501126973,-0.08,0.08,-0.35,0.35,-0.18,0.18,-0.35000000490695493,-0.35,0.0,False,False,False,-0.06415341972620359,0.048612136048637004,4.0229904306415705,320.127055649852,0.010254105206145607,0.6415878410240256,61038.71875,4231.858798176278,14.341977218331582,0.0001361922217665993,1219.5079785048165
nominal_nmpc,86.0,0.209837131904935,0.04620634089574681,4.0556356686256265,0.2718548084147258,-0.002423757324218734,-0.06459757812499999,0.2018548084147258,0.3418548084147258,-0.08,0.08,-0.35,0.35,-0.18,0.18,-0.3500000079472815,-0.35,0.0,False,False,False,-0.062017676509790814,0.04863009821996554,4.120233246750627,388.72912583886205,0.01142666063227707,0.651185392039422,60310.36328125,4171.021348494046,14.13579611471348,0.0001527681985682724,1328.886187027205
nominal_nmpc,88.0,0.20993235634406146,0.04623739729160423,4.148079421142696,0.26954169797145006,-0.002413093261718763,-0.06943500000000004,0.19954169797145005,0.33954169797145006,-0.08,0.08,-0.35,0.35,-0.18,0.18,-0.3500000075097996,-0.35,0.0,False,False,False,-0.059609341627388596,0.048650490553322996,4.217514421142696,466.51689901098064,0.012592257222421951,0.6607971049458362,59584.75,4110.6831692354335,13.931307063071314,0.00017128755665593988,1447.1842534448658
nominal_nmpc,90.0,0.2100493305906406,0.046274662602838246,4.240591500152074,0.26699192336589034,-0.0023993823242187684,-0.07424804687500001,0.19699192336589033,0.33699192336589034,-0.08,0.08,-0.35,0.35,-0.18,0.18,-0.35000000636401235,-0.35,0.0,False,False,False,-0.05694259277524974,0.048674044927057014,4.3148395470270735,554.2930167528598,0.013748513886857619,0.6704101732194035,58862.79296875,4050.911002946254,13.728736257169384,0.00019194123147865886,1574.8662833738035
nominal_nmpc,92.0,0.21019105041643654,0.04631893226663059,4.333185120148371,0.2642223891810669,-0.002382624511718723,-0.07903062499999998,0.19422238918106688,0.3342223891810669,-0.08,0.08,-0.35,0.35,-0.18,0.18,-0.3500000011858012,-0.35,0.0,False,False,False,-0.05403133876463034,0.048701556778349316,4.41221574514837,652.8593046727308,0.014892946850801544,0.6800115130186897,58145.40625,3991.771023383624,13.528307963119177,0.0002149303502189778,1712.3754515652488
nominal_nmpc,94.0,0.21036078747964845,0.046371065103785504,4.4258751501407865,0.26125000000000004,-0.002362819824218737,-0.08377664062500005,0.19125000000000003,0.33125000000000004,-0.08,0.08,-0.35,0.35,-0.18,0.18,-0.3005131783045057,-0.3005131783045057,0.024743410847747144,False,False,False,-0.050889212520351584,0.04873388492800424,4.509651790765787,307.99275389350953,0.006467826905566909,0.6895877697961353,57433.50390625,3933.3288563310607,13.330244589922744,0.00024046486215726002,1860.1250659027482
nominal_nmpc,96.0,0.21053045104039123,0.04639559499876246,4.51864184612139,0.25809166040571,-0.0023399682617187,-0.08848000000000002,0.18809166040571001,0.32809166040571003,-0.08,0.08,-0.35,0.35,-0.18,0.18,0.05948667090719831,0.059486670907198336,0.179999924605852,False,False,False,-0.047561209365318796,0.04873556326048116,4.60712184612139,-3256.074561440201,-0.06301269426732152,0.6991253258696613,56728.0,3875.649599164461,13.134766755782778,0.00026876165816570494,2018.488719378866
nominal_nmpc,98.0,0.21043158016595934,0.04613512252347875,4.611172546647994,0.2547642749812171,-0.0023140698242187507,-0.09313460937500002,0.1847642749812171,0.3247642749812171,-0.08,0.08,-0.35,0.35,-0.18,0.18,0.3499999918347474,0.3499999918347474,0.14525666046377453,False,False,False,-0.044332694815257784,0.0484491923476975,4.7043071560229945,-6750.978331413063,-0.12053722733353778,0.708610308939371,56029.80859375,3818.7978392705595,12.942093350523658,0.0003000421098601691,2187.7895891956455
nominal_nmpc,100.0,0.20970374984944604,0.04559548722680669,4.702902987325906,0.25128474830954173,-0.00228512451171875,-0.097734375,0.18128474830954172,0.32128474830954173,-0.08,0.08,-0.35,0.35,-0.18,0.18,0.34999999239268625,0.34999999239268625,2.7896943088911996e-10,False,False,False,-0.04158099846009569,0.04788061173852544,4.800637362325906,-7335.014930619885,-0.12098355558911822,0.7180286015352851,55339.84375,3762.837671409129,12.752441594432808,0.0003345289613443596,2368.2889739199436
nominal_nmpc,102.0,0.20832180393960253,0.04500970867735312,4.7935078252812,0.24766998497370402,-0.0022531323242187262,-0.102273203125,0.177669984973704,0.317669984973704,-0.08,0.08,-0.35,0.35,-0.18,0.18,0.34999999888584177,0.34999999888584177,3.246577756632618e-09,False,False,False,-0.03934818103410148,0.04726284100157185,4.8957810284061996,-7944.463046170337,-0.12121463784818967,0.7273658513829152,54659.01953125,3707.8327141011764,12.566027093801093,0.0003724425123154792,2560.174193893065
nominal_nmpc,104.0,0.20644206415163394,0.04437569632644844,4.882892701097187,0.2439368895567243,-0.00221809326171879,-0.10674500000000002,0.1739368895567243,0.3139368895567243,-0.08,0.08,-0.35,0.35,-0.18,0.18,0.35000000718113067,0.35,5.570791050679702e-10,False,False,False,-0.03749482540509036,0.04659378958816723,4.9896377010971875,-8580.317811855513,-0.12128210009419035,0.7366074826742901,53988.25,3653.846125117388,12.383063893413926,0.0004139960412594146,2763.546015985101
nominal_nmpc,106.0,0.2041617963111804,0.04369131262981999,4.970959016843517,0.24010236664162288,-0.0021800073242187468,-0.111143671875,0.17010236664162287,0.3101023666416229,-0.08,0.08,-0.35,0.35,-0.18,0.18,0.3500000078768725,0.35,0.0,False,False,False,-0.035940570330442484,0.04587131995403874,5.082102688718518,-9242.508596709156,-0.12121769707535443,0.7457387082327718,53328.44921875,3600.9406161340166,12.20376452622078,0.00045939043222376405,2978.40580022334
nominal_nmpc,108.0,0.201540217587827,0.04295444982132229,5.057603921556934,0.23618332081142,-0.0021388745117187358,-0.11546312500000001,0.16618332081141998,0.30618332081141997,-0.08,0.08,-0.35,0.35,-0.18,0.18,0.35000000829720146,0.35,0.0,False,False,False,-0.034643103223592986,0.04509332433304102,5.173067046556934,-9930.016683082502,-0.12104041695530965,0.7547445425606546,52680.53125,3549.1784666171407,12.028340060389635,0.0005088079888264759,3204.6426015380202
nominal_nmpc,110.0,0.19861214603829846,0.04216309968002968,5.142720442500453,0.23219665664913602,-0.0020946948242187846,-0.11969726562500001,0.16219665664913602,0.30219665664913603,-0.08,0.08,-0.35,0.35,-0.18,0.18,0.3500000085666236,0.35,0.0,False,False,False,-0.03358451061083756,0.044257794504248466,5.262417708125453,-10640.950078059028,-0.12076108007443016,0.7636098157591469,52045.41015625,3498.6215369906577,11.857000143933941,0.0005624054452166939,3442.0204934237972
nominal_nmpc,112.0,0.19539690177510058,0.041315418948253656,5.226197751090715,0.22815927873779118,-0.0020474682617187268,-0.12383999999999999,0.15815927873779118,0.2981592787377912,-0.08,0.08,-0.35,0.35,-0.18,0.18,0.3500000087404811,0.35,0.0,False,False,False,-0.032762376962690604,0.04336288720997238,5.350037751090715,-11372.59202500321,-0.12038532320717646,0.7723191883108756,51424.0,3449.3312811384008,11.68995304708292,0.0006203062159352631,3690.1664101708834
nominal_nmpc,114.0,0.191904143867875,0.040409791954975585,5.307921556524713,0.22408809166040572,-0.0019971948242187842,-0.127885234375,0.1540880916604057,0.2940880916604057,-0.08,0.08,-0.35,0.35,-0.18,0.18,0.35000000884590937,0.35,0.0,False,False,False,-0.032183947792530726,0.04240698677919437,5.435806790899713,-12121.435773017103,-0.11991554524101933,0.7808571667155672,50817.21484375,3401.3687582863445,11.527405702550928,0.0006825919650331099,3948.5588288974677
nominal_nmpc,116.0,0.18813772955444952,0.03944489115223704,5.387774622348949,0.22000000000000003,-0.001943874511718735,-0.131826875,0.15000000000000002,0.29000000000000004,-0.08,0.08,-0.35,0.35,-0.18,0.18,0.35000000888257166,0.35,0.0,False,False,False,-0.03186227044555051,0.04138876566395577,5.5196014973489484,-12883.215139968526,-0.1193521847930965,0.7892081199700104,50225.96875,3354.794644306886,11.369563743848234,0.0007492936190483113,4216.51763038467
nominal_nmpc,118.0,0.18409829624447324,0.038419735622226225,5.465637401943388,0.2159119083395943,-0.001887507324218718,-0.13565882812500002,0.1459119083395943,0.28591190833959435,-0.08,0.08,-0.35,0.35,-0.18,0.18,0.3500000089092949,0.35,0.0,False,False,False,-0.03181361209512107,0.04030724294644494,5.601296230068388,-13652.938132403238,-0.11869456766476505,0.797356296883841,49651.17578125,3309.669242483622,11.216631541763368,0.0008203819977324851,4493.195487288665
nominal_nmpc,120.0,0.17978501717918188,0.03733374711415266,5.541388788483078,0.21184072126220888,-0.0018280932617187884,-0.13937500000000003,0.14184072126220887,0.2818407212622089,-0.08,0.08,-0.35,0.35,-0.18,0.18,0.3500000088862916,0.35,0.0,False,False,False,-0.03205570408302699,0.03916184037587145,5.680763788483079,-14424.929135453947,-0.11794147678686101,0.8052858442230727,49093.75,3266.0524937718724,11.068812239136545,0.0008957582894604969,4777.571128534845
nominal_nmpc,122.0,0.1751968201176799,0.03618680279051539,5.614906973659285,0.20780334335086403,-0.0017656323242187244,-0.14296929687499998,0.13780334335086403,0.27780334335086404,-0.08,0.08,-0.35,0.35,-0.18,0.18,0.35000000879780346,0.35,0.0,False,False,False,-0.03260652323318414,0.03795243511473412,5.757876270534285,-15192.883746303281,-0.11709154238819602,0.8129808256736674,48554.60546875,3224.003986587259,10.926307784033632,0.0009752446531953361,5068.444818776251
nominal_nmpc,124.0,0.17033325386989145,0.03497928358395943,5.686070407507548,0.20381667918858004,-0.001700124511718748,-0.146435625,0.13381667918858003,0.27381667918858005,-0.08,0.08,-0.35,0.35,-0.18,0.18,0.3500000085905394,0.35,0.0,False,False,False,-0.03348342531868859,0.03667940809567818,5.832506032507547,-15949.939063330776,-0.11614351472052273,0.8204252416177731,48034.65624999999,3183.5829661521066,10.789318961421568,0.0010585752832571451,5364.436371334176
nominal_nmpc,126.0,0.1651951197805436,0.033712116878922935,5.754758849293175,0.19989763335837718,-0.0016315698242187482,-0.149767890625,0.12989763335837717,0.2698976333583772,-0.08,0.08,-0.35,0.35,-0.18,0.18,0.35000000836804007,0.35,0.0,False,False,False,-0.03470251357783358,0.03534368670314168,5.904526739918175,-16688.76107583226,-0.11509645885102845,0.8276030497155658,47534.81640625,3144.848343427045,10.658045423437997,0.001145388323916055,5663.985982127133
nominal_nmpc,128.0,0.15978494142330457,0.032386812132168964,5.820854496722795,0.19606311044327573,-0.0015599682617187804,-0.15296000000000004,0.12606311044327573,0.26606311044327574,-0.08,0.08,-0.35,0.35,-0.18,0.18,0.3500000079276271,0.35,0.0,False,False,False,-0.03627816901997116,0.033946780393887745,5.973814496722795,-17401.64967985235,-0.11394989632684605,0.8344981862859295,47055.99999999999,3107.8587036530726,10.532685718340742,0.0012352190644081091,5965.358131344664
nominal_nmpc,130.0,0.15410731743380415,0.031005488031055694,5.884243177954784,0.19233001502629604,-0.0014853198242187893,-0.156005859375,0.12233001502629604,0.26233001502629605,-0.08,0.08,-0.35,0.35,-0.18,0.18,0.3500000012457771,0.35,0.0,False,False,False,-0.03822269759249189,0.03249080785527449,6.040249037329784,-18080.66075751116,-0.11270390905876479,0.8410945884794722,46599.12109375,3072.6723145274013,10.413437318216143,0.0013274948773458583,6266.648750151349
nominal_nmpc,132.0,0.14816918420964242,0.02957088985647155,5.944815588139688,0.18871525169045833,-0.0014076245117187192,-0.158899375,0.11871525169045832,0.25871525169045834,-0.08,0.08,-0.35,0.35,-0.18,0.18,0.3500000051087015,0.35,0.0,False,False,False,-0.040546067480815906,0.03097851436819027,6.103714963139688,-18717.743706641908,-0.11135921472157223,0.8473762172376315,46165.09375,3039.3471340346637,10.300496645519406,0.0014215323803823956,6565.79579308995
nominal_nmpc,134.0,0.1419800036624304,0.02808639586602979,6.002468549697876,0.18523572501878288,-0.0013268823242187366,-0.16163445312500002,0.11523572501878288,0.2552357250187829,-0.08,0.08,-0.35,0.35,-0.18,0.18,0.30824637369717006,0.30824637369717006,-0.020876813151414958,False,False,False,-0.04325572135635247,0.029413278190248526,6.164103002822876,-17552.74941650011,-0.09994095912661545,0.8533270810318607,45754.83203125,3007.9408179534475,10.194059098514616,0.001516537298083307,6860.593295021097
nominal_nmpc,136.0,0.13567365396205716,0.026695997400116713,6.057246340026479,0.18190833959429,-0.0012430932617187862,-0.164205,0.11190833959429,0.25190833959429004,-0.08,0.08,-0.35,0.35,-0.18,0.18,0.16919531348869288,0.16919531348869288,-0.06952553010423859,False,False,False,-0.04623468563223285,0.0279390906618355,6.221451340026479,-11883.513580496845,-0.06493476710381468,0.8589312603771045,45369.25,2978.5107270566778,10.094319075677182,0.0016116074742302785,7148.708926544959
nominal_nmpc,138.0,0.12975677032277522,0.02575907731855573,6.1096968967557705,0.17875000000000002,-0.0011562573242187568,-0.16660492187500003,0.10875000000000001,0.24875000000000003,-0.08,0.08,-0.35,0.35,-0.18,0.18,0.09599591156685991,0.09599591156685991,-0.036599700960916484,False,False,False,-0.0489932296772248,0.026915334642774486,6.27630181863077,-8662.907961769459,-0.04555846556037009,0.8641729331139841,45009.26171875,2951.1139340230284,10.001469999116953,0.00170573943080729,7427.7049960826325
nominal_nmpc,140.0,0.12465313717496747,0.02507845420250992,6.160530376967358,0.17577761081893314,-0.0010663745117187595,-0.168828125,0.10577761081893314,0.24577761081893315,-0.08,0.08,-0.35,0.35,-0.18,0.18,0.0594071464153213,0.0594071464153213,-0.018294382575769305,False,False,False,-0.051124473643965676,0.026144828714228678,6.329358501967358,-6921.929091637181,-0.03513783614193276,0.8690364004543025,44675.78125,2925.80723007535,9.91570433707618,0.0017978387863009481,7695.062782178614
nominal_nmpc,142.0,0.1203848091115687,0.02453545516958084,6.21014078003904,0.17300807663410972,-0.0009734448242187388,-0.170868515625,0.10300807663410971,0.24300807663410973,-0.08,0.08,-0.35,0.35,-0.18,0.18,0.038760339644078164,0.038760339644078164,-0.010323403385621568,False,False,False,-0.052623267522541026,0.02550889999379958,6.38100929566404,-5856.6404469262425,-0.028783212439872495,0.87350611378467,44369.72265625,2902.64713136095,9.837213625552586,0.0018867347316852518,7948.2100177651255
nominal_nmpc,144.0,0.11683022923072271,0.024076155569350628,6.258749379980326,0.17045830202855,-0.0008774682617187501,-0.17271999999999998,0.10045830202855,0.24045830202855,-0.08,0.08,-0.35,0.35,-0.18,0.18,0.021886192899381537,0.021886192899381537,-0.008437073372348313,False,False,False,-0.05362807279782729,0.024953623831069378,6.431469379980326,-4930.44250279517,-0.02353157838920535,0.8775667022232162,44092.0,2881.6898850875914,9.766188489094581,0.0019711986183557724,8184.551290183988
nominal_nmpc,146.0,0.11386125468922582,0.023689646905440093,6.306512596773091,0.16814519158527425,-0.0007784448242186826,-0.17437648437499997,0.09814519158527424,0.23814519158527425,-0.08,0.08,-0.35,0.35,-0.18,0.18,0.012763253656849521,0.012763253656849521,-0.004561469621266008,False,False,False,-0.05428393689604842,0.024468091729658775,6.480889081148091,-4375.216229109352,-0.020342422453539642,0.8812030009245224,43843.52734375,2862.991475428098,9.702818660812255,0.002049966541240756,8401.50106703962
nominal_nmpc,148.0,0.11136155831796635,0.023346456548614083,6.35354646982886,0.1660856498873028,-0.0006763745117187581,-0.17583187500000003,0.09608564988730278,0.2360856498873028,-0.08,0.08,-0.35,0.35,-0.18,0.18,-0.018870899909857897,-0.018870899909857894,-0.015817076783353708,False,False,False,-0.05472409156933644,0.02402283106033284,6.52937834482886,-2577.4248849310343,-0.011711793980097713,0.8844000801280599,43625.21875,2846.6076292056214,9.647293001645018,0.0021217656075964977,8596.5190079939
nominal_nmpc,150.0,0.10932067869089618,0.02314603041922013,6.400037088751949,0.16429658151765592,-0.0005712573242187546,-0.17708007812499998,0.09429658151765591,0.23429658151765592,-0.08,0.08,-0.35,0.35,-0.18,0.18,-0.032540322956772394,-0.032540322956772394,-0.00683471152345725,False,False,False,-0.05497590282675974,0.023717287743438883,6.577117166876949,-1715.1502637786011,-0.0076419450752413035,0.8871432749455687,43437.98828125,2832.59382137081,9.599799518924007,0.0021853433752548035,8767.147175123613
nominal_nmpc,152.0,0.1077411042635633,0.023013387251479535,6.446195031363511,0.1627948910593539,-0.0004630932617187278,-0.17811500000000002,0.0927948910593539,0.23279489105935391,-0.08,0.08,-0.35,0.35,-0.18,0.18,-0.03910328908272793,-0.03910328908272793,-0.003281483062977767,False,False,False,-0.05505378679579061,0.023476480513198263,6.624310031363511,-1249.057019217541,-0.005475370118043863,0.8894182158829406,43282.75,2821.0052802814257,9.56052538426496,0.00223949973330306,8911.04870744636
nominal_nmpc,154.0,0.10654085746349502,0.022916992673998767,6.492124272570342,0.161597483095417,-0.000351882324218733,-0.17893054687499999,0.09159748309541699,0.231597483095417,-0.08,0.08,-0.35,0.35,-0.18,0.18,-0.04378527856450008,-0.04378527856450008,-0.002340994740886077,False,False,False,-0.05505662563192197,0.0232688749982175,6.671054819445342,-900.8521116429698,-0.0038986650251812763,0.8912108600923155,43160.41796875,2811.8969927942394,9.529656950824899,0.0022831202953028954,9026.047476191494
nominal_nmpc,156.0,0.10563551337326589,0.02284762300890388,6.537888018475982,0.1607212622088655,-0.0002376245117187703,-0.179520625,0.0907212622088655,0.23072126220886552,-0.08,0.08,-0.35,0.35,-0.18,0.18,-0.04649971785383324,-0.04649971785383324,-0.0013572196446665803,False,False,False,-0.05508574883559962,0.02308524752062265,6.7174086434759825,-679.1690419341143,-0.0029121351182075806,0.892507523350207,43071.90625,2805.323709178458,9.50737976995398,0.002315210193592268,9110.16818370728
nominal_nmpc,158.0,0.10495515203279165,0.022795335261984538,6.583530317331603,0.16018313298271974,-0.00012031982421872867,-0.179879140625,0.09018313298271974,0.23018313298271975,-0.08,0.08,-0.35,0.35,-0.18,0.18,-0.04756454240859504,-0.04756454240859504,-0.000532412277380899,False,False,False,-0.05522798094992809,0.022915655086203267,6.7634094579566035,-567.128826281631,-0.0024180585551566575,0.8932949127576065,43018.12890625,2801.339947859319,9.493878607271759,0.0023349270170371947,9161.676308202952
nominal_nmpc,160.0,0.10443981478709961,0.02275151890957472,6.629076669724577,0.16,-1.5202636718725238e-05,-0.18,0.09,0.23,-0.08,0.08,-0.35,0.35,-0.18,0.18,-0.04719108116329947,-0.04719108116329947,0.00018673062264778703,False,False,False,-0.05556018521290039,0.022766721546293445,6.809076669724576,-551.4610306818732,-0.0023467884740572143,0.8935601601581166,43000.0,2800.0,9.489337458195521,0.0023416115375725103,9179.117227284241
