tier,scenario_id,seed,density_scale,cm_alpha_scale,cm_delta_scale,cm_q_scale,actuator_lag_s,actuator_delay_s,sensor_noise_alpha_rad,sensor_noise_q_radps,sensor_noise_theta_rad,initial_alpha_error_rad,initial_q_error_radps,initial_theta_error_rad,external_disturbance_moment_nm,controller,solver_status,solve_time_s,oracle_feasible,oracle_near_feasible,oracle_max_alpha_miss_rad,oracle_max_q_miss_radps,oracle_alpha_violation_duration_s,first_alpha_violation_time_s,first_alpha_violation_side,actuator_tau_prediction_s,predicted_max_alpha_slack_rad,predicted_max_q_slack_radps,objective_value,trajectory_csv,metrics_json
moderate,0,55,1.099675655036485,1.1111936835149023,0.8873447595370492,0.8920388602447822,0.17246008473590804,0.5,0.002112697278039903,0.001420628984150504,0.00020335583094168374,-0.03526714350779047,0.043317852661921875,0.00407667571118842,-2288.5715472335214,truth_consistent_slack_oracle,Solve_Succeeded,0.11681758298072964,True,True,0.0,0.0,0.0,,none,0.5,3.045539207838897e-09,1.963035840202853e-08,92.35681723103393,outputs/phase23_feasibility_ceiling_audit/moderate/scenario_000/oracle_trajectory.csv,outputs/phase23_feasibility_ceiling_audit/moderate/scenario_000/oracle_metrics.json
moderate,1,56,1.067837814989062,0.8550708443435929,1.1923204271077104,1.08984168484952,0.19047425565328424,0.0,0.001819893511792798,0.0005389072581292835,0.0017670007129131713,-0.042169232542380676,0.037161912636399425,0.003739433990046943,1888.1114567916945,truth_consistent_slack_oracle,Solve_Succeeded,0.10470395802985877,True,True,0.0,0.0,0.0,,none,0.5,1.8604646190171964e-09,1.7415789638734576e-08,49.970224393951256,outputs/phase23_feasibility_ceiling_audit/moderate/scenario_001/oracle_trajectory.csv,outputs/phase23_feasibility_ceiling_audit/moderate/scenario_001/oracle_metrics.json
moderate,2,57,1.0552500109466625,0.9904935904652705,1.1364934679007512,0.9361279231434767,0.13783755517640428,0.5,0.0012876544132459234,0.0010895091536253408,0.0008726206962965641,-0.03988767505303118,0.0403012765601704,-0.0006989770439637954,2243.631407086245,truth_consistent_slack_oracle,Solve_Succeeded,0.10573804099112749,True,True,0.0,0.0,0.0,,none,0.5,3.193891012598507e-09,2.0327212884399384e-08,77.89421505801371,outputs/phase23_feasibility_ceiling_audit/moderate/scenario_002/oracle_trajectory.csv,outputs/phase23_feasibility_ceiling_audit/moderate/scenario_002/oracle_metrics.json
moderate,3,58,0.9427035401698733,1.1139500827692312,0.8972365808628847,0.8833681862461437,0.2960345266189571,1.0,0.0009159976169144701,0.00020772178158287347,0.001579716448980541,-0.02224949176908563,0.04723591983330609,-0.009198019703474421,2252.732574594433,truth_consistent_slack_oracle,Solve_Succeeded,0.14968733408022672,False,True,0.007441867940675112,0.0,10.0,9.0,high,0.796034526618957,0.007441857940676505,1.9737974149515812e-07,40968.84938225735,outputs/phase23_feasibility_ceiling_audit/moderate/scenario_003/oracle_trajectory.csv,outputs/phase23_feasibility_ceiling_audit/moderate/scenario_003/oracle_metrics.json
moderate,4,59,1.0263241475999092,1.0978198504596506,0.8467775120989001,0.9509718434702744,0.06519182255015281,0.0,1.745874008911086e-05,0.0014589760408944903,0.00031099084968804126,-0.02196446416086214,0.04507563176598882,0.008256747261127528,-1953.0550355784214,truth_consistent_slack_oracle,Solve_Succeeded,0.10601704195141792,True,True,0.0,0.0,0.0,,none,0.5,2.5958549048203104e-09,1.7795245445601965e-08,121.4489886831109,outputs/phase23_feasibility_ceiling_audit/moderate/scenario_004/oracle_trajectory.csv,outputs/phase23_feasibility_ceiling_audit/moderate/scenario_004/oracle_metrics.json
moderate,5,60,0.9472851438103829,0.8581439175685014,0.8218883549768894,1.1961966085206186,0.3021514856561525,1.0,0.002904553797721493,0.0014873038666191403,0.0011797634968893586,-0.040412614765709766,0.050130858041308214,-0.01917497838311747,339.20421081160555,truth_consistent_slack_oracle,Solve_Succeeded,0.16119795897975564,False,True,0.015838208659997716,0.0,16.0,7.0,high,0.8021514856561525,0.015838198659998505,4.100050917550965e-07,249612.51885936953,outputs/phase23_feasibility_ceiling_audit/moderate/scenario_005/oracle_trajectory.csv,outputs/phase23_feasibility_ceiling_audit/moderate/scenario_005/oracle_metrics.json
moderate,6,61,0.9623122848632923,1.08158068545768,1.068457241400226,1.0836619346162633,0.15181347760620825,1.0,0.002994278568569675,0.0014215992020767117,0.0005768931239277049,-0.029436407225376708,0.04991251707174247,0.004186027688699627,365.6368989117598,truth_consistent_slack_oracle,Solve_Succeeded,0.16490012500435114,False,True,0.01548016890577017,0.0,15.0,7.0,high,0.6518134776062082,0.015480158905770834,4.847116439968948e-07,238664.33955172315,outputs/phase23_feasibility_ceiling_audit/moderate/scenario_006/oracle_trajectory.csv,outputs/phase23_feasibility_ceiling_audit/moderate/scenario_006/oracle_metrics.json
moderate,7,62,1.0327960500573494,1.0743319912045537,1.112278953735189,0.9151421317114131,0.24263274437772925,0.5,0.0015409049665688031,0.001310924831518817,0.0024801614615146002,-0.042927603471438924,0.053090159356097025,-0.0191536012615999,-1423.905416998581,truth_consistent_slack_oracle,Solve_Succeeded,0.17389108298812062,False,False,0.025452636397873818,0.0,19.0,6.0,high,0.5,0.025452626397874004,2.6831270557022387e-07,776956.2625622038,outputs/phase23_feasibility_ceiling_audit/moderate/scenario_007/oracle_trajectory.csv,outputs/phase23_feasibility_ceiling_audit/moderate/scenario_007/oracle_metrics.json
moderate,8,63,1.0180238115686702,1.1476776606578871,0.8786749505372946,1.0021150448890466,0.07013268800964144,0.5,0.0011028593964723177,0.0004317192519537778,0.0012412082361867287,-0.020315401459835056,0.04644377946404173,-0.0004817541018459792,-1592.455564172357,truth_consistent_slack_oracle,Solve_Succeeded,0.11241383291780949,True,True,0.0,0.0,0.0,,none,0.5,3.1573496078138785e-09,1.480342607123855e-08,149.14246900290001,outputs/phase23_feasibility_ceiling_audit/moderate/scenario_008/oracle_trajectory.csv,outputs/phase23_feasibility_ceiling_audit/moderate/scenario_008/oracle_metrics.json
moderate,9,64,1.1330480358221209,1.0070018887422227,0.8262843749716177,0.9274235112624596,0.30044609995951377,1.0,0.0029560957500721105,0.0009380721776113753,0.000451621436160318,-0.04898561862990772,0.04491250406958837,0.0022242335183021524,968.9782197362363,truth_consistent_slack_oracle,Solve_Succeeded,0.1102160409791395,True,True,0.0,0.0,0.0,,none,0.8004460999595138,4.105357846566984e-09,2.467086760358334e-08,139.1470594395354,outputs/phase23_feasibility_ceiling_audit/moderate/scenario_009/oracle_trajectory.csv,outputs/phase23_feasibility_ceiling_audit/moderate/scenario_009/oracle_metrics.json
moderate,10,65,0.8642174456390412,1.005466653261876,0.9499434253485177,0.8914714093255712,0.32960311763802463,0.5,0.0008365525317918986,6.46762207459785e-05,0.00043271742188083696,-0.04968044093642936,0.042852932412735696,-0.01897115270827847,2221.850917262168,truth_consistent_slack_oracle,Solve_Succeeded,0.1078849999466911,True,True,0.0,0.0,0.0,,none,0.5796031176380246,3.756188481195491e-09,2.330069066042479e-08,114.97910824047094,outputs/phase23_feasibility_ceiling_audit/moderate/scenario_010/oracle_trajectory.csv,outputs/phase23_feasibility_ceiling_audit/moderate/scenario_010/oracle_metrics.json
moderate,11,66,1.1271201633807792,1.057845439337298,0.8291739104917131,1.0497015221724948,0.165381683907133,1.0,0.00030848479803221776,0.0006562873235056894,0.001380134036191736,-0.02273632069936974,0.05238554387091182,0.0011889161663444536,-1809.8046884581565,truth_consistent_slack_oracle,Solve_Succeeded,0.17248033406212926,False,True,0.023269216418546845,0.0,18.0,6.0,high,0.665381683907133,0.02326920641887722,7.28428226428753e-07,617037.1376784357,outputs/phase23_feasibility_ceiling_audit/moderate/scenario_011/oracle_trajectory.csv,outputs/phase23_feasibility_ceiling_audit/moderate/scenario_011/oracle_metrics.json
moderate,12,67,0.9742994499706756,0.8880814906600227,1.005594014324681,0.9188970487207432,0.2093129332072963,1.0,0.0009248828062737953,0.0005329510920348585,0.00026554965141795784,-0.022633174516965053,0.04101814378974161,-0.019519453129244125,1586.2498674008762,truth_consistent_slack_oracle,Solve_Succeeded,0.11092579201795161,True,True,0.0,0.0,0.0,,none,0.7093129332072963,2.88971217818337e-09,1.8976809012771547e-08,85.67879154798472,outputs/phase23_feasibility_ceiling_audit/moderate/scenario_012/oracle_trajectory.csv,outputs/phase23_feasibility_ceiling_audit/moderate/scenario_012/oracle_metrics.json
moderate,13,68,0.9953100174539699,1.1044978823659257,1.0694089087940948,1.0504963097063043,0.34153615576448204,1.0,0.0003907120550084717,0.0007890702151280241,0.0018365108228233394,-0.04466830271818796,0.03982358572394496,0.009962517695321185,2230.4093558581844,truth_consistent_slack_oracle,Solve_Succeeded,0.11150458303745836,True,True,0.0,0.0,0.0,,none,0.841536155764482,1.765074648340269e-09,1.5667266718797727e-08,72.22882181861681,outputs/phase23_feasibility_ceiling_audit/moderate/scenario_013/oracle_trajectory.csv,outputs/phase23_feasibility_ceiling_audit/moderate/scenario_013/oracle_metrics.json
moderate,14,69,1.0241117125647023,1.0080556107458336,1.1459846635147866,1.0939041651242745,0.16680469402583797,1.0,0.0016339043283467127,0.0006561236469276164,2.535331373743066e-05,-0.02964578879090854,0.052276271674726246,0.00823710896096232,2310.546642572015,truth_consistent_slack_oracle,Solve_Succeeded,0.1968487499980256,False,False,0.028652943316154228,0.0,23.0,6.0,high,0.666804694025838,0.02865293331642252,3.4102459904746643e-07,1188814.6855309547,outputs/phase23_feasibility_ceiling_audit/moderate/scenario_014/oracle_trajectory.csv,outputs/phase23_feasibility_ceiling_audit/moderate/scenario_014/oracle_metrics.json
moderate,15,70,0.9642204535645428,1.0671417552736013,0.9288757304983914,1.1860895825578432,0.25912132182742664,0.5,0.0006226568047982962,4.374910828114309e-06,0.002352794545105728,-0.04300495120735941,0.03685923387217385,-0.00622084602307651,-1648.6330462802107,truth_consistent_slack_oracle,Solve_Succeeded,0.10813620802946389,True,True,0.0,0.0,0.0,,none,0.5091213218274266,1.8348167097921375e-09,1.743855987709629e-08,58.83507552786925,outputs/phase23_feasibility_ceiling_audit/moderate/scenario_015/oracle_trajectory.csv,outputs/phase23_feasibility_ceiling_audit/moderate/scenario_015/oracle_metrics.json
moderate,16,71,0.9260241032311908,1.0082616506939277,1.104394623500175,1.0539044250163887,0.07146035042271176,0.0,0.0015694963232778622,0.0003021177609268611,0.001776891772332004,-0.04883518855349546,0.05271283543694008,-0.004926293435419682,-930.9857138338967,truth_consistent_slack_oracle,Solve_Succeeded,0.1769842499634251,False,True,0.0243368003453098,0.0,18.0,7.0,high,0.5,0.024336790345310434,4.374304687070524e-07,701447.0509614167,outputs/phase23_feasibility_ceiling_audit/moderate/scenario_016/oracle_trajectory.csv,outputs/phase23_feasibility_ceiling_audit/moderate/scenario_016/oracle_metrics.json
moderate,17,72,1.10135102034214,0.8520025368035228,0.8925793022278865,0.8456942178381268,0.2504541557655864,0.5,0.0017199235130644019,7.783626385904558e-05,0.0008739507574789569,-0.021392285076914555,0.05470143151601368,-0.0060694507951638025,917.2819730219906,truth_consistent_slack_oracle,Solve_Succeeded,0.20777845894917846,False,False,0.03734676130414866,0.0,26.0,5.0,high,0.5004541557655864,0.03734675130414896,1.4620629374740878e-07,2209815.422181904,outputs/phase23_feasibility_ceiling_audit/moderate/scenario_017/oracle_trajectory.csv,outputs/phase23_feasibility_ceiling_audit/moderate/scenario_017/oracle_metrics.json
moderate,18,73,0.9977908567864578,0.941010261358429,0.9074271124815184,1.194062858536881,0.07696193703320789,0.5,0.0025640913291227873,0.00025623689872175366,0.0025300887416886,-0.02830285004668156,0.03813411794899975,-0.015854169044594447,-235.45704685535296,truth_consistent_slack_oracle,Solve_Succeeded,0.11592108302284032,True,True,0.0,0.0,0.0,,none,0.5,2.5791260449504296e-09,1.366202312913401e-08,55.65852376886932,outputs/phase23_feasibility_ceiling_audit/moderate/scenario_018/oracle_trajectory.csv,outputs/phase23_feasibility_ceiling_audit/moderate/scenario_018/oracle_metrics.json
moderate,19,74,1.1183134805316721,1.006216285054576,1.0705616557853193,1.0676795752504191,0.19769333141785744,0.5,1.1917964336129016e-05,0.0011225632749167018,0.0029069938956347873,-0.02665816704073959,0.046839919690817626,0.018480748419728115,583.4377275653063,truth_consistent_slack_oracle,Solve_Succeeded,0.13476016698405147,False,True,0.002967408717490988,0.0,6.0,10.0,high,0.5,0.0029673987174922587,9.67169248696725e-08,4015.7844339987173,outputs/phase23_feasibility_ceiling_audit/moderate/scenario_019/oracle_trajectory.csv,outputs/phase23_feasibility_ceiling_audit/moderate/scenario_019/oracle_metrics.json
moderate,20,75,0.9139875044578593,0.8959387140489857,1.0657001810096507,1.0737327034910578,0.32660754081032123,0.5,0.002780587108406105,0.0014209251648662179,0.0026003339509684193,-0.04962194048796585,0.04481641846756807,0.012921811856248388,-2386.6701131490518,truth_consistent_slack_oracle,Solve_Succeeded,0.1120455419877544,True,True,0.0,0.0,0.0,,none,0.5766075408103213,2.0763988961792524e-09,1.7337237763914863e-08,109.23110082438062,outputs/phase23_feasibility_ceiling_audit/moderate/scenario_020/oracle_trajectory.csv,outputs/phase23_feasibility_ceiling_audit/moderate/scenario_020/oracle_metrics.json
moderate,21,76,1.0918994527472485,1.1456569918527775,1.0729598965872842,1.0883542027304094,0.027339897603273426,0.0,0.001685194547250858,0.0014501173465736876,0.0006696134183233629,-0.0395062865374655,0.04033680011171257,-0.017731595044067232,-875.2161367207173,truth_consistent_slack_oracle,Solve_Succeeded,0.10945708304643631,True,True,0.0,0.0,0.0,,none,0.5,9.629299381670412e-10,1.1187109341495513e-08,67.53787897538344,outputs/phase23_feasibility_ceiling_audit/moderate/scenario_021/oracle_trajectory.csv,outputs/phase23_feasibility_ceiling_audit/moderate/scenario_021/oracle_metrics.json
moderate,22,77,1.0857796925627479,1.0153515867400944,0.8975552787813753,0.9337812825911712,0.1115415692187238,0.5,0.0024039020389270815,0.00013620245998751984,0.0011208731782933932,-0.026260312992074958,0.05172342929136724,0.004159001575210968,-1846.2608359159615,truth_consistent_slack_oracle,Solve_Succeeded,0.17413620906881988,False,True,0.02018610287289163,0.0,17.0,6.0,high,0.5,0.020186092872892154,6.185360471247773e-07,430826.8563642224,outputs/phase23_feasibility_ceiling_audit/moderate/scenario_022/oracle_trajectory.csv,outputs/phase23_feasibility_ceiling_audit/moderate/scenario_022/oracle_metrics.json
moderate,23,78,0.9756589263490966,1.1245405911368507,1.007246608108957,1.134851281548517,0.13031717770780502,0.5,0.0011392070187764415,0.00048621161205069274,0.0017426124876274104,-0.029804071435873502,0.05355477431251187,-0.010069598855220723,1069.821977190234,truth_consistent_slack_oracle,Solve_Succeeded,0.20448079204652458,False,False,0.03215757957518586,0.0,23.0,6.0,high,0.5,0.03215756957518621,2.4469213469457227e-07,1516777.13116266,outputs/phase23_feasibility_ceiling_audit/moderate/scenario_023/oracle_trajectory.csv,outputs/phase23_feasibility_ceiling_audit/moderate/scenario_023/oracle_metrics.json
moderate,24,79,1.1258807162130564,0.8714867820419543,1.1692325416008753,0.814298624388897,0.030615126601149022,1.0,0.0014331024173763914,0.0005624939809914936,0.0003099352822662108,-0.031360551256634006,0.04678513740266193,0.0047522221300642055,-1944.0632265947372,truth_consistent_slack_oracle,Solve_Succeeded,0.1193638340337202,True,True,0.0,0.0,0.0,,none,0.5306151266011491,3.1206347658452572e-09,1.6044383418554294e-08,148.4286205766213,outputs/phase23_feasibility_ceiling_audit/moderate/scenario_024/oracle_trajectory.csv,outputs/phase23_feasibility_ceiling_audit/moderate/scenario_024/oracle_metrics.json
moderate,25,80,1.070947399403036,0.8555256390479212,0.8146534837506187,1.0378828917129967,0.20499977511052314,0.5,0.0019144016567179732,0.0011632872232517032,0.0022357993679349695,-0.04535989636464315,0.05340989691901187,-0.007916318535278829,544.330522248232,truth_consistent_slack_oracle,Solve_Succeeded,0.1858914999756962,False,False,0.0298868472489216,0.0,22.0,6.0,high,0.5,0.029886837248922066,5.174302084741147e-07,1237021.6556507829,outputs/phase23_feasibility_ceiling_audit/moderate/scenario_025/oracle_trajectory.csv,outputs/phase23_feasibility_ceiling_audit/moderate/scenario_025/oracle_metrics.json
moderate,26,81,0.9802339873316895,0.9134884968893588,1.1648149276757236,1.04418569509029,0.15559087089782156,0.5,0.0013961163455871609,0.00014605960068973345,0.0008346915058060365,-0.04864821677376013,0.05486981482024496,0.008688344072817334,-455.64376166496834,truth_consistent_slack_oracle,Solve_Succeeded,0.18631045799702406,False,False,0.03433002833170762,0.0,23.0,6.0,high,0.5,0.03433001833170809,5.346006615370177e-07,1693829.1110953223,outputs/phase23_feasibility_ceiling_audit/moderate/scenario_026/oracle_trajectory.csv,outputs/phase23_feasibility_ceiling_audit/moderate/scenario_026/oracle_metrics.json
moderate,27,82,1.1492916257155794,1.1064363846779492,0.8870745597343758,1.1920581651836084,0.14300614316998417,1.0,0.0006719056401975203,0.00045800719272121265,0.0028565153805100423,-0.04565584646376688,0.04691304339545236,-0.005618167484813594,1813.3132180288903,truth_consistent_slack_oracle,Solve_Succeeded,0.14430700009688735,False,True,0.0039745728919048096,0.0,7.0,10.0,high,0.6430061431699842,0.00397456289190841,1.2265546130267128e-07,8355.492114410681,outputs/phase23_feasibility_ceiling_audit/moderate/scenario_027/oracle_trajectory.csv,outputs/phase23_feasibility_ceiling_audit/moderate/scenario_027/oracle_metrics.json
moderate,28,83,0.9449242959553005,0.8633814579028736,1.0516372919364707,0.9229924153907075,0.11996233528314156,0.5,0.0026639599709632816,0.0006104370627121915,0.001115212476995282,-0.03212549070948847,0.04635240003745487,0.002587753645178541,972.8012383179068,truth_consistent_slack_oracle,Solve_Succeeded,0.12354649999178946,False,True,0.0011514643215775333,0.0,2.0,12.0,high,0.5,0.0011514543215808233,4.8500906466063265e-08,570.9106240879585,outputs/phase23_feasibility_ceiling_audit/moderate/scenario_028/oracle_trajectory.csv,outputs/phase23_feasibility_ceiling_audit/moderate/scenario_028/oracle_metrics.json
moderate,29,84,1.0696294716783745,1.1200610988195503,1.099715581772791,1.1535742191160263,0.07960960432354232,0.0,0.0019463869562487603,0.0004242783563313396,0.000848639165457846,-0.024806855750437326,0.04086951489366636,-0.004661681111193499,-420.93059440356905,truth_consistent_slack_oracle,Solve_Succeeded,0.10885233303997666,True,True,0.0,0.0,0.0,,none,0.5,2.8764835910177747e-09,1.8905355198579377e-08,74.52118131079052,outputs/phase23_feasibility_ceiling_audit/moderate/scenario_029/oracle_trajectory.csv,outputs/phase23_feasibility_ceiling_audit/moderate/scenario_029/oracle_metrics.json
stress,0,10055,0.8378955015168319,0.8134079790400522,0.7897704751772718,0.6506121034875804,0.25618239868043924,1.5,0.00549036831476468,0.0016894853408081832,0.007680079439061039,-0.004471479429947158,0.06201083925618894,0.04666073176012917,-2194.1579157675574,truth_consistent_slack_oracle,Solve_Succeeded,0.22894904192071408,False,False,0.0647851334040685,0.0,33.0,3.0,high,1.0061823986804392,0.06478512340406858,5.628366964933491e-07,8164656.733373604,outputs/phase23_feasibility_ceiling_audit/stress/scenario_000/oracle_trajectory.csv,outputs/phase23_feasibility_ceiling_audit/stress/scenario_000/oracle_metrics.json
stress,1,10056,0.9303608946512464,0.8454174308359381,1.2293875720674339,0.6485713174581409,0.6573352173100183,1.0,0.003974919790454923,0.001090421166685319,0.006246505115645126,-0.06077663813443997,0.04369178412569492,0.011423261993863554,-68.50071747811049,truth_consistent_slack_oracle,Solve_Succeeded,0.11208791600074619,True,True,0.0,0.0,0.0,,none,1.1573352173100182,2.6195641403481238e-09,2.0184223513548908e-08,108.26488286131526,outputs/phase23_feasibility_ceiling_audit/stress/scenario_001/oracle_trajectory.csv,outputs/phase23_feasibility_ceiling_audit/stress/scenario_001/oracle_metrics.json
stress,2,10057,0.8866800433930975,0.9276352786236607,0.7499245797839396,0.7309926130233437,0.2586107576985939,1.0,0.004478437066488493,0.0012923100994562892,0.005160534056958272,-0.041606195997913514,0.04669296781546167,-0.02284003464815019,6107.333239994104,truth_consistent_slack_oracle,Solve_Succeeded,0.16815566702280194,False,True,0.010801980065455907,0.0,16.0,9.0,high,0.7586107576985939,0.010801970065457136,3.6727600616669106e-07,119166.2744308254,outputs/phase23_feasibility_ceiling_audit/stress/scenario_002/oracle_trajectory.csv,outputs/phase23_feasibility_ceiling_audit/stress/scenario_002/oracle_metrics.json
stress,3,10058,0.8400348122237011,0.7368166561589482,1.098880145389692,0.9663426523519489,0.4807149936858969,1.5,0.007381684733804169,0.0039628751550082695,0.0015802535717956004,-0.027669301938465292,0.05848110963791403,0.030446402496627712,-2492.964583448316,truth_consistent_slack_oracle,Solve_Succeeded,0.2059585410170257,False,False,0.047862637890936144,0.0,27.0,4.0,high,1.230714993685897,0.04786262789109674,5.01850322397001e-07,3731290.8250597217,outputs/phase23_feasibility_ceiling_audit/stress/scenario_003/oracle_trajectory.csv,outputs/phase23_feasibility_ceiling_audit/stress/scenario_003/oracle_metrics.json
stress,4,10059,0.8509073964985324,1.2873305783786486,0.9606049484890203,1.0118767760127751,0.5166991460718621,0.5,0.006164815211880045,0.0011326046514041968,0.004759177439206194,-0.01840710398592175,0.042661375658847187,-0.003392551809463007,821.4320826283194,truth_consistent_slack_oracle,Solve_Succeeded,0.10999879101291299,True,True,0.0,0.0,0.0,,none,0.7666991460718621,2.8643620880779373e-09,1.889896442085909e-08,104.92437397242985,outputs/phase23_feasibility_ceiling_audit/stress/scenario_004/oracle_trajectory.csv,outputs/phase23_feasibility_ceiling_audit/stress/scenario_004/oracle_metrics.json
stress,5,10060,0.9630926665140382,1.1606808963757862,1.2216221031121512,0.9657950551141605,0.3224799759664272,1.0,0.006069995815700608,0.0016087017017584922,0.0017684969281546899,-0.05160326416450517,0.051596152396489146,0.014929206449208754,-769.1851361540372,truth_consistent_slack_oracle,Solve_Succeeded,0.16927754203788936,False,True,0.019600085258832722,0.0,17.0,7.0,high,0.8224799759664272,0.019600075258833047,2.6406603325955315e-07,408313.0395823284,outputs/phase23_feasibility_ceiling_audit/stress/scenario_005/oracle_trajectory.csv,outputs/phase23_feasibility_ceiling_audit/stress/scenario_005/oracle_metrics.json
stress,6,10061,1.0369246295704622,0.9031157990996579,1.1733945453004238,1.0846015290208744,0.26976703989394807,0.5,0.0021652652844114015,0.0020134855485208114,0.0073158945485747315,-0.020709418677945006,0.03373279835109744,0.021556087188663975,-4575.918643044272,truth_consistent_slack_oracle,Solve_Succeeded,0.14098120795097202,False,True,0.019125788130283233,0.0,5.0,36.0,low,0.519767039893948,0.019125778130283454,2.0168451035488882e-07,91587.20694376448,outputs/phase23_feasibility_ceiling_audit/stress/scenario_006/oracle_trajectory.csv,outputs/phase23_feasibility_ceiling_audit/stress/scenario_006/oracle_metrics.json
stress,7,10062,1.2089415706681728,1.0388272811690047,1.3554360679161346,1.3044208428948538,0.5192310882170614,0.5,0.0026701265000948606,0.0005495050286051618,0.003951881981624145,-0.02856479410371991,0.06863168780382735,0.03341671052271779,3459.989578338532,truth_consistent_slack_oracle,Solve_Succeeded,0.20591124997008592,False,False,0.10179136850008746,0.0,38.0,3.0,high,0.7692310882170614,0.10179135850008751,1.5338222721230385e-06,29518173.66342459,outputs/phase23_feasibility_ceiling_audit/stress/scenario_007/oracle_trajectory.csv,outputs/phase23_feasibility_ceiling_audit/stress/scenario_007/oracle_metrics.json
stress,8,10063,0.8335060423399854,0.7696806349912375,0.9305283352741281,1.2375055536530342,0.5503909427735989,1.5,0.0044337869270696635,0.0032557376219124403,0.006310158083378462,-0.03685153363557458,0.03625405135993723,-0.02996141992935113,-2133.7130355660106,truth_consistent_slack_oracle,Solve_Succeeded,0.11095812497660518,True,True,0.0,0.0,0.0,,none,1.300390942773599,2.895523678908243e-09,1.893570189021097e-08,62.44747102713244,outputs/phase23_feasibility_ceiling_audit/stress/scenario_008/oracle_trajectory.csv,outputs/phase23_feasibility_ceiling_audit/stress/scenario_008/oracle_metrics.json
stress,9,10064,1.281899664862359,1.0562693030570327,1.032465990952283,0.8263156380567156,0.3503435486143336,0.5,0.0039973642229913595,0.0017128917307545973,0.0028295231143715465,-0.018142358005888995,0.056068559117104726,-0.03378990511339164,1788.0146016570297,truth_consistent_slack_oracle,Solve_Succeeded,0.22559958300553262,False,False,0.044617101636728246,0.0,29.0,5.0,high,0.6003435486143336,0.04461709163672849,5.91362867094441e-07,3560243.9909813395,outputs/phase23_feasibility_ceiling_audit/stress/scenario_009/oracle_trajectory.csv,outputs/phase23_feasibility_ceiling_audit/stress/scenario_009/oracle_metrics.json
stress,10,10065,0.8110666888451326,0.7751155988563968,0.9953390168674571,0.9949907062933526,0.11269204387241392,0.5,0.00252912219966367,0.00298605263509644,0.007259643633483265,-0.00880268662044514,0.04432937602642151,0.01685082277701181,-6452.231293970599,truth_consistent_slack_oracle,Solve_Succeeded,0.10870537499431521,True,True,0.0,0.0,0.0,,none,0.5,2.8376072165291275e-09,1.8555939177172738e-08,103.57239136353422,outputs/phase23_feasibility_ceiling_audit/stress/scenario_010/oracle_trajectory.csv,outputs/phase23_feasibility_ceiling_audit/stress/scenario_010/oracle_metrics.json
stress,11,10066,0.8553067223387508,0.9882873711081437,1.2051754055603177,1.2398431906970213,0.2359434754068803,1.5,0.005618080174128979,0.0024591399973336293,0.0066085331808780545,-0.0048269381253235565,0.031643640441132125,0.007538369299854642,-3289.503656277946,truth_consistent_slack_oracle,Solve_Succeeded,0.1411438339855522,False,True,0.020428376748032218,0.0,5.0,36.0,low,0.9859434754068803,0.02042836674803272,3.645030982847441e-07,114314.04956947922,outputs/phase23_feasibility_ceiling_audit/stress/scenario_011/oracle_trajectory.csv,outputs/phase23_feasibility_ceiling_audit/stress/scenario_011/oracle_metrics.json
stress,12,10067,1.0723277043759831,1.0812466313241433,0.9873133160902805,0.966772287404146,0.4038597981810853,1.0,0.004263687269015818,0.00123702779198544,0.004575311190917361,-0.007738486820527819,0.024954649928887067,-0.02634981112409618,1735.942860410549,truth_consistent_slack_oracle,Solve_Succeeded,0.1463810830609873,False,True,0.018517019812366795,0.0,6.0,35.0,low,0.9038597981810853,0.018517009812367355,3.785364377479469e-07,106774.8678527186,outputs/phase23_feasibility_ceiling_audit/stress/scenario_012/oracle_trajectory.csv,outputs/phase23_feasibility_ceiling_audit/stress/scenario_012/oracle_metrics.json
stress,13,10068,1.2006462829456708,0.9613224971500165,1.1284879647047508,0.7151193717774024,0.502395195496711,1.0,0.007003261604978748,0.0016943408619693593,0.0033503407387038774,-0.051250918977091116,0.04409770019211704,-0.03768124639159759,1454.9875102322935,truth_consistent_slack_oracle,Solve_Succeeded,0.11493699997663498,True,True,0.0,0.0,0.0,,none,1.002395195496711,4.411604860986223e-09,1.9917423205775125e-08,128.39224088777897,outputs/phase23_feasibility_ceiling_audit/stress/scenario_013/oracle_trajectory.csv,outputs/phase23_feasibility_ceiling_audit/stress/scenario_013/oracle_metrics.json
stress,14,10069,1.2737712412059983,0.991930242305281,0.875955090285284,0.8339861844328854,0.15509073258232495,1.5,0.0026532375258074086,0.0033694965161910713,0.0029822781378220616,-0.018310600697873786,0.0334655900341603,-0.015277803051998141,5033.200002175625,truth_consistent_slack_oracle,Solve_Succeeded,0.11553774995263666,True,True,0.0,0.0,0.0,,none,0.905090732582325,2.5318780996571874e-09,1.3624818434258578e-08,34.44823630019427,outputs/phase23_feasibility_ceiling_audit/stress/scenario_014/oracle_trajectory.csv,outputs/phase23_feasibility_ceiling_audit/stress/scenario_014/oracle_metrics.json
stress,15,10070,0.7718053707541909,1.29493930367975,1.0280508755693276,0.7477313354229682,0.22725038603003705,1.5,0.007973125008183021,0.0011806461663212452,0.0021474539217320567,-0.01175668616160409,0.02838896777635856,0.007283253100302711,4227.261075079509,truth_consistent_slack_oracle,Solve_Succeeded,0.11266562505625188,True,True,0.0,0.0,0.0,,none,0.977250386030037,2.7166686060820794e-09,1.8169189214542427e-08,52.430222502448736,outputs/phase23_feasibility_ceiling_audit/stress/scenario_015/oracle_trajectory.csv,outputs/phase23_feasibility_ceiling_audit/stress/scenario_015/oracle_metrics.json
stress,16,10071,0.9683592595680253,1.1081434491104205,0.7837488005866554,1.0560317329961957,0.622374859185464,1.0,0.0034788344784023838,0.0010191417944940785,0.0033566484293072996,-0.025577056233660658,0.05328996632516592,-0.04788197490879479,-2388.0333524534763,truth_consistent_slack_oracle,Solve_Succeeded,0.18564679205883294,False,False,0.02611029751214483,0.0,18.0,6.0,high,1.1223748591854639,0.02611028751214525,2.3473818478248266e-07,810242.8366532732,outputs/phase23_feasibility_ceiling_audit/stress/scenario_016/oracle_trajectory.csv,outputs/phase23_feasibility_ceiling_audit/stress/scenario_016/oracle_metrics.json
stress,17,10072,0.8755295136153882,1.1674382533539729,0.601755866814456,0.8705304857647,0.5088030678522094,0.5,0.00316924769798907,0.0030747975409321235,0.004035004019839749,-0.008921181859440304,0.023609889607331222,0.004686267589004223,136.40725027485112,truth_consistent_slack_oracle,Solve_Succeeded,0.16540933307260275,False,False,0.03522550478354833,0.0,11.0,30.0,low,0.7588030678522094,0.03522549478354863,7.572382518265378e-07,607676.3656245437,outputs/phase23_feasibility_ceiling_audit/stress/scenario_017/oracle_trajectory.csv,outputs/phase23_feasibility_ceiling_audit/stress/scenario_017/oracle_metrics.json
stress,18,10073,1.2289362146249683,0.8904853002843562,1.0901480230629623,0.7782260897764129,0.6605211926672429,0.5,0.006724353335653904,0.0009819205024587721,0.00742218125894552,-0.05130484444300084,0.06384102098690674,-0.0024916553066323902,-4094.7255962242434,truth_consistent_slack_oracle,Solve_Succeeded,0.21720695798285306,False,False,0.06676388814197326,0.0,31.0,4.0,high,0.9105211926672429,0.0667638781419735,4.1341103974145543e-07,8193186.438824627,outputs/phase23_feasibility_ceiling_audit/stress/scenario_018/oracle_trajectory.csv,outputs/phase23_feasibility_ceiling_audit/stress/scenario_018/oracle_metrics.json
stress,19,10074,1.1686194740754903,1.197072184874164,1.315775439579345,1.3899363884744338,0.2764832856885641,0.5,0.005223174260304792,0.002174959482399838,0.0036267500384379574,-0.007336838052661127,0.03820168258892452,-0.00913228959287995,-4049.2724666509357,truth_consistent_slack_oracle,Solve_Succeeded,0.11713079200126231,True,True,0.0,0.0,0.0,,none,0.5264832856885642,2.6348399094017782e-09,1.3727784744996097e-08,74.52326335688389,outputs/phase23_feasibility_ceiling_audit/stress/scenario_019/oracle_trajectory.csv,outputs/phase23_feasibility_ceiling_audit/stress/scenario_019/oracle_metrics.json
stress,20,10075,0.8812884936376777,1.2239901007926093,1.1159296458891712,1.2855229697843973,0.5854907118510863,1.5,0.003226207014192266,0.0018704968294441955,0.005177701407803485,-0.069892627574243,0.04375493692839475,-0.03449184005786885,2659.5947786226443,truth_consistent_slack_oracle,Solve_Succeeded,0.111177375074476,True,True,0.0,0.0,0.0,,none,1.3354907118510861,3.206305966992077e-09,2.317424495130095e-08,136.01965549450185,outputs/phase23_feasibility_ceiling_audit/stress/scenario_020/oracle_trajectory.csv,outputs/phase23_feasibility_ceiling_audit/stress/scenario_020/oracle_metrics.json
stress,21,10076,1.095706586646958,1.051509144371917,1.0249693040876564,1.2164245040936432,0.4876262972470093,1.5,0.0014391897054722171,0.0029891643613186372,0.006249209971339932,-0.030746906209156436,0.05763738298838999,-0.011072584105835503,2782.028912690412,truth_consistent_slack_oracle,Solve_Succeeded,0.22237404203042388,False,False,0.05262259471961475,0.0,33.0,5.0,high,1.2376262972470093,0.052622584719760834,8.233321745243233e-07,5575821.294811899,outputs/phase23_feasibility_ceiling_audit/stress/scenario_021/oracle_trajectory.csv,outputs/phase23_feasibility_ceiling_audit/stress/scenario_021/oracle_metrics.json
stress,22,10077,0.9552074929670727,0.7479706285519162,0.8930510953330396,1.2918532680312296,0.1444616208536915,1.0,0.004001203782674152,0.0009045231331410499,0.004723597453121965,-0.03127441036035443,0.06240095803358317,-0.007822714576914703,5215.6779022646915,truth_consistent_slack_oracle,Solve_Succeeded,0.2062098749447614,False,False,0.07820311167877161,0.0,37.0,4.0,high,0.6444616208536915,0.07820310167877166,1.6546664983773325e-06,16591429.768120842,outputs/phase23_feasibility_ceiling_audit/stress/scenario_022/oracle_trajectory.csv,outputs/phase23_feasibility_ceiling_audit/stress/scenario_022/oracle_metrics.json
stress,23,10078,1.0608583416625799,1.1443157773685213,1.2343940864997367,0.9462675180401711,0.5747736721148857,1.0,0.006694972358792541,0.0023749578871333976,0.00789599313011026,-0.030545782601063387,0.05803086862416189,-0.041761717027675706,4900.988485966242,truth_consistent_slack_oracle,Solve_Succeeded,0.22138624999206513,False,False,0.05823335754776138,0.0,37.0,4.0,high,1.0747736721148857,0.058233347547761466,1.367663640009912e-06,7822902.686082554,outputs/phase23_feasibility_ceiling_audit/stress/scenario_023/oracle_trajectory.csv,outputs/phase23_feasibility_ceiling_audit/stress/scenario_023/oracle_metrics.json
stress,24,10079,0.8245741425196464,1.119409789340177,0.8514195738511041,0.8169376489088912,0.37690347448805994,1.5,0.003099367871872374,0.0029187517149968454,0.004646544945171574,-0.02437853260458742,0.06311124912565717,-0.004480442747276381,6315.351539672236,truth_consistent_slack_oracle,Solve_Succeeded,0.19686749996617436,False,False,0.08379213654383913,0.0,37.0,4.0,high,1.12690347448806,0.08379212654383922,1.7916777281145896e-06,20274236.722245224,outputs/phase23_feasibility_ceiling_audit/stress/scenario_024/oracle_trajectory.csv,outputs/phase23_feasibility_ceiling_audit/stress/scenario_024/oracle_metrics.json
stress,25,10080,0.8407982401158711,0.9167424601577376,0.9337384378516862,1.1934744911188138,0.37060610036564845,0.5,0.007154170478902929,0.0022332901865596776,0.004489132843702663,-0.06957983898860363,0.055539643822847914,0.01929752497859846,6174.223173044991,truth_consistent_slack_oracle,Solve_Succeeded,0.21436462504789233,False,False,0.048859612743232056,0.0,35.0,6.0,high,0.6206061003656484,0.04885960274323223,1.2510131719828765e-06,5269274.389045704,outputs/phase23_feasibility_ceiling_audit/stress/scenario_025/oracle_trajectory.csv,outputs/phase23_feasibility_ceiling_audit/stress/scenario_025/oracle_metrics.json
stress,26,10081,1.2080646950938145,1.1905295787216925,0.625725032661163,1.177637957583433,0.19882742693306846,1.5,0.0034748622284410005,0.0038156995766484196,0.006839475428014536,-0.009283123188411502,0.05233062942494008,-0.013873133743669608,-6455.619350209719,truth_consistent_slack_oracle,Solve_Succeeded,0.17057166702579707,False,True,0.01808258970089402,0.0,13.0,6.0,high,0.9488274269330684,0.01808257970089423,2.0712731677148077e-07,295534.10530429933,outputs/phase23_feasibility_ceiling_audit/stress/scenario_026/oracle_trajectory.csv,outputs/phase23_feasibility_ceiling_audit/stress/scenario_026/oracle_metrics.json
stress,27,10082,1.0463638868028173,1.0303046107625784,1.0018624335599065,0.9250169208158904,0.4954593936389574,1.0,0.0018735386120460247,0.003519651040181559,0.003353074591719383,-0.05470399900834917,0.022576599382230743,-0.03353036199620355,-1959.08520922275,truth_consistent_slack_oracle,Solve_Succeeded,0.18360049999319017,False,False,0.05290431765517033,0.0,15.0,26.0,low,0.9954593936389574,0.05290430765517046,5.708290448588343e-07,1796877.8976389961,outputs/phase23_feasibility_ceiling_audit/stress/scenario_027/oracle_trajectory.csv,outputs/phase23_feasibility_ceiling_audit/stress/scenario_027/oracle_metrics.json
stress,28,10083,0.9414267420532418,1.0886835044713135,1.311983112619897,0.7630708861620805,0.13987239840286533,1.0,0.0012868352321833288,0.002322933956244203,0.004786829380271123,-0.055180638364394005,0.032681881321233945,0.03845647404818159,1166.6600286802363,truth_consistent_slack_oracle,Solve_Succeeded,0.11310883401893079,True,True,0.0,0.0,0.0,,none,0.6398723984028654,2.2125448911241215e-09,1.798582411039952e-08,56.53390837076951,outputs/phase23_feasibility_ceiling_audit/stress/scenario_028/oracle_trajectory.csv,outputs/phase23_feasibility_ceiling_audit/stress/scenario_028/oracle_metrics.json
stress,29,10084,0.7226008916475201,1.2334865462077331,0.6316720031356039,1.362030763758921,0.5872891189611414,1.0,0.00465879688241293,0.0036309150994771637,0.006927215628781542,-0.0022816826190450584,0.031931584730148975,-0.0053086773896627755,3198.0334754242203,truth_consistent_slack_oracle,Solve_Succeeded,0.11351033300161362,True,True,0.0,0.0,0.0,,none,1.0872891189611416,2.614127435300516e-09,1.7534292522831544e-08,41.31261231478932,outputs/phase23_feasibility_ceiling_audit/stress/scenario_029/oracle_trajectory.csv,outputs/phase23_feasibility_ceiling_audit/stress/scenario_029/oracle_metrics.json
