scenario_id,tier,seed,controller,time_s,alpha_rad,q_radps,theta_rad,measured_alpha_rad,measured_q_radps,measured_theta_rad,alpha_ref_rad,q_ref_radps,theta_ref_rad,alpha_min_rad,alpha_max_rad,q_min_radps,q_max_radps,alpha_error_rad,q_error_rad,theta_error_rad,solver_status,solve_time_s,solver_failure,policy_inference_time_s,policy_delta_flap_raw_rad,optimized_delta_flap_raw_rad,policy_mpc_command_gap_rad,actuator_tau_prediction_s,objective_value,predicted_min_alpha_margin_rad,predicted_max_alpha_slack_rad,predicted_max_q_slack_radps,pitching_moment_nm,cm,flap_effectiveness,delta_flap_raw_rad,delta_flap_delayed_rad,delta_flap_lagged_rad,delta_flap_rad,delta_flap_rate_radps,flap_saturated,flap_rate_saturated,altitude_m,velocity_mps,mach,density_kgm3,dynamic_pressure_pa,density_scale,cm_alpha_scale,cm_delta_scale,cm_q_scale,actuator_lag_s,actuator_delay_s,sensor_noise_alpha_rad,sensor_noise_q_radps,sensor_noise_theta_rad,initial_alpha_error_rad,initial_q_error_radps,initial_theta_error_rad,external_disturbance_moment_nm,corridor_violation
26,stress,10081,hybrid_warm_start_slack_mpc,0.0,0.1107168768115885,0.05231542678822133,0.0661268662563304,0.10432397208119136,0.05189813121531928,0.06672574700940641,0.12,-1.5202636718752993e-05,0.08,0.04999999999999999,0.19,-0.08,0.08,-0.009283123188411499,0.05233062942494008,-0.013873133743669608,Solve_Succeeded,0.024095417000353336,False,4.2792060412466526e-05,0.35,0.18000000995574905,-0.16999999004425093,0.9488274269330684,6837.856305333713,-0.007525549665230696,0.0075255396652320755,3.0977051832333325e-07,-6547.471987898698,-0.03092907470952339,0.4015798869488264,0.18000000995574905,0.0,0.0,0.0,0.0,False,False,82000.0,6200.0,21.012104371718653,6.035751569591644e-06,116.0071451675514,1.2080646950938145,1.1905295787216925,0.625725032661163,1.177637957583433,0.19882742693306846,1.5,0.0034748622284410005,0.0038156995766484196,0.006839475428014536,-0.009283123188411502,0.05233062942494008,-0.013873133743669608,-6455.619350209719,False
26,stress,10081,hybrid_warm_start_slack_mpc,0.5,0.12392271328702531,0.0521843011451397,0.09225181266379981,0.12147594309424742,0.051939559264517675,0.08576091932226823,0.12002304098079561,-3.0341796874999716e-05,0.07999239868164063,0.0500230409807956,0.19002304098079562,-0.08,0.08,0.003899672306229701,0.0522146429420147,0.012259413982159184,held,0.0,False,3.766699228435755e-05,0.35,0.18000000995574905,-0.16999999004425093,0.9488274269330684,6837.856305333713,-0.007525549665230696,0.0075255396652320755,3.0977051832333325e-07,-6564.769638377947,-0.03674997946724102,0.40159248685423254,0.18000000995574905,0.0,0.0,0.0,0.0,False,False,81998.8598022461,6199.7501458924335,21.01125760388222,6.036836882607309e-06,116.01865343549417,1.2080646950938145,1.1905295787216925,0.625725032661163,1.177637957583433,0.19882742693306846,1.5,0.0034748622284410005,0.0038156995766484196,0.006839475428014536,-0.009283123188411502,0.05233062942494008,-0.013873133743669608,-6455.619350209719,False
26,stress,10081,hybrid_warm_start_slack_mpc,1.0,0.13569078840274676,0.05205284870413447,0.11831111298097267,0.13604826726038363,0.04878028753066932,0.11137407839995722,0.12009173525377229,-6.052490234374763e-05,0.079969658203125,0.05009173525377228,0.1900917352537723,-0.08,0.08,0.015599053148974473,0.05211337360647822,0.03834145477784767,Solve_Succeeded,0.02300637506414205,False,2.3792032152414322e-05,0.35,0.350000009926042,9.926042043861827e-09,0.9488274269330684,2482.807847274365,-0.004507090883005521,0.004507080883007841,2.8075726235292676e-07,-6580.213277046142,-0.04193584842466527,0.40162486243193063,0.350000009926042,0.0,0.0,0.0,0.0,False,False,81995.44873046875,6199.108143368448,21.00908182581111,6.040084923866927e-06,116.05703592216318,1.2080646950938145,1.1905295787216925,0.625725032661163,1.177637957583433,0.19882742693306846,1.5,0.0034748622284410005,0.0038156995766484196,0.006839475428014536,-0.009283123188411502,0.05233062942494008,-0.013873133743669608,-6455.619350209719,False
26,stress,10081,hybrid_warm_start_slack_mpc,1.5,0.1461707215013903,0.05192110452379754,0.14430461273915535,0.14642484135366107,0.05325638504199809,0.1424311038812212,0.12020543981481481,-9.05175781250045e-05,0.07993187377929688,0.0502054398148148,0.1902054398148148,-0.08,0.08,0.025965281686575484,0.05201162210192255,0.06437273895985847,held,0.0,False,3.479095175862312e-05,0.35,0.350000009926042,9.926042043861827e-09,0.9488274269330684,2482.807847274365,-0.004507090883005521,0.004507080883007841,2.8075726235292676e-07,-6612.8382436751335,-0.052886272038944894,0.4016744554206741,0.350000009926042,0.18000000995574905,0.16544095253475646,0.09,0.18,False,True,81989.78106689453,6198.124722339112,21.005748963664374,6.0454855688002294e-06,116.12395408529248,1.2080646950938145,1.1905295787216925,0.625725032661163,1.177637957583433,0.19882742693306846,1.5,0.0034748622284410005,0.0038156995766484196,0.006839475428014536,-0.009283123188411502,0.05233062942494008,-0.013873133743669608,-6455.619350209719,False
26,stress,10081,hybrid_warm_start_slack_mpc,2.0,0.15549647156902038,0.05178872317164899,0.17023207985847724,0.15463839124446924,0.05097473100461766,0.17195748276347447,0.12036351165980795,-0.00012031982421875642,0.079879140625,0.050363511659807944,0.19036351165980797,-0.08,0.08,0.03513295990921243,0.051909042995867745,0.09035293923347724,Solve_Succeeded,0.025357374921441078,False,4.0207989513874054e-05,0.35,0.35000000999587016,9.995870187129441e-09,0.9488274269330684,50668.438929238786,-0.015529181084833699,0.015529171084833966,5.042236869709176e-07,-6643.790208214929,-0.06324570510344416,0.4017399997587981,0.35000000999587016,0.18000000995574905,0.17882242028206033,0.17882242028206033,0.17764484056412067,False,False,81981.87109375,6196.824988604601,21.00134410223131,6.053030955636082e-06,116.22013113469481,1.2080646950938145,1.1905295787216925,0.625725032661163,1.177637957583433,0.19882742693306846,1.5,0.0034748622284410005,0.0038156995766484196,0.006839475428014536,-0.009283123188411502,0.05233062942494008,-0.013873133743669608,-6455.619350209719,False
26,stress,10081,hybrid_warm_start_slack_mpc,2.5,0.16378797104206194,0.051655736496489184,0.1960932038472307,0.15673107804634034,0.0530873051902568,0.19371100538624297,0.12056530778463648,-0.00014993164062498954,0.07981155395507812,0.05056530778463647,0.19056530778463648,-0.08,0.08,0.043222663257425464,0.05180566813711417,0.11628164989215257,held,0.0,False,2.8250040486454964e-05,0.35,0.35000000999587016,9.995870187129441e-09,0.9488274269330684,50668.438929238786,-0.015529181084833699,0.015529171084833966,5.042236869709176e-07,-6673.742086552838,-0.07323344428252174,0.4018206300465545,0.35000000999587016,0.350000009926042,0.3361545420428652,0.2688224202820603,0.18,False,True,81971.73309326172,6195.226102903411,20.995925400097143,6.062715447198163e-06,116.34601474611549,1.2080646950938145,1.1905295787216925,0.625725032661163,1.177637957583433,0.19882742693306846,1.5,0.0034748622284410005,0.0038156995766484196,0.006839475428014536,-0.009283123188411502,0.05233062942494008,-0.013873133743669608,-6455.619350209719,False
26,stress,10081,hybrid_warm_start_slack_mpc,3.0,0.17115267137016102,0.05152216306132756,0.22188768680252535,0.1734674056385086,0.05949727805448848,0.22461071824635423,0.12081018518518519,-0.00017935302734374547,0.07972920898437501,0.05081018518518518,0.1908101851851852,-0.08,0.08,0.05034248618497583,0.0517015160886713,0.14215847781815033,Solve_Succeeded,0.026121417060494423,False,2.2249994799494743e-05,0.35,0.35000000999580694,9.995806959928188e-09,0.9488274269330684,762223.2226565736,-0.04754332456866098,0.04754331456866133,1.6647241283657026e-06,-6700.521789511784,-0.08211453654547124,0.40191568368588926,0.35000000999580694,0.350000009926042,0.34888013797725026,0.34888013797725026,0.16011543539037987,False,False,81959.38134765625,6193.341204448907,20.98953738670099,6.0745355967485e-06,116.50192447885765,1.2080646950938145,1.1905295787216925,0.625725032661163,1.177637957583433,0.19882742693306846,1.5,0.0034748622284410005,0.0038156995766484196,0.006839475428014536,-0.009283123188411502,0.05233062942494008,-0.013873133743669608,-6455.619350209719,False
26,stress,10081,hybrid_warm_start_slack_mpc,3.5,0.1776868505315106,0.051388065024907004,0.24761525098930046,0.17580654082373615,0.05007836005092173,0.2494827789802896,0.12109750085733882,-0.00020858398437501036,0.07963220092773438,0.051097500857338815,0.19109750085733884,-0.08,0.08,0.05658934967417177,0.051596649009282014,0.16798305006156608,held,0.0,False,2.875004429370165e-05,0.35,0.35000000999580694,9.995806959928188e-09,0.9488274269330684,762223.2226565736,-0.04754332456866098,0.04754331456866133,1.6647241283657026e-06,-6709.72789542406,-0.08506534998092594,0.40202462079258067,0.35000000999580694,0.35000000999587016,0.34990943066186203,0.34990943066186203,0.0020585853692235423,False,False,81944.83013916016,6191.180999058791,20.98221634458463,6.0884901177369185e-06,116.68811154789702,1.2080646950938145,1.1905295787216925,0.625725032661163,1.177637957583433,0.19882742693306846,1.5,0.0034748622284410005,0.0038156995766484196,0.006839475428014536,-0.009283123188411502,0.05233062942494008,-0.013873133743669608,-6455.619350209719,False
26,stress,10081,hybrid_warm_start_slack_mpc,4.0,0.18347685653087512,0.0512537927109316,0.2732757217819465,0.1818791103944349,0.04735660841646808,0.28047966795861595,0.12142661179698216,-0.00023762451171874255,0.079520625,0.05142661179698216,0.19142661179698217,-0.08,0.08,0.06205024473389295,0.05149141722265034,0.19375509678194647,Solve_Succeeded,0.02793404192198068,False,7.604202255606651e-05,0.35,0.35000000998906866,9.989068683324831e-09,0.9488274269330684,19459.19511382707,-0.007824178943716786,0.007824168943717666,3.793523596189429e-07,-6717.847918553956,-0.08762090527209981,0.40214698367832524,0.35000000998906866,0.35000000999587016,0.3499926836089144,0.3499926836089144,0.00016650589410471817,False,False,81928.09375,6188.754562618874,20.973993032370615,6.104579857325133e-06,116.90478909270537,1.2080646950938145,1.1905295787216925,0.625725032661163,1.177637957583433,0.19882742693306846,1.5,0.0034748622284410005,0.0038156995766484196,0.006839475428014536,-0.009283123188411502,0.05233062942494008,-0.013873133743669608,-6455.619350209719,False
26,stress,10081,hybrid_warm_start_slack_mpc,4.5,0.1886001292631018,0.05111936681414509,0.29886901729949883,0.1836615258976253,0.054241465644068614,0.2926836337509093,0.121796875,-0.00026647460937499756,0.07939457641601563,0.05179687499999999,0.191796875,-0.08,0.08,0.0668032542631018,0.05138584142352009,0.2194744408834832,held,0.0,False,3.0249939300119877e-05,0.35,0.35000000998906866,9.989068683324831e-09,0.9488274269330684,19459.19511382707,-0.007824178943716786,0.007824168943717666,3.793523596189429e-07,-6725.167714042601,-0.08987656647332767,0.40228237351219553,0.35000000998906866,0.35000000999580694,0.3499994174109094,0.3499994174109094,1.3467603990013899e-05,False,False,81909.18646240234,6186.0698038826085,20.964894253212666,6.122807773565313e-06,117.1521496133994,1.2080646950938145,1.1905295787216925,0.625725032661163,1.177637957583433,0.19882742693306846,1.5,0.0034748622284410005,0.0038156995766484196,0.006839475428014536,-0.009283123188411502,0.05233062942494008,-0.013873133743669608,-6455.619350209719,False
26,stress,10081,hybrid_warm_start_slack_mpc,5.0,0.1931260504777741,0.050984802421730015,0.32439506459749984,0.19006783715941422,0.044921101395107285,0.3145982505355795,0.1222076474622771,-0.0002951342773437615,0.079254150390625,0.05220764746227709,0.1922076474622771,-0.08,0.08,0.070918403015497,0.051279936699073776,0.24514091420687484,Solve_Succeeded,0.02474558399990201,False,2.1374900825321674e-05,0.35,0.3500000097678611,9.767861131049216e-09,0.9488274269330684,733.7339471959492,-0.0013978949251139128,0.0013978849251291346,2.7002894475521095e-07,-6731.794203561464,-0.09186788448088157,0.4024304356602051,0.3500000097678611,0.35000000999580694,0.34999996206537876,0.34999996206537876,1.0893089387176147e-06,False,False,81888.12255859375,6183.133755185188,20.95494384003998,6.143178916121818e-06,117.43037591442118,1.2080646950938145,1.1905295787216925,0.625725032661163,1.177637957583433,0.19882742693306846,1.5,0.0034748622284410005,0.0038156995766484196,0.006839475428014536,-0.009283123188411502,0.05233062942494008,-0.013873133743669608,-6455.619350209719,False
26,stress,10081,hybrid_warm_start_slack_mpc,5.5,0.19711678136758384,0.05085011258016623,0.3498537977569009,0.1956975417757435,0.05034947914315999,0.35621640387809056,0.12265828617969822,-0.0003236035156249928,0.07909944213867187,0.05265828617969821,0.1926582861796982,-0.08,0.08,0.07445849518788562,0.05117371609579122,0.270754355618229,held,0.0,False,2.9292074032127857e-05,0.35,0.3500000097678611,9.767861131049216e-09,0.9488274269330684,733.7339471959492,-0.0013978949251139128,0.0013978849251291346,2.7002894475521095e-07,-6737.810751311745,-0.09362268152060427,0.40259084988176863,0.3500000097678611,0.35000000998906866,0.3500000061128258,0.35,7.5869242444071e-08,False,False,81864.91632080078,6179.952766846162,20.944163314397265,6.165700410434762e-06,117.73964841118037,1.2080646950938145,1.1905295787216925,0.625725032661163,1.177637957583433,0.19882742693306846,1.5,0.0034748622284410005,0.0038156995766484196,0.006839475428014536,-0.009283123188411502,0.05233062942494008,-0.013873133743669608,-6455.619350209719,True
26,stress,10081,hybrid_warm_start_slack_mpc,6.0,0.20062801384856466,0.050715308755840086,0.3752451569797269,0.1977610152815806,0.05217018125138033,0.3782652576376123,0.12314814814814815,-0.0003518823242187469,0.07893054687500001,0.05314814814814814,0.19314814814814815,-0.08,0.08,0.07747986570041651,0.05106719108005883,0.29631461010472687,Solve_Succeeded,0.02743808296509087,False,2.1792016923427582e-05,0.35,0.3500000099901333,9.990133331694295e-09,0.9488274269330684,298295.6516340649,-0.024641887346995434,0.024641877346996372,1.4170612086472611e-06,-6743.290756566693,-0.09516556582681199,0.4027633234553852,0.3500000099901333,0.35000000998906866,0.350000009675544,0.35,0.0,False,False,81839.58203125,6176.532643486048,20.932572348428415,6.190381445232666e-06,118.08015024330702,1.2080646950938145,1.1905295787216925,0.625725032661163,1.177637957583433,0.19882742693306846,1.5,0.0034748622284410005,0.0038156995766484196,0.006839475428014536,-0.009283123188411502,0.05233062942494008,-0.013873133743669608,-6455.619350209719,True
26,stress,10081,hybrid_warm_start_slack_mpc,6.5,0.20370964373540665,0.05058040102494985,0.4005690878472753,0.1962927749397107,0.0556497443199149,0.4050103819198123,0.12367659036351165,-0.0003799707031250099,0.07874755981445312,0.05367659036351165,0.19367659036351165,-0.08,0.08,0.080033053371895,0.05096037172807486,0.32182152803282216,held,0.0,False,2.637505531311035e-05,0.35,0.3500000099901333,9.990133331694295e-09,0.9488274269330684,298295.6516340649,-0.024641887346995434,0.024641877346996372,1.4170612086472611e-06,-6748.299638145902,-0.09651856360155013,0.40294758617496185,0.3500000099901333,0.3500000097678611,0.3500000097603942,0.35,0.0,False,False,81812.13397216797,6172.878743248417,20.920189101145034,6.217233263309642e-06,118.45207098920719,1.2080646950938145,1.1905295787216925,0.625725032661163,1.177637957583433,0.19882742693306846,1.5,0.0034748622284410005,0.0038156995766484196,0.006839475428014536,-0.009283123188411502,0.05233062942494008,-0.013873133743669608,-6455.619350209719,True
26,stress,10081,hybrid_warm_start_slack_mpc,7.0,0.20640637387548638,0.050445398224745405,0.4258255406635177,0.2032574975204566,0.050113904736277255,0.4214211818905847,0.12424296982167352,-0.00040786865234375413,0.078550576171875,0.05424296982167351,0.19424296982167352,-0.08,0.08,0.08216340405381287,0.05085326687708916,0.3472749644916427,Solve_Succeeded,0.027487457962706685,False,2.079096157103777e-05,0.35,0.3500000099950626,9.995062610901329e-09,0.9488274269330684,199961.73576919903,-0.01768030725840694,0.017680297258407453,7.647786281579534e-07,-6752.895786140144,-0.09770141125320939,0.4031433865961587,0.3500000099950626,0.3500000097678611,0.35000000976725715,0.35,0.0,False,False,81782.58642578125,6168.996052234287,20.907030470688255,6.246269155490962e-06,118.85560944904718,1.2080646950938145,1.1905295787216925,0.625725032661163,1.177637957583433,0.19882742693306846,1.5,0.0034748622284410005,0.0038156995766484196,0.006839475428014536,-0.009283123188411502,0.05233062942494008,-0.013873133743669608,-6455.619350209719,True
26,stress,10081,hybrid_warm_start_slack_mpc,7.5,0.20875825452416766,0.050310308086645626,0.4510144698695159,0.2125257977006171,0.050317726577464014,0.4526692428383404,0.12484664351851851,-0.0004355761718749934,0.07833969116210937,0.054846643518518506,0.19484664351851852,-0.08,0.08,0.08391161100564914,0.05074588425852062,0.3726747787074065,held,0.0,False,2.9666931368410587e-05,0.35,0.3500000099950626,9.995062610901329e-09,0.9488274269330684,199961.73576919903,-0.01768030725840694,0.017680297258407453,7.647786281579534e-07,-6757.131342497367,-0.09873179526938237,0.40335048914940924,0.3500000099950626,0.3500000099901333,0.3500000099721063,0.35,0.0,False,False,81750.9536743164,6164.88924175046,20.893112288346153,6.27750445771783e-06,119.29097578547344,1.2080646950938145,1.1905295787216925,0.625725032661163,1.177637957583433,0.19882742693306846,1.5,0.0034748622284410005,0.0038156995766484196,0.006839475428014536,-0.009283123188411502,0.05233062942494008,-0.013873133743669608,-6455.619350209719,True
26,stress,10081,hybrid_warm_start_slack_mpc,8.0,0.21080116749091038,0.05017513735455637,0.4761358335206304,0.21733337055538335,0.04863403425975175,0.4769876757413001,0.1254869684499314,-0.00046309326171874166,0.078115,0.055486968449931395,0.1954869684499314,-0.08,0.08,0.08531419904097898,0.050638230616275114,0.3980208335206304,Solve_Succeeded,0.02703079197090119,False,2.1832995116710663e-05,0.35,0.3500000099941113,9.994111316302678e-09,0.9488274269330684,295640.5000649116,-0.02184640210545194,0.021846392105452434,6.881129034692221e-07,-6761.0528880516185,-0.09962556487476683,0.4035686718725181,0.3500000099941113,0.3500000099901333,0.3500000099886752,0.35,0.0,False,False,81717.25,6160.562713271744,20.878449470932924,6.310956551189978e-06,119.75839320908142,1.2080646950938145,1.1905295787216925,0.625725032661163,1.177637957583433,0.19882742693306846,1.5,0.0034748622284410005,0.0038156995766484196,0.006839475428014536,-0.009283123188411502,0.05233062942494008,-0.013873133743669608,-6455.619350209719,True
26,stress,10081,hybrid_warm_start_slack_mpc,8.5,0.2125672599067719,0.05003989189017105,0.501189592819574,0.21162122351957402,0.05086965133752894,0.4980459706050962,0.12616330161179698,-0.0004904199218749988,0.07787659790039063,0.05616330161179697,0.196163301611797,-0.08,0.08,0.08640395829497491,0.05053031181204605,0.42331299491918334,held,0.0,False,3.3125048503279686e-05,0.35,0.3500000099941113,9.994111316302678e-09,0.9488274269330684,295640.5000649116,-0.02184640210545194,0.021846392105452434,6.881129034692221e-07,-6764.702053569044,-0.10039692267588327,0.4037977245977856,0.3500000099941113,0.3500000099950626,0.35000000999454595,0.35,0.0,False,False,81681.4896850586,6156.020634389981,20.86305614262193,6.3466448655112496e-06,120.25809933389371,1.2080646950938145,1.1905295787216925,0.625725032661163,1.177637957583433,0.19882742693306846,1.5,0.0034748622284410005,0.0038156995766484196,0.006839475428014536,-0.009283123188411502,0.05233062942494008,-0.013873133743669608,-6455.619350209719,True
26,stress,10081,hybrid_warm_start_slack_mpc,9.0,0.2140853328552153,0.04990457676669408,0.5261757116991688,0.2084096187868482,0.04879069739527014,0.526480073934346,0.126875,-0.0005175561523437511,0.077624580078125,0.05687499999999998,0.196875,-0.08,0.08,0.08721033285521532,0.05042213291903783,0.44855113162104376,Solve_Succeeded,0.027828834019601345,False,2.2834050469100475e-05,0.35,0.35000000999261216,9.992612182152527e-09,0.9488274269330684,122482.82420366553,-0.013086930777075206,0.013086920777075938,3.2470146686168255e-07,-6768.11606328603,-0.10105859556232363,0.4040374474800409,0.35000000999261216,0.3500000099950626,0.3500000099950208,0.35,0.0,False,False,81643.68701171875,6151.266968002932,20.84694573386822,6.384590884789986e-06,120.79034728931404,1.2080646950938145,1.1905295787216925,0.625725032661163,1.177637957583433,0.19882742693306846,1.5,0.0034748622284410005,0.0038156995766484196,0.006839475428014536,-0.009283123188411502,0.05233062942494008,-0.013873133743669608,-6455.619350209719,True
26,stress,10081,hybrid_warm_start_slack_mpc,9.5,0.21538118956275393,0.049769196352266655,0.5510941564493438,0.21710284633145682,0.052009559104111314,0.5572509857208198,0.12762142061042525,-0.0005445019531249984,0.07735904174804688,0.057621420610425245,0.19762142061042526,-0.08,0.08,0.08775976895232868,0.05031369830539165,0.4737351147012969,held,0.0,False,2.775003667920828e-05,0.35,0.35000000999261216,9.992612182152527e-09,0.9488274269330684,122482.82420366553,-0.013086930777075206,0.013086920777075938,3.2470146686168255e-07,-6771.32821847049,-0.10162198790222257,0.40428764978530923,0.35000000999261216,0.3500000099941113,0.35000000999418485,0.35,0.0,False,False,81603.85626220703,6146.305496334782,20.830131062815237,6.424818156652476e-06,121.35540664981067,1.2080646950938145,1.1905295787216925,0.625725032661163,1.177637957583433,0.19882742693306846,1.5,0.0034748622284410005,0.0038156995766484196,0.006839475428014536,-0.009283123188411502,0.05233062942494008,-0.013873133743669608,-6455.619350209719,True
26,stress,10081,hybrid_warm_start_slack_mpc,10.0,0.2164779473573141,0.04963375438423133,0.575944895383513,0.22209640806487696,0.049875692278302346,0.579499084374624,0.12840192043895748,-0.0005712573242187546,0.077080078125,0.05840192043895748,0.1984019204389575,-0.08,0.08,0.08807602691835661,0.050205011708450084,0.498864817258513,Solve_Succeeded,0.02681620803195983,False,2.095801755785942e-05,0.35,0.35000000998492975,9.984929771889028e-09,0.9488274269330684,344305.21834055503,-0.02369448762591947,0.023694477625920703,1.5214204860757552e-06,-6774.368327696125,-0.1020973188607912,0.40454814888211915,0.35000000998492975,0.3500000099941113,0.35000000999411723,0.35,0.0,False,False,81562.01171875,6141.139840938384,20.81262440308339,6.46735230413356e-06,121.95356422669356,1.2080646950938145,1.1905295787216925,0.625725032661163,1.177637957583433,0.19882742693306846,1.5,0.0034748622284410005,0.0038156995766484196,0.006839475428014536,-0.009283123188411502,0.05233062942494008,-0.013873133743669608,-6455.619350209719,True
26,stress,10081,hybrid_warm_start_slack_mpc,10.5,0.21739631716438898,0.04949825403524534,0.6007278985400109,0.2147118348516079,0.05134320421211537,0.611123414469224,0.12921585648148148,-0.000597822265625006,0.07678778442382812,0.05921585648148148,0.1992158564814815,-0.08,0.08,0.0881804606829075,0.050096076300870346,0.5239401141161827,held,0.0,False,3.745907451957464e-05,0.35,0.35000000998492975,9.984929771889028e-09,0.9488274269330684,344305.21834055503,-0.02369448762591947,0.023694477625920703,1.5214204860757552e-06,-6777.263089770904,-0.1024937454829376,0.40481876939269756,0.35000000998492975,0.35000000999261216,0.3500000099927339,0.35,0.0,False,False,81518.16766357422,6135.773479526905,20.794437540813334,6.512221040414525e-06,122.58512475476245,1.2080646950938145,1.1905295787216925,0.625725032661163,1.177637957583433,0.19882742693306846,1.5,0.0034748622284410005,0.0038156995766484196,0.006839475428014536,-0.009283123188411502,0.05233062942494008,-0.013873133743669608,-6455.619350209719,True
26,stress,10081,hybrid_warm_start_slack_mpc,11.0,0.2181548539187936,0.04936269797213957,0.6254431374147374,0.21209980106402662,0.04929162261333797,0.6242894920922243,0.13006258573388202,-0.0006241967773437523,0.076482255859375,0.06006258573388201,0.20006258573388203,-0.08,0.08,0.08809226818491159,0.04998689474948332,0.5489608815553625,Solve_Succeeded,0.027702791965566576,False,2.291705459356308e-05,0.35,0.3500000099770902,9.977090209556394e-09,0.9488274269330684,107167.48764695789,-0.012603460138338657,0.012603450138340714,6.576536540329177e-07,-6780.036434595229,-0.10281947301221053,0.4050993424719997,0.3500000099770902,0.35000000999261216,0.350000009992622,0.35,0.0,False,False,81472.33837890625,6130.2097602705635,20.7755818231183,6.559454186383767e-06,123.25041149845237,1.2080646950938145,1.1905295787216925,0.625725032661163,1.177637957583433,0.19882742693306846,1.5,0.0034748622284410005,0.0038156995766484196,0.006839475428014536,-0.009283123188411502,0.05233062942494008,-0.013873133743669608,-6455.619350209719,True
26,stress,10081,hybrid_warm_start_slack_mpc,11.5,0.2187701809183799,0.049227088408320414,0.65009058472159,0.21566189689688403,0.04787317292058402,0.6615988876724767,0.1309414651920439,-0.0006503808593749938,0.07616358764648437,0.06094146519204388,0.2009414651920439,-0.08,0.08,0.08782871572633602,0.04987746926769541,0.5739269970751056,held,0.0,False,2.7333036996424198e-05,0.35,0.3500000099770902,9.977090209556394e-09,0.9488274269330684,107167.48764695789,-0.012603460138338657,0.012603450138340714,6.576536540329177e-07,-6782.709826633623,-0.103081853766691,0.40538970519014955,0.3500000099770902,0.35000000998492975,0.3500000099855519,0.35,0.0,False,False,81424.53814697266,6124.451914042717,20.75606819958672,6.609083691001175e-06,123.94976679627202,1.2080646950938145,1.1905295787216925,0.625725032661163,1.177637957583433,0.19882742693306846,1.5,0.0034748622284410005,0.0038156995766484196,0.006839475428014536,-0.009283123188411502,0.05233062942494008,-0.013873133743669608,-6455.619350209719,True
26,stress,10081,hybrid_warm_start_slack_mpc,12.0,0.21925719083118278,0.04909142715042284,0.6746702141776311,0.2112663614417526,0.04603314343441157,0.6698127581402747,0.13185185185185186,-0.0006763745117187442,0.075831875,0.06185185185185185,0.20185185185185187,-0.08,0.08,0.08740533897933092,0.049767801662141585,0.5988383391776311,Solve_Succeeded,0.027673250064253807,False,2.0582927390933037e-05,0.35,0.3500000098941128,9.894112806829725e-09,0.9488274269330684,20074.90349099767,-0.009414509589900727,0.00941449958990169,4.1526132686947e-07,-6785.302535158312,-0.10328747575632097,0.40568969999943083,0.3500000098941128,0.35000000998492975,0.3500000099849801,0.35,0.0,False,False,81374.78125,6118.5030649893715,20.735907258102767,6.661143654452603e-06,124.68355255807748,1.2080646950938145,1.1905295787216925,0.625725032661163,1.177637957583433,0.19882742693306846,1.5,0.0034748622284410005,0.0038156995766484196,0.006839475428014536,-0.009283123188411502,0.05233062942494008,-0.013873133743669608,-6455.619350209719,True
26,stress,10081,hybrid_warm_start_slack_mpc,12.5,0.21962922578534258,0.048955715639844084,0.6991820003102809,0.22025272818585667,0.04840255703171152,0.6997976425952686,0.13279310270919067,-0.0007021777343750035,0.07548721313476563,0.06279310270919067,0.20279310270919068,-0.08,0.08,0.0868361230761519,0.04965789337421909,0.6236947871755153,held,0.0,False,3.6624958738684654e-05,0.35,0.3500000098941128,9.894112806829725e-09,0.9488274269330684,20074.90349099767,-0.009414509589900727,0.00941449958990169,4.1526132686947e-07,-6787.831874956439,-0.10344224210395478,0.4059991742710676,0.3500000098941128,0.3500000099770902,0.35000000997772834,0.35,0.0,False,False,81323.08197021484,6112.36623971472,20.715109255976643,6.715670354085191e-06,125.45215072656067,1.2080646950938145,1.1905295787216925,0.625725032661163,1.177637957583433,0.19882742693306846,1.5,0.0034748622284410005,0.0038156995766484196,0.006839475428014536,-0.009283123188411502,0.05233062942494008,-0.013873133743669608,-6455.619350209719,True
26,stress,10081,hybrid_warm_start_slack_mpc,13.0,0.219898238718375,0.04881995498971769,0.723625918284115,0.21823069929205388,0.05126474893599971,0.7274350332768907,0.13376457475994513,-0.000727790527343744,0.075129697265625,0.06376457475994513,0.20376457475994514,-0.08,0.08,0.08613366395842986,0.04954774551706143,0.64849622101849,Solve_Succeeded,0.02659424999728799,False,2.462498378008604e-05,0.35,0.35000000999366415,9.99366417397951e-09,0.9488274269330684,170220.92955420646,-0.015536345029276477,0.015536335029277086,8.216677930915995e-07,-6790.313420778622,-0.10355144222274457,0.40631797989012214,0.35000000999366415,0.3500000099770902,0.3500000099771418,0.35,0.0,False,False,81269.45458984375,6106.044375314271,20.693684147169208,6.772702273119964e-06,126.25596371197724,1.2080646950938145,1.1905295787216925,0.625725032661163,1.177637957583433,0.19882742693306846,1.5,0.0034748622284410005,0.0038156995766484196,0.006839475428014536,-0.009283123188411502,0.05233062942494008,-0.013873133743669608,-6455.619350209719,True
26,stress,10081,hybrid_warm_start_slack_mpc,13.5,0.22007493793588567,0.048684146017825225,0.7480019437451151,0.2183751952734783,0.04590892927618526,0.7412478904157466,0.134765625,-0.0007532128906250074,0.07475942260742188,0.064765625,0.204765625,-0.08,0.08,0.08530931293588567,0.04943735890845023,0.6732425211376932,held,0.0,False,3.9541046135127544e-05,0.35,0.35000000999366415,9.99366417397951e-09,0.9488274269330684,170220.92955420646,-0.015536345029276477,0.015536335029277086,8.216677930915995e-07,-6792.761198438997,-0.10361981560406144,0.4066459728991729,0.35000000999366415,0.3500000098941128,0.35000000990082847,0.35,0.0,False,False,81213.91339111328,6099.540326440656,20.671641606238378,6.832280132142073e-06,127.09541480731957,1.2080646950938145,1.1905295787216925,0.625725032661163,1.177637957583433,0.19882742693306846,1.5,0.0034748622284410005,0.0038156995766484196,0.006839475428014536,-0.009283123188411502,0.05233062942494008,-0.013873133743669608,-6455.619350209719,True
26,stress,10081,hybrid_warm_start_slack_mpc,14.0,0.22016891662691476,0.048548289275888064,0.7723100526804543,0.21732124186195706,0.05013602481699519,0.7775239959123335,0.13579561042524005,-0.0007784448242187519,0.074376484375,0.06579561042524004,0.20579561042524006,-0.08,0.08,0.08437330620167471,0.049326734100106816,0.6979335683054543,Solve_Succeeded,0.033580292016267776,False,2.629193477332592e-05,0.35,0.35000000998900616,9.989006177768545e-09,0.9488274269330684,74266.23490736712,-0.011525631436717004,0.011525621436717821,2.930182554186152e-07,-6795.1878551508735,-0.10365160898186115,0.4069830131832363,0.35000000998900616,0.3500000098941128,0.35000000989465596,0.35,0.0,False,False,81156.47265625,6092.856871551574,20.64899104951369,6.894446923374098e-06,127.97094858976158,1.2080646950938145,1.1905295787216925,0.625725032661163,1.177637957583433,0.19882742693306846,1.5,0.0034748622284410005,0.0038156995766484196,0.006839475428014536,-0.009283123188411502,0.05233062942494008,-0.013873133743669608,-6455.619350209719,True
26,stress,10081,hybrid_warm_start_slack_mpc,14.5,0.22018876890129818,0.04841238507563253,0.7965502212921066,0.22417215442346441,0.0574099772058033,0.7889210336874349,0.13685388803155007,-0.0008034863281249915,0.07398097778320313,0.06685388803155007,0.20685388803155008,-0.08,0.08,0.0833348808697481,0.04921587140375752,0.7225692435089035,held,0.0,False,3.591598942875862e-05,0.35,0.35000000998900616,9.989006177768545e-09,0.9488274269330684,74266.23490736712,-0.011525631436717004,0.011525621436717821,2.930182554186152e-07,-6797.604811392833,-0.10365062756020124,0.4073289641897978,0.35000000998900616,0.35000000999366415,0.350000009985656,0.35,0.0,False,False,81097.14666748047,6085.996718461531,20.625741653911437,6.959247947741982e-06,128.88303131311417,1.2080646950938145,1.1905295787216925,0.625725032661163,1.177637957583433,0.19882742693306846,1.5,0.0034748622284410005,0.0038156995766484196,0.006839475428014536,-0.009283123188411502,0.05233062942494008,-0.013873133743669608,-6455.619350209719,True
26,stress,10081,hybrid_warm_start_slack_mpc,15.0,0.2201421937515471,0.048276433511978314,0.8207224258827572,0.223694808943018,0.049297751919490984,0.8068141684468154,0.13793981481481482,-0.000828337402343754,0.073572998046875,0.06793981481481481,0.20793981481481483,-0.08,0.08,0.08220237893673227,0.04910477091432207,0.7471494278358822,Solve_Succeeded,0.029212333960458636,False,2.4582957848906517e-05,0.35,0.3500000099523174,9.952317414629874e-09,0.9488274269330684,83066.54283677296,-0.015754994128203165,0.01575498412820487,9.741587062085266e-07,-6800.022396343472,-0.10362028091957375,0.407683692678915,0.3500000099523174,0.35000000999366415,0.35000000999301645,0.35,0.0,False,False,81035.94970703125,6078.962509297259,20.60190237372883,7.026730854747771e-06,129.83215129518535,1.2080646950938145,1.1905295787216925,0.625725032661163,1.177637957583433,0.19882742693306846,1.5,0.0034748622284410005,0.0038156995766484196,0.006839475428014536,-0.009283123188411502,0.05233062942494008,-0.013873133743669608,-6455.619350209719,True
26,stress,10081,hybrid_warm_start_slack_mpc,15.5,0.22003608819581186,0.0481404344836614,0.8448266427526528,0.22425764123184136,0.051928079949649625,0.8471084561466524,0.13905274777091908,-0.0008529980468749976,0.07315264038085938,0.06905274777091908,0.2090527477709191,-0.08,0.08,0.08098334042489277,0.048993432530536396,0.7716740023717935,held,0.0,False,5.050003528594971e-05,0.35,0.3500000099523174,9.952317414629874e-09,0.9488274269330684,83066.54283677296,-0.015754994128203165,0.01575498412820487,9.741587062085266e-07,-6802.449968695284,-0.10356362415399926,0.4080470684992265,0.3500000099523174,0.35000000998900616,0.3500000099893305,0.35,0.0,False,False,80972.8960571289,6071.756824939426,20.577481955697145,7.09694568516709e-06,130.8188193032561,1.2080646950938145,1.1905295787216925,0.625725032661163,1.177637957583433,0.19882742693306846,1.5,0.0034748622284410005,0.0038156995766484196,0.006839475428014536,-0.009283123188411502,0.05233062942494008,-0.013873133743669608,-6455.619350209719,True
26,stress,10081,hybrid_warm_start_slack_mpc,16.0,0.21987663072774372,0.04800438771156842,0.8688628481061822,0.22467800677836142,0.049880403219217447,0.8672544775275673,0.1401920438957476,-0.0008774682617187501,0.07272,0.0701920438957476,0.2101920438957476,-0.08,0.08,0.07968458683199611,0.04888185597328717,0.7961428481061822,Solve_Succeeded,0.03400449990294874,False,2.3250002413988113e-05,0.35,0.3500000099805398,9.980539839027358e-09,0.9488274269330684,69811.03110309046,-0.014485962882613806,0.01448595288261448,5.407339181097493e-07,-6804.896024456193,-0.10348339473368624,0.40841896438639796,0.3500000099805398,0.35000000998900616,0.3500000099890324,0.35,0.0,False,False,80908.0,6064.382189019411,20.552488952527018,7.169944916594035e-06,131.8435689403566,1.2080646950938145,1.1905295787216925,0.625725032661163,1.177637957583433,0.19882742693306846,1.5,0.0034748622284410005,0.0038156995766484196,0.006839475428014536,-0.009283123188411502,0.05233062942494008,-0.013873133743669608,-6455.619350209719,True
26,stress,10081,hybrid_warm_start_slack_mpc,16.5,0.2196693560819202,0.04786829275502901,0.8928310179671026,0.21755548346733647,0.05039274569391099,0.8949552177218172,0.14135706018518518,-0.0009017480468750116,0.07227517211914063,0.07135706018518517,0.21135706018518519,-0.08,0.08,0.07831229589673502,0.04877004080190402,0.820555845847962,held,0.0,False,3.100000321865082e-05,0.35,0.3500000099805398,9.980539839027358e-09,0.9488274269330684,69811.03110309046,-0.014485962882613806,0.01448595288261448,5.407339181097493e-07,-6807.368293168012,-0.10338204553681525,0.4087992557810987,0.3500000099805398,0.3500000099523174,0.350000009955287,0.35,0.0,False,False,80841.2758178711,6056.841071528806,20.526931735141215,7.2457835118594515e-06,132.90695703457828,1.2080646950938145,1.1905295787216925,0.625725032661163,1.177637957583433,0.19882742693306846,1.5,0.0034748622284410005,0.0038156995766484196,0.006839475428014536,-0.009283123188411502,0.05233062942494008,-0.013873133743669608,-6455.619350209719,True
26,stress,10081,hybrid_warm_start_slack_mpc,17.0,0.21941922221854207,0.047732149026285454,0.9167311281014497,0.21790559943337043,0.05411264351164444,0.9155424672204764,0.1425471536351166,-0.0009258374023437543,0.071818251953125,0.0725471536351166,0.21254715363511661,-0.08,0.08,0.07687206858342546,0.04865798642862921,0.8449128761483248,Solve_Succeeded,0.0254675829783082,False,2.174999099224806e-05,0.35,0.3500000099817928,9.98179283673295e-09,0.9488274269330684,81048.69419586148,-0.011358883213052728,0.01135887321305481,1.0349557765383273e-06,-6809.873823812051,-0.10326177444805766,0.4091878206640562,0.3500000099817928,0.3500000099523174,0.3500000099525576,0.35,0.0,False,False,80772.73779296875,6049.1358920902585,20.500818503759668,7.324518970353196e-06,134.00956403331855,1.2080646950938145,1.1905295787216925,0.625725032661163,1.177637957583433,0.19882742693306846,1.5,0.0034748622284410005,0.0038156995766484196,0.006839475428014536,-0.009283123188411502,0.05233062942494008,-0.013873133743669608,-6455.619350209719,True
26,stress,10081,hybrid_warm_start_slack_mpc,17.5,0.2191306703370718,0.04759595580333502,0.9405631539472673,0.2133714081938657,0.04649112046787718,0.9352085422292686,0.1437616812414266,-0.0009497363281249921,0.07134933471679687,0.0737616812414266,0.2137616812414266,-0.08,0.08,0.07536898909564518,0.04854569213146001,0.8692138192304705,held,0.0,False,2.833292819559574e-05,0.35,0.3500000099817928,9.98179283673295e-09,0.9488274269330684,81048.69419586148,-0.011358883213052728,0.01135887321305481,1.0349557765383273e-06,-6812.419061530978,-0.1031245508802369,0.4095845394061104,0.3500000099817928,0.3500000099805398,0.3500000099782765,0.35,0.0,False,False,80702.40020751953,6041.269022930859,20.47415729797645,7.406211382284322e-06,135.15199440405684,1.2080646950938145,1.1905295787216925,0.625725032661163,1.177637957583433,0.19882742693306846,1.5,0.0034748622284410005,0.0038156995766484196,0.006839475428014536,-0.009283123188411502,0.05233062942494008,-0.013873133743669608,-6455.619350209719,True
26,stress,10081,hybrid_warm_start_slack_mpc,18.0,0.21880767864423148,0.047459712241318924,0.9643270705503882,0.21891971157794438,0.052722734567746746,0.9613221396092869,0.145,-0.0009734448242187527,0.070868515625,0.07499999999999998,0.215,-0.08,0.08,0.07380767864423149,0.04843315706553768,0.8934585549253883,Solve_Succeeded,0.02698533295188099,False,2.1832995116710663e-05,0.35,0.35000000995654784,9.956547863954057e-09,0.9488274269330684,20375.67354957366,-0.006098887246914264,0.006098877246918065,7.250219284305524e-07,-6815.0099161707585,-0.10297213953859907,0.40998929463149714,0.35000000995654784,0.3500000099805398,0.35000000998035674,0.35,0.0,False,False,80630.27734375,6033.242791593229,20.44695600594777,7.4909234859174215e-06,136.3348770430345,1.2080646950938145,1.1905295787216925,0.625725032661163,1.177637957583433,0.19882742693306846,1.5,0.0034748622284410005,0.0038156995766484196,0.006839475428014536,-0.009283123188411502,0.05233062942494008,-0.013873133743669608,-6455.619350209719,True
26,stress,10081,hybrid_warm_start_slack_mpc,18.5,0.21845381052629154,0.04732341738261286,0.9880228525055796,0.22216612417997816,0.04860750854091177,0.9824827538186286,0.14626146690672154,-0.0009969628906250083,0.07037588989257812,0.07626146690672153,0.21626146690672154,-0.08,0.08,0.07219234361957,0.048320380273237866,0.9176469626130015,held,0.0,False,2.6541994884610176e-05,0.35,0.35000000995654784,9.956547863954057e-09,0.9488274269330684,20375.67354957366,-0.006098887246914264,0.006098877246918065,7.250219284305524e-07,-6817.651823535286,-0.10280612171403805,0.41040197109284127,0.35000000995654784,0.3500000099817928,0.3500000099816767,0.35,0.0,False,False,80556.38348388672,6025.059483414375,20.419222372792923,7.578720727826494e-06,137.55886569300367,1.2080646950938145,1.1905295787216925,0.625725032661163,1.177637957583433,0.19882742693306846,1.5,0.0034748622284410005,0.0038156995766484196,0.006839475428014536,-0.009283123188411502,0.05233062942494008,-0.013873133743669608,-6455.619350209719,True
26,stress,10081,hybrid_warm_start_slack_mpc,19.0,0.21807225770795052,0.047187070165757065,1.0116504739024377,0.21587319618083967,0.048137589020826606,1.0145413246352963,0.147545438957476,-0.0010202905273437451,0.069871552734375,0.07754543895747598,0.217545438957476,-0.08,0.08,0.07052681875047453,0.04820736069310081,0.9417789211680627,Solve_Succeeded,0.022272666916251183,False,2.0249979570508003e-05,0.35,0.34976682209024107,-0.00023317790975890818,0.9488274269330684,55.69028470912376,0.001672242776636329,4.7220638608639095e-09,2.763854010119055e-08,-6820.349800147609,-0.10262791436192764,0.41082245555655417,0.34976682209024107,0.3500000099817928,0.35000000998178343,0.35,0.0,False,False,80480.73291015625,6016.721343798232,20.39096400829609,7.669671326212105e-06,138.8246393710618,1.2080646950938145,1.1905295787216925,0.625725032661163,1.177637957583433,0.19882742693306846,1.5,0.0034748622284410005,0.0038156995766484196,0.006839475428014536,-0.009283123188411502,0.05233062942494008,-0.013873133743669608,-6455.619350209719,False
26,stress,10081,hybrid_warm_start_slack_mpc,19.5,0.21766587891951222,0.04705066943334899,1.0352099082754835,0.2189813820814245,0.05002625773679724,1.0319764581635857,0.14885127314814814,-0.001043427734374991,0.06935559936523437,0.07885127314814813,0.21885127314814815,-0.08,0.08,0.06881460577136408,0.04809409716772398,0.9658543089102491,held,0.0,False,3.3415970392525196e-05,0.35,0.34976682209024107,-0.00023317790975890818,0.9488274269330684,55.69028470912376,0.001672242776636329,4.7220638608639095e-09,2.763854010119055e-08,-6823.108492223987,-0.1024387871965917,0.41125063669750794,0.34976682209024107,0.35000000995654784,0.350000009958589,0.35,0.0,False,False,80403.33990478516,6008.230580304267,20.362188393984678,7.76384633733067e-06,140.13290280744292,1.2080646950938145,1.1905295787216925,0.625725032661163,1.177637957583433,0.19882742693306846,1.5,0.0034748622284410005,0.0038156995766484196,0.006839475428014536,-0.009283123188411502,0.05233062942494008,-0.013873133743669608,-6455.619350209719,False
26,stress,10081,hybrid_warm_start_slack_mpc,20.0,0.2172372345397772,0.04691421393900811,1.058701128557969,0.21218210207681737,0.05228806533376139,1.0634352484742502,0.1501783264746228,-0.0010663745117187456,0.068828125,0.08017832647462278,0.2201783264746228,-0.08,0.08,0.06705890806515441,0.047980588450726856,0.989873003557969,Solve_Succeeded,0.02010245795827359,False,2.1417043171823025e-05,0.35,0.34999984586471283,-1.5413528714480762e-07,0.9488274269330684,63.046246805571684,0.004098023832259656,2.3423959191513686e-09,1.6429291066904897e-08,-6825.932219489141,-0.1022398780075801,0.4116864050020053,0.34999984586471283,0.35000000995654784,0.35000000995671293,0.35,0.0,False,False,80324.21875,5999.589364571574,20.332902889650182,7.8613197250887e-06,141.48438689603034,1.2080646950938145,1.1905295787216925,0.625725032661163,1.177637957583433,0.19882742693306846,1.5,0.0034748622284410005,0.0038156995766484196,0.006839475428014536,-0.009283123188411502,0.05233062942494008,-0.013873133743669608,-6455.619350209719,False
26,stress,10081,hybrid_warm_start_slack_mpc,20.5,0.2167886176334262,0.04677770235351058,1.082124107038954,0.21464086043757824,0.044337651033470184,1.0748313817887782,0.15152595593278462,-0.0010891308593749954,0.06828922485351563,0.08152595593278461,0.22152595593278462,-0.08,0.08,0.06526266170064157,0.047866833212885575,1.0138348821854384,held,0.0,False,2.9250048100948334e-05,0.2521509073338888,0.34999984586471283,0.09784893853082405,0.9488274269330684,63.046246805571684,0.004098023832259656,2.3423959191513686e-09,1.6429291066904897e-08,-6828.768410976346,-0.10201673134574754,0.4121296526781913,0.34999984586471283,0.34976682209024107,0.3497856831755192,0.3497856831755192,-0.00042863364896150724,False,False,80243.38372802734,5990.799834095381,20.303114739368862,7.962168433857959e-06,142.87984915725224,1.2080646950938145,1.1905295787216925,0.625725032661163,1.177637957583433,0.19882742693306846,1.5,0.0034748622284410005,0.0038156995766484196,0.006839475428014536,-0.009283123188411502,0.05233062942494008,-0.013873133743669608,-6455.619350209719,False
26,stress,10081,hybrid_warm_start_slack_mpc,21.0,0.21632208203101874,0.046641134402246154,1.105478815606278,0.21508334754282263,0.048806321623456037,1.1048093184251615,0.1528935185185185,-0.0011116967773437542,0.06773899414062501,0.0828935185185185,0.22289351851851852,-0.08,0.08,0.06342856351250023,0.04775283117958991,1.037739821465653,Solve_Succeeded,0.01938241603784263,False,2.008303999900818e-05,0.35,0.3476032002377194,-0.002396799762280577,0.9488274269330684,50.32089904420182,0.00781017097569589,2.8242560560003805e-09,1.8870488382309055e-08,-6831.728791467515,-0.10179994106261694,0.41258027357316207,0.3476032002377194,0.34976682209024107,0.3497683476436211,0.3497683476436211,-3.4671063796287704e-05,False,False,80160.84912109375,5981.864093870782,20.27283107707244,8.0664724645716e-06,144.3200742139504,1.2080646950938145,1.1905295787216925,0.625725032661163,1.177637957583433,0.19882742693306846,1.5,0.0034748622284410005,0.0038156995766484196,0.006839475428014536,-0.009283123188411502,0.05233062942494008,-0.013873133743669608,-6455.619350209719,False
26,stress,10081,hybrid_warm_start_slack_mpc,21.5,0.21583946695609166,0.0465045075789867,1.128765225452335,0.2137802237236381,0.048671319136146675,1.1165422247651346,0.15428037122770918,-0.001134072265625008,0.06717752807617187,0.08428037122770918,0.2242803712277092,-0.08,0.08,0.061559095728382474,0.04763857984461171,1.061587697376163,held,0.0,False,2.6124995201826096e-05,0.35,0.3476032002377194,-0.002396799762280577,0.9488274269330684,50.32089904420182,0.00781017097569589,2.8242560560003805e-09,1.8870488382309055e-08,-6834.827609969964,-0.10159276997553325,0.4130381630961138,0.3476032002377194,0.34999984586471283,0.34998112144411664,0.34998112144411664,0.0004255476009911163,False,False,80076.62921142578,5972.78421791668,20.242058931712783,8.174314954164452e-06,145.80587428073818,1.2080646950938145,1.1905295787216925,0.625725032661163,1.177637957583433,0.19882742693306846,1.5,0.0034748622284410005,0.0038156995766484196,0.006839475428014536,-0.009283123188411502,0.05233062942494008,-0.013873133743669608,-6455.619350209719,False
26,stress,10081,hybrid_warm_start_slack_mpc,22.0,0.21534241879318447,0.0463678190951293,1.151983306445598,0.21715024287892695,0.04722181997068413,1.1537830626827295,0.15568587105624143,-0.001156257324218743,0.066604921875,0.08568587105624142,0.22568587105624144,-0.08,0.08,0.05965654773694304,0.04752407641934804,1.085378384570598,Solve_Succeeded,0.020347999990917742,False,2.050003968179226e-05,0.31937539784678504,0.3362489481023568,0.016873550255571745,0.9488274269330684,44.290690408831786,0.008535628177314486,2.8031504068440356e-09,1.8642160055591233e-08,-6837.966144562065,-0.10136836773242966,0.4135553796234184,0.3362489481023568,0.34999984586471283,0.34999833136527086,0.34999833136527086,3.4419842308452964e-05,False,False,79990.73828125,5963.562250691366,20.210805232059418,8.285782258423927e-06,147.3380896672995,1.2080646950938145,1.1905295787216925,0.625725032661163,1.177637957583433,0.19882742693306846,1.5,0.0034748622284410005,0.0038156995766484196,0.006839475428014536,-0.009283123188411502,0.05233062942494008,-0.013873133743669608,-6455.619350209719,False
26,stress,10081,hybrid_warm_start_slack_mpc,22.5,0.21483241158602667,0.04623106813885528,1.1751330275542418,0.21624456703957393,0.042364413251821366,1.1683145900698555,0.157109375,-0.0011782519531250008,0.06602127075195313,0.08710937499999999,0.227109375,-0.08,0.08,0.05772303658602668,0.04740932009198028,1.1091117568022886,held,0.0,False,2.529192715883255e-05,0.15544089317286375,0.3362489481023568,0.18080805492949303,0.9488274269330684,44.290690408831786,0.008535628177314486,2.8031504068440356e-09,1.8642160055591233e-08,-6840.67697906906,-0.10100427826169217,0.41452118455903586,0.3362489481023568,0.3476032002377194,0.34779692718043126,0.34779692718043126,-0.004402808369679212,False,False,79903.19061279297,5954.200208409866,20.179076811164045,8.400964038322086e-06,148.9175892960436,1.2080646950938145,1.1905295787216925,0.625725032661163,1.177637957583433,0.19882742693306846,1.5,0.0034748622284410005,0.0038156995766484196,0.006839475428014536,-0.009283123188411502,0.05233062942494008,-0.013873133743669608,-6455.619350209719,False
26,stress,10081,hybrid_warm_start_slack_mpc,23.0,0.21431076770320706,0.04609426324875059,1.198214359677964,0.2145886331570809,0.041710871778720536,1.186861183626617,0.15855024005486967,-0.0012000561523437536,0.065426669921875,0.08855024005486967,0.22855024005486968,-0.08,0.08,0.05576052764833739,0.04729431940109435,1.132787689756089,Solve_Succeeded,0.02029595896601677,False,2.1582935005426407e-05,0.1128026187329057,0.2946858112753441,0.1818831925424384,0.9488274269330684,28.570457543313413,0.013961606897788775,2.1658392108377595e-09,1.5132222850490967e-08,-6844.0302564730455,-0.10078231552209006,0.41550436793117296,0.2946858112753441,0.3476032002377194,0.3476188695795357,0.3476188695795357,-0.00035611520179112954,False,False,79814.00048828125,5944.700080271976,20.146880410522424,8.519953349902164e-06,150.54527123447187,1.2080646950938145,1.1905295787216925,0.625725032661163,1.177637957583433,0.19882742693306846,1.5,0.0034748622284410005,0.0038156995766484196,0.006839475428014536,-0.009283123188411502,0.05233062942494008,-0.013873133743669608,-6455.619350209719,False
26,stress,10081,hybrid_warm_start_slack_mpc,23.5,0.21377867065106543,0.04595739156243215,1.2212272726353557,0.2202139087223429,0.05498981877278401,1.2167076983241922,0.16000782321673526,-0.0012216699218750016,0.06482121459960938,0.09000782321673526,0.23000782321673527,-0.08,0.08,0.053770847434330166,0.04717906148430715,1.1564060580357463,held,0.0,False,6.362493149936199e-05,0.35,0.2946858112753441,-0.05531418872465588,0.9488274269330684,28.570457543313413,0.013961606897788775,2.1658392108377595e-09,1.5132222850490967e-08,-6844.554983745156,-0.09980680764237365,0.4165048071705042,0.2946858112753441,0.3362489481023568,0.33716858882737183,0.33716858882737183,-0.02090056150432773,False,False,79723.1821899414,5935.063829608949,20.11422268396056,8.642846737796721e-06,152.22206324258588,1.2080646950938145,1.1905295787216925,0.625725032661163,1.177637957583433,0.19882742693306846,1.5,0.0034748622284410005,0.0038156995766484196,0.006839475428014536,-0.009283123188411502,0.05233062942494008,-0.013873133743669608,-6455.619350209719,False
26,stress,10081,hybrid_warm_start_slack_mpc,24.0,0.21323719130143481,0.045820509638999654,1.2441717471690614,0.21643369523392467,0.05333079996890674,1.2480451949410318,0.16148148148148148,-0.0012430932617187584,0.064205,0.09148148148148147,0.23148148148148148,-0.08,0.08,0.05175570981995334,0.04706360290071841,1.1799667471690614,Solve_Succeeded,0.020477375015616417,False,2.7582980692386627e-05,0.35,0.3230856876803764,-0.0269143123196236,0.9488274269330684,55.01890515190582,0.011689299727558777,2.1490560548681006e-09,1.485227774221697e-08,-6847.863593275284,-0.09952678078394354,0.41752238101690514,0.3230856876803764,0.3362489481023568,0.3363233319989214,0.3363233319989214,-0.0016905136569008716,False,False,79630.75,5925.293394955936,20.08111020126924,8.769744332457524e-06,153.94892333562254,1.2080646950938145,1.1905295787216925,0.625725032661163,1.177637957583433,0.19882742693306846,1.5,0.0034748622284410005,0.0038156995766484196,0.006839475428014536,-0.009283123188411502,0.05233062942494008,-0.013873133743669608,-6455.619350209719,False
26,stress,10081,hybrid_warm_start_slack_mpc,24.5,0.21268728869634504,0.0456835617903267,1.2670477642393403,0.20505372993961002,0.04548810931524869,1.2615296004151484,0.16297057184499314,-0.0012643261718749965,0.06357812133789062,0.09297057184499313,0.23297057184499315,-0.08,0.08,0.0497167168513519,0.046947887962201694,1.2034696429014498,held,0.0,False,3.50000336766243e-05,0.16658359375368242,0.3230856876803764,0.15650209392669395,0.9488274269330684,55.01890515190582,0.011689299727558777,2.1490560548681006e-09,1.485227774221697e-08,-6840.322970568326,-0.09649900515086696,0.4185569694413684,0.3230856876803764,0.2946858112753441,0.2980536058395297,0.2980536058395297,-0.07653945231878334,False,False,79536.7182006836,5915.390691056471,20.047549451608308,8.900749951181362e-06,155.7268403623854,1.2080646950938145,1.1905295787216925,0.625725032661163,1.177637957583433,0.19882742693306846,1.5,0.0034748622284410005,0.0038156995766484196,0.006839475428014536,-0.009283123188411502,0.05233062942494008,-0.013873133743669608,-6455.619350209719,False
26,stress,10081,hybrid_warm_start_slack_mpc,25.0,0.21212986134636788,0.045546764991663394,1.2898553451281736,0.21197791180009326,0.03777602014015729,1.2896359354311435,0.164474451303155,-0.0012853686523437435,0.062940673828125,0.09447445130315499,0.234474451303155,-0.08,0.08,0.04765541004321289,0.04683213364400714,1.2269146713000485,Solve_Succeeded,0.02131295797880739,False,2.2625084966421127e-05,-0.05851884551624861,0.253100961666106,0.3116198071823546,0.9488274269330684,20.78538606787198,0.02249653950306174,7.366216964102651e-10,1.2293971074252513e-08,-6842.994032332614,-0.09604041334607688,0.41960845357147647,0.253100961666106,0.2946858112753441,0.294958210784956,0.294958210784956,-0.00619079010914747,False,False,79441.10107421875,5905.35760980471,20.01354684669993,9.035971203018263e-06,157.55683459939692,1.2080646950938145,1.1905295787216925,0.625725032661163,1.177637957583433,0.19882742693306846,1.5,0.0034748622284410005,0.0038156995766484196,0.006839475428014536,-0.009283123188411502,0.05233062942494008,-0.013873133743669608,-6455.619350209719,False
26,stress,10081,hybrid_warm_start_slack_mpc,25.5,0.21156571535211852,0.04540991500067115,1.3125945143006625,0.21075643780174025,0.04776275071944492,1.3131981921509666,0.16599247685185187,-0.0013062207031249995,0.062292752685546876,0.09599247685185186,0.23599247685185187,-0.08,0.08,0.04557323850026665,0.04671613570379615,1.2503017616151157,held,0.0,False,2.6916037313640118e-05,0.23499103177381206,0.253100961666106,0.018109929892293958,0.9488274269330684,20.78538606787198,0.02249653950306174,7.366216964102651e-10,1.2293971074252513e-08,-6854.4462277310795,-0.09771186008400387,0.42067671562017306,0.253100961666106,0.3230856876803764,0.32081063474383076,0.32081063474383076,0.05170484791774954,False,False,79343.91290283203,5895.1960211304795,19.97910872382809,9.175519597652898e-06,159.43995836108883,1.2080646950938145,1.1905295787216925,0.625725032661163,1.177637957583433,0.19882742693306846,1.5,0.0034748622284410005,0.0038156995766484196,0.006839475428014536,-0.009283123188411502,0.05233062942494008,-0.013873133743669608,-6455.619350209719,False
26,stress,10081,hybrid_warm_start_slack_mpc,26.0,0.21099548303953328,0.0452728361888902,1.3352652012539767,0.21149182006789932,0.04103517585578443,1.3351025039354678,0.16752400548696844,-0.0013268823242187505,0.061634453125,0.09752400548696843,0.23752400548696845,-0.08,0.08,0.043471477552564836,0.04659971851310895,1.2736307481289768,Solve_Succeeded,0.020753249991685152,False,2.1000043489038944e-05,0.029673838020731882,0.2140340961165299,0.18436025809579804,0.9488274269330684,22.546671643232393,0.026032185419069126,1.6243933617401007e-09,1.2604929595359467e-08,-6858.975716217129,-0.09763522116533223,0.4217616388175952,0.2140340961165299,0.3230856876803764,0.3229016730997821,0.3229016730997821,0.004182076711902738,False,False,79245.16796875,5884.907773831726,19.944241348659794,9.319510658352943e-06,161.3772966262201,1.2080646950938145,1.1905295787216925,0.625725032661163,1.177637957583433,0.19882742693306846,1.5,0.0034748622284410005,0.0038156995766484196,0.006839475428014536,-0.009283123188411502,0.05233062942494008,-0.013873133743669608,-6455.619350209719,False
26,stress,10081,hybrid_warm_start_slack_mpc,26.5,0.2104197234308077,0.04513566700622123,1.3578673261905545,0.2157161213210564,0.04243187706836961,1.365037418790289,0.16906839420438957,-0.0013473535156250036,0.060965870361328126,0.09906839420438956,0.23906839420438958,-0.08,0.08,0.041351329226418126,0.04648302052184623,1.2969014558292264,held,0.0,False,2.6374938897788525e-05,0.0740695932716628,0.2140340961165299,0.1399645028448671,0.9488274269330684,22.546671643232393,0.026032185419069126,1.6243933617401007e-09,1.2604929595359467e-08,-6843.1053697202115,-0.09264966414581767,0.42286310734575583,0.2140340961165299,0.253100961666106,0.2587466978304476,0.2587466978304476,-0.128309950538669,False,False,79144.88055419922,5874.494696358492,19.908950917901986,9.468064039081077e-06,163.36996768068542,1.2080646950938145,1.1905295787216925,0.625725032661163,1.177637957583433,0.19882742693306846,1.5,0.0034748622284410005,0.0038156995766484196,0.006839475428014536,-0.009283123188411502,0.05233062942494008,-0.013873133743669608,-6455.619350209719,False
26,stress,10081,hybrid_warm_start_slack_mpc,27.0,0.2098390678531457,0.044998815443986005,1.3804009459232651,0.2001010672666039,0.041238534380169174,1.3806363631079028,0.170625,-0.0013676342773437516,0.060287099609375,0.10062499999999999,0.240625,-0.08,0.08,0.03921406785314571,0.04636644972132976,1.3201138463138902,Solve_Succeeded,0.022005834034644067,False,2.116698306053877e-05,0.008882462601351483,0.17383740999696046,0.16495494739560898,0.9488274269330684,18.941190559332213,0.040523932733396106,8.865422504453991e-10,7.511664155912756e-09,-6845.289215938216,-0.09201765057437669,0.4239810062758817,0.17383740999696046,0.253100961666106,0.2535576094019624,0.2535576094019624,-0.0103781768569704,False,False,79043.06494140625,5863.958597552136,19.87324356180684,9.621303645871108e-06,165.41912377686796,1.2080646950938145,1.1905295787216925,0.625725032661163,1.177637957583433,0.19882742693306846,1.5,0.0034748622284410005,0.0038156995766484196,0.006839475428014536,-0.009283123188411502,0.05233062942494008,-0.013873133743669608,-6455.619350209719,False
26,stress,10081,hybrid_warm_start_slack_mpc,27.5,0.20925408963284295,0.04486192041270284,1.402866128990369,0.21013352510443692,0.04382968116418214,1.394549514752132,0.1721931798696845,-0.0013877246093749948,0.059598236083984374,0.10219317986968449,0.2421931798696845,-0.08,0.08,0.037060909763158456,0.04624964502207783,1.3432678929063846,held,0.0,False,2.3458036594092846e-05,0.09864981933129274,0.17383740999696046,0.07518759066566771,0.9488274269330684,18.941190559332213,0.040523932733396106,8.865422504453991e-10,7.511664155912756e-09,-6837.580657228084,-0.08906299826522492,0.4251152215082343,0.17383740999696046,0.2140340961165299,0.21723090204750423,0.21723090204750423,-0.0726534147089164,False,False,78939.73541259766,5853.301267343199,19.837125346536833,9.779357762571949e-06,167.52595180967106,1.2080646950938145,1.1905295787216925,0.625725032661163,1.177637957583433,0.19882742693306846,1.5,0.0034748622284410005,0.0038156995766484196,0.006839475428014536,-0.009283123188411502,0.05233062942494008,-0.013873133743669608,-6455.619350209719,False
26,stress,10081,hybrid_warm_start_slack_mpc,28.0,0.20866526615716324,0.04472517975721826,1.4252629031188384,0.2043443221812549,0.04765145271170303,1.4276108644638714,0.17377229080932782,-0.001407624511718747,0.058899375000000004,0.10377229080932782,0.24377229080932783,-0.08,0.08,0.03489297534783542,0.046132804268937004,1.3663635281188384,Solve_Succeeded,0.021852417034097016,False,2.079096157103777e-05,0.20005284649450875,0.179807802362321,-0.02024504413218775,0.9488274269330684,26.03243405591609,0.039427968628072935,9.008306944954297e-10,7.540628715473228e-09,-6840.446640743724,-0.08858605541045933,0.42626563971425235,0.179807802362321,0.2140340961165299,0.2142926654417442,0.2142926654417442,-0.005876473211520072,False,False,78834.90625,5842.524477410941,19.800602276399946,9.942359181065757e-06,169.69167400933512,1.2080646950938145,1.1905295787216925,0.625725032661163,1.177637957583433,0.19882742693306846,1.5,0.0034748622284410005,0.0038156995766484196,0.006839475428014536,-0.009283123188411502,0.05233062942494008,-0.013873133743669608,-6455.619350209719,False
26,stress,10081,hybrid_warm_start_slack_mpc,28.5,0.20807302007602643,0.044588381983712684,1.4475912926233307,0.21015635689092182,0.04540457531645751,1.4509248449962446,0.17536168981481481,-0.001427333984375001,0.05819061157226563,0.10536168981481481,0.24536168981481482,-0.08,0.08,0.03271133026121162,0.046015715968087685,1.389400681051065,held,0.0,False,3.0708033591508865e-05,0.1378929531270346,0.179807802362321,0.041914849235286405,0.9488274269330684,26.03243405591609,0.039427968628072935,9.008306944954297e-10,7.540628715473228e-09,-6832.09862286026,-0.08554229456675873,0.42743214828087306,0.179807802362321,0.17383740999696046,0.1771095786326529,0.1771095786326529,-0.0743661736181826,False,False,78728.59173583984,5831.629981807371,19.763680295964555,1.0110445336070822e-05,171.9175486511498,1.2080646950938145,1.1905295787216925,0.625725032661163,1.177637957583433,0.19882742693306846,1.5,0.0034748622284410005,0.0038156995766484196,0.006839475428014536,-0.009283123188411502,0.05233062942494008,-0.013873133743669608,-6455.619350209719,False
26,stress,10081,hybrid_warm_start_slack_mpc,29.0,0.20747773493374266,0.044451751370476515,1.4698513250145724,0.20903833894990945,0.045776586189578305,1.4691173460392597,0.17696073388203018,-0.0014468530273437502,0.057472041015625,0.10696073388203017,0.2469607338820302,-0.08,0.08,0.030517001051712483,0.045898604397820265,1.4123792839989473,Solve_Succeeded,0.02181349997408688,False,2.0332983694970608e-05,0.14335385060217337,0.17069389420543124,0.02734004360325787,0.9488274269330684,24.162913774685883,0.03792239493212074,8.569419622927931e-10,1.63513362096726e-08,-6834.905827635629,-0.08504858651730143,0.428614635256898,0.17069389420543124,0.17383740999696046,0.17410207493264535,0.17410207493264535,-0.006015007400015093,False,False,78620.80615234375,5820.619517548277,19.726365292062432,1.0283758444641961e-05,174.2048707821335,1.2080646950938145,1.1905295787216925,0.625725032661163,1.177637957583433,0.19882742693306846,1.5,0.0034748622284410005,0.0038156995766484196,0.006839475428014536,-0.009283123188411502,0.05233062942494008,-0.013873133743669608,-6455.619350209719,False
26,stress,10081,hybrid_warm_start_slack_mpc,29.5,0.2068797526559492,0.04431506481133663,1.4920430280962629,0.20897084847639774,0.04504680041909329,1.4905378967465353,0.17856878000685872,-0.0014661816406250014,0.05674375854492188,0.10856878000685871,0.24856878000685872,-0.08,0.08,0.028310972649090493,0.04578124645196163,1.435299269551341,held,0.0,False,3.0542025342583656e-05,0.11749786199656456,0.17069389420543124,0.05319603220886668,0.9488274269330684,24.162913774685883,0.03792239493212074,8.569419622927931e-10,1.63513362096726e-08,-6840.589962406407,-0.08517412048164263,0.429812989301285,0.17069389420543124,0.179807802362321,0.17934630231408433,0.17934630231408433,0.010488454762877963,False,False,78511.56378173828,5809.494805173575,19.68866309568782,1.0462445650485049e-05,176.5549729647538,1.2080646950938145,1.1905295787216925,0.625725032661163,1.177637957583433,0.19882742693306846,1.5,0.0034748622284410005,0.0038156995766484196,0.006839475428014536,-0.009283123188411502,0.05233062942494008,-0.013873133743669608,-6455.619350209719,False
26,stress,10081,hybrid_warm_start_slack_mpc,30.0,0.2062793138307823,0.044178264768111306,1.5141663595108574,0.2022305362028426,0.037338878749550934,1.5164671813169588,0.1801851851851852,-0.0014853198242187476,0.056005859375,0.11018518518518519,0.2501851851851852,-0.08,0.08,0.026094128645597098,0.04566358459233005,1.4581605001358575,Solve_Succeeded,0.02210091706365347,False,3.6792014725506306e-05,-0.12858665925581877,0.09893902247584366,0.22752568173166243,0.9488274269330684,20.475020052733118,0.047954648982342585,1.443409180818188e-09,8.848568562390412e-09,-6844.768228914784,-0.084937105730185,0.4310270996332512,0.09893902247584366,0.179807802362321,0.17977047455492964,0.17977047455492964,0.0008483444816906327,False,False,78400.87890625,5798.257549279098,19.65057948379968,1.064665917320516e-05,178.96922603773655,1.2080646950938145,1.1905295787216925,0.625725032661163,1.177637957583433,0.19882742693306846,1.5,0.0034748622284410005,0.0038156995766484196,0.006839475428014536,-0.009283123188411502,0.05233062942494008,-0.013873133743669608,-6455.619350209719,False
26,stress,10081,hybrid_warm_start_slack_mpc,30.5,0.20567662787482585,0.044041381359293884,1.5362212700458417,0.2002428067804923,0.04059856507663142,1.5405711617012416,0.18180930641289436,-0.0015042675781250028,0.05525843872070313,0.11180930641289435,0.25180930641289434,-0.08,0.08,0.02386732146193149,0.04554564893741889,1.4809628313251386,held,0.0,False,2.833292819559574e-05,-0.037508761132464916,0.09893902247584366,0.13644778360830856,0.9488274269330684,20.475020052733118,0.047954648982342585,1.443409180818188e-09,8.848568562390412e-09,-6845.973135231207,-0.08403568702435517,0.43225685598409136,0.09893902247584366,0.17069389420543124,0.17142804113424023,0.17142804113424023,-0.01668486684137882,False,False,78288.76580810547,5786.909439021749,19.61212018103368,1.0836556462611017e-05,181.44903989399947,1.2080646950938145,1.1905295787216925,0.625725032661163,1.177637957583433,0.19882742693306846,1.5,0.0034748622284410005,0.0038156995766484196,0.006839475428014536,-0.009283123188411502,0.05233062942494008,-0.013873133743669608,-6455.619350209719,False
26,stress,10081,hybrid_warm_start_slack_mpc,31.0,0.20507190372697973,0.04390447405324139,1.558207732885416,0.20320620274709442,0.04542263500695603,1.5512478635327098,0.1834405006858711,-0.001523024902343753,0.054501591796875,0.11344050068587108,0.2534405006858711,-0.08,0.08,0.021631403041108638,0.04542749895558514,1.503706141088541,Solve_Succeeded,0.021668207948096097,False,2.1249987185001373e-05,0.10860734205455047,0.09263562918910263,-0.015971712865447837,0.9488274269330684,21.690330706877727,0.05023429793877668,1.7015572232481378e-09,1.8777875327348258e-08,-6849.929502529593,-0.08371242682886251,0.43350214855061187,0.09263562918910263,0.17069389420543124,0.17075327468710233,0.17075327468710233,-0.0013495328942758067,False,False,78175.23876953125,5775.452148599784,19.573290861329905,1.1032300358201288e-05,183.99586427572638,1.2080646950938145,1.1905295787216925,0.625725032661163,1.177637957583433,0.19882742693306846,1.5,0.0034748622284410005,0.0038156995766484196,0.006839475428014536,-0.009283123188411502,0.05233062942494008,-0.013873133743669608,-6455.619350209719,False
26,stress,10081,hybrid_warm_start_slack_mpc,31.5,0.2044653291155896,0.04376748782211246,1.580125722323876,0.2050532034501565,0.04309864586483068,1.5785009398424226,0.185078125,-0.0015415917968750054,0.053735413818359376,0.115078125,0.25507812500000004,-0.08,0.08,0.019387204115589585,0.04530907961898747,1.5263903085055166,held,0.0,False,2.970790956169367e-05,0.038321593958675945,0.09263562918910263,0.05431403523042669,0.9488274269330684,21.690330706877727,0.05023429793877668,1.7015572232481378e-09,1.8777875327348258e-08,-6830.212797896489,-0.07841199974492923,0.43476286795009866,0.09263562918910263,0.09893902247584366,0.10474762116340147,0.10474762116340147,-0.13201130704740172,False,False,78060.3120727539,5763.887337709867,19.534097149481823,1.1234059253961812e-05,186.61118958658753,1.2080646950938145,1.1905295787216925,0.625725032661163,1.177637957583433,0.19882742693306846,1.5,0.0034748622284410005,0.0038156995766484196,0.006839475428014536,-0.009283123188411502,0.05233062942494008,-0.013873133743669608,-6455.619350209719,False
26,stress,10081,hybrid_warm_start_slack_mpc,32.0,0.20385717357082972,0.04363089612782501,1.6019753172641797,0.20806903086821443,0.04532287285834418,1.5993087300342184,0.186721536351166,-0.0015599682617187527,0.05295999999999999,0.116721536351166,0.256721536351166,-0.08,0.08,0.017135637219663713,0.04519086438954376,1.5490153172641798,Solve_Succeeded,0.021486375015228987,False,2.0958948880434036e-05,0.1066280106304201,0.08419332314072801,-0.022434687489692087,0.9488274269330684,22.644052216980587,0.04865250548295158,1.7015610399202269e-09,1.87850572795278e-08,-6832.232130690265,-0.0777163498998279,0.4360389051767378,0.08419332314072801,0.09893902247584366,0.09940884312667832,0.09940884312667832,-0.01067755607344631,False,False,77944.0,5752.216651982374,19.494544622611564,1.1442007268605095e-05,189.29654772108478,1.2080646950938145,1.1905295787216925,0.625725032661163,1.177637957583433,0.19882742693306846,1.5,0.0034748622284410005,0.0038156995766484196,0.006839475428014536,-0.009283123188411502,0.05233062942494008,-0.013873133743669608,-6455.619350209719,False
26,stress,10081,hybrid_warm_start_slack_mpc,32.5,0.20324768377234204,0.04349426424905019,1.6237566062944,0.2105066512299451,0.04559603879668768,1.6166970948790433,0.18837009173525376,-0.0015781542968749881,0.05217544555664062,0.11837009173525376,0.25837009173525377,-0.08,0.08,0.014877592037088272,0.045072418545925176,1.5715811607377594,held,0.0,False,2.5250017642974854e-05,0.11550331004189009,0.08419332314072801,-0.031309986901162074,0.9488274269330684,22.644052216980587,0.04865250548295158,1.7015610399202269e-09,1.87850572795278e-08,-6833.948987705273,-0.0769499148475294,0.43733015155941524,0.08419332314072801,0.09263562918910263,0.09318347144014515,0.09318347144014515,-0.012450743373066342,False,False,77826.3168334961,5740.441723396339,19.45463881157619,1.1656324421387285e-05,192.05351291099655,1.2080646950938145,1.1905295787216925,0.625725032661163,1.177637957583433,0.19882742693306846,1.5,0.0034748622284410005,0.0038156995766484196,0.006839475428014536,-0.009283123188411502,0.05233062942494008,-0.013873133743669608,-6455.619350209719,False
26,stress,10081,hybrid_warm_start_slack_mpc,33.0,0.20263698113596024,0.04335759823803926,1.645469570835126,0.19494279302139186,0.04001230698949397,1.6392748002310382,0.19002314814814816,-0.0015961499023437464,0.051381845703125005,0.12002314814814816,0.2600231481481482,-0.08,0.08,0.012613832987812074,0.044953748140383006,1.594087725132001,Solve_Succeeded,0.021001707995310426,False,2.1125073544681072e-05,-0.08035653832831213,0.022454762945045875,0.10281130127335801,0.9488274269330684,23.71598643667928,0.045276188861039485,2.9910413414722427e-09,1.4229159493102987e-08,-6837.878108392435,-0.07661996638587001,0.4386364987208295,0.022454762945045875,0.09263562918910263,0.09267994066882163,0.09267994066882163,-0.001007061542647042,False,False,77707.27685546875,5728.564170675286,19.414385202309198,1.1877196813639579e-05,194.88370258885982,1.2080646950938145,1.1905295787216925,0.625725032661163,1.177637957583433,0.19882742693306846,1.5,0.0034748622284410005,0.0038156995766484196,0.006839475428014536,-0.009283123188411502,0.05233062942494008,-0.013873133743669608,-6455.619350209719,False
26,stress,10081,hybrid_warm_start_slack_mpc,33.5,0.2020251651704937,0.04322085385266941,1.6671141827594376,0.21131357913013724,0.0473365334906341,1.6708255566026307,0.1916800625857339,-0.0016139550781249998,0.05057929565429688,0.12168006258573388,0.2616800625857339,-0.08,0.08,0.010345102584759819,0.04483480893079441,1.6165348871051406,held,0.0,False,2.4999957531690598e-05,0.16290126493573553,0.022454762945045875,-0.14044650199068967,0.9488274269330684,23.71598643667928,0.045276188861039485,2.9910413414722427e-09,1.4229159493102987e-08,-6839.054842194966,-0.07572699036214475,0.43995783853785236,0.022454762945045875,0.08419332314072801,0.08487975172443693,0.08487975172443693,-0.01560037788876939,False,False,77586.89434814453,5716.5855996651535,19.373789237101303,1.2104816816155052e-05,197.78877826842893,1.2080646950938145,1.1905295787216925,0.625725032661163,1.177637957583433,0.19882742693306846,1.5,0.0034748622284410005,0.0038156995766484196,0.006839475428014536,-0.009283123188411502,0.05233062942494008,-0.013873133743669608,-6455.619350209719,False
26,stress,10081,hybrid_warm_start_slack_mpc,34.0,0.20141232800972533,0.04308408614419509,1.6886904166426817,0.20039947545937972,0.043756916447791595,1.6924699245684913,0.19334019204389574,-0.001631569824218762,0.049767890625000005,0.12334019204389574,0.26334019204389575,-0.08,0.08,0.008072135965829591,0.04471565596841385,1.6389225260176816,Solve_Succeeded,0.021343708969652653,False,2.0832987502217293e-05,0.034921052833177396,-0.00029103592473859595,-0.03521208875791599,0.9488274269330684,23.518041865246985,0.055896019890274734,8.523825762705299e-10,1.621543044986009e-08,-6843.07409383588,-0.07538435656797812,0.4412940631030815,-0.00029103592473859595,0.08419332314072801,0.08424884398857733,0.08424884398857733,-0.001261815471719191,False,False,77465.18359375,5704.507603695355,19.33285631582411,1.2339383262573737e-05,200.77044644201354,1.2080646950938145,1.1905295787216925,0.625725032661163,1.177637957583433,0.19882742693306846,1.5,0.0034748622284410005,0.0038156995766484196,0.006839475428014536,-0.009283123188411502,0.05233062942494008,-0.013873133743669608,-6455.619350209719,False
26,stress,10081,hybrid_warm_start_slack_mpc,34.5,0.20079855127895857,0.04294723826586747,1.710198246611308,0.19816088768122142,0.041573493732853684,1.7014117351823221,0.19500289351851852,-0.0016489941406250055,0.048947725830078115,0.1250028935185185,0.2650028935185185,-0.08,0.08,0.005795657760440054,0.04459623240649248,1.6612505207812298,held,0.0,False,3.187498077750206e-05,-0.03707688642524014,-0.00029103592473859595,0.036785850500501545,0.9488274269330684,23.518041865246985,0.055896019890274734,8.523825762705299e-10,1.621543044986009e-08,-6824.459932584332,-0.07068538865454041,0.4426450646875293,-0.00029103592473859595,0.022454762945045875,0.027452893636324256,0.027452893636324256,-0.11359190070450616,False,False,77342.15887451172,5692.331763924001,19.291591797100075,1.2581101648911766e-05,203.8304594945852,1.2080646950938145,1.1905295787216925,0.625725032661163,1.177637957583433,0.19882742693306846,1.5,0.0034748622284410005,0.0038156995766484196,0.006839475428014536,-0.009283123188411502,0.05233062942494008,-0.013873133743669608,-6455.619350209719,False
26,stress,10081,hybrid_warm_start_slack_mpc,35.0,0.2001840040225024,0.04281076288848932,1.7316377457479397,0.20017186911563115,0.04850515616922202,1.7277892558718186,0.19666752400548698,-0.0016662280273437372,0.048118896484375,0.12666752400548698,0.266667524005487,-0.08,0.08,0.0035164800170154054,0.044476990915833056,1.6835188492635647,Solve_Succeeded,0.02230145805515349,False,2.1583051420748234e-05,0.17165288857148558,0.01523126397931724,-0.15642162459216835,0.9488274269330684,24.63164292894635,0.06582294029268812,1.701618161256433e-09,1.8900064157231617e-08,-6826.616380881012,-0.07001994653274006,0.44401073570439814,0.01523126397931724,0.022454762945045875,0.022859029987863464,0.022859029987863464,-0.009187727296921584,False,False,77217.83447265625,5680.059649668205,19.25000099942194,1.2830184339383231e-05,206.9706166345209,1.2080646950938145,1.1905295787216925,0.625725032661163,1.177637957583433,0.19882742693306846,1.5,0.0034748622284410005,0.0038156995766484196,0.006839475428014536,-0.009283123188411502,0.05233062942494008,-0.013873133743669608,-6455.619350209719,False
26,stress,10081,hybrid_warm_start_slack_mpc,35.5,0.19956884272503672,0.042674244601166686,1.7530089964501556,0.201344528560981,0.04154727429142471,1.7488322667687772,0.19833344050068585,-0.0016832714843749985,0.04728149780273438,0.12833344050068585,0.26833344050068586,-0.08,0.08,0.0012354022243508678,0.044357516085541684,1.7057274986474213,held,0.0,False,3.429199568927288e-05,-0.038050934834443134,0.01523126397931724,0.053282198813760374,0.9488274269330684,24.63164292894635,0.06582294029268812,1.701618161256433e-09,1.8900064157231617e-08,-6821.792585375005,-0.06805011585187544,0.44539096867389644,0.01523126397931724,-0.00029103592473859595,0.0015814258545923839,0.0015814258545923839,-0.04255520826654216,False,False,77092.22467041016,5667.692818720325,19.20808920222448,1.3086850778665318e-05,210.19276484082232,1.2080646950938145,1.1905295787216925,0.625725032661163,1.177637957583433,0.19882742693306846,1.5,0.0034748622284410005,0.0038156995766484196,0.006839475428014536,-0.009283123188411502,0.05233062942494008,-0.013873133743669608,-6455.619350209719,False
26,stress,10081,hybrid_warm_start_slack_mpc,36.0,0.19895314468894754,0.042537823012874225,1.7743120121649043,0.2017626385832941,0.03915960731458318,1.7783593401208677,0.2,-0.001700124511718755,0.046435625,0.13,0.27,-0.08,0.08,-0.0010468553110524748,0.04423794752459298,1.7278763871649043,Solve_Succeeded,0.022265958948992193,False,2.145790494978428e-05,-0.11157524917159711,-0.048718456987030936,0.06285679218456618,0.9488274269330684,28.975173472510594,0.04096334481602476,8.863657982198006e-10,7.50475051141131e-09,-6825.094580536151,-0.06760050265549823,0.44678565618904953,-0.048718456987030936,-0.00029103592473859595,-0.00013958438553815056,-0.00013958438553815056,-0.003442020480261069,False,False,76965.34375,5655.232817650954,19.165861646911356,1.3351327710760419e-05,213.4987998266362,1.2080646950938145,1.1905295787216925,0.625725032661163,1.177637957583433,0.19882742693306846,1.5,0.0034748622284410005,0.0038156995766484196,0.006839475428014536,-0.009283123188411502,0.05233062942494008,-0.013873133743669608,-6455.619350209719,False
26,stress,10081,hybrid_warm_start_slack_mpc,36.5,0.19833697242954898,0.04240133561176169,1.795546800613382,0.1956543098424549,0.03550058357529536,1.7868698532256768,0.2016665594993141,-0.0017167871093750064,0.04558137329101562,0.1316665594993141,0.2716665594993141,-0.08,0.08,-0.003329587069765133,0.044118122721136695,1.7499654273223664,held,0.0,False,3.1708041206002235e-05,-0.23365259234888358,-0.048718456987030936,0.18493413536185266,0.9488274269330684,28.975173472510594,0.04096334481602476,8.863657982198006e-10,7.50475051141131e-09,-6835.371915310896,-0.06839429643588307,0.4481946908824673,-0.048718456987030936,0.01523126397931724,0.013988013692784953,0.013988013692784953,0.028255196156646206,False,False,76837.20599365234,5642.681182099389,19.123323537839543,1.3623849404610589e-05,216.89066701886577,1.2080646950938145,1.1905295787216925,0.625725032661163,1.177637957583433,0.19882742693306846,1.5,0.0034748622284410005,0.0038156995766484196,0.006839475428014536,-0.009283123188411502,0.05233062942494008,-0.013873133743669608,-6455.619350209719,False
26,stress,10081,hybrid_warm_start_slack_mpc,37.0,0.19772031055145867,0.04226464289698737,1.816713294013451,0.19562886760994427,0.037920244428659426,1.8289815562261384,0.20333247599451304,-0.001733259277343746,0.044718837890624995,0.13333247599451303,0.27333247599451305,-0.08,0.08,-0.005612165443054373,0.04399790217433112,1.771994456122826,Solve_Succeeded,0.022976291016675532,False,2.116698306053877e-05,-0.16325358905202297,-0.11497774764477096,0.04827584140725201,0.9488274269330684,33.54933464869326,0.03521146853203461,9.052180329522519e-10,7.548420920552643e-09,-6840.210411799981,-0.06817199994265513,0.44961796539402865,-0.11497774764477096,0.01523126397931724,0.015130705360933059,0.015130705360933059,0.0022853833362962116,False,False,76707.82568359375,5630.039437052273,19.080480043263627,1.390465788662192e-05,220.37036255363907,1.2080646950938145,1.1905295787216925,0.625725032661163,1.177637957583433,0.19882742693306846,1.5,0.0034748622284410005,0.0038156995766484196,0.006839475428014536,-0.009283123188411502,0.05233062942494008,-0.013873133743669608,-6455.619350209719,False
26,stress,10081,hybrid_warm_start_slack_mpc,37.5,0.19710313906971838,0.04212785365198881,1.8378114169036015,0.1928446837586157,0.0387247994493829,1.8310577076379893,0.2049971064814815,-0.0017495410156249946,0.04384811401367188,0.1349971064814815,0.2749971064814815,-0.08,0.08,-0.007893967411763125,0.043877394667613805,1.7939633028899296,held,0.0,False,2.987496554851532e-05,-0.1456766789782864,-0.11497774764477096,0.030698931333515436,0.9488274269330684,33.54933464869326,0.03521146853203461,9.052180329522519e-10,7.548420920552643e-09,-6818.063027338262,-0.06322211437136832,0.45105537233944787,-0.11497774764477096,-0.048718456987030936,-0.043554103823190485,-0.043554103823190485,-0.11736961836824708,False,False,76577.21710205078,5617.309097111061,19.037336296242305,1.4194003180259177e-05,223.93993428738386,1.2080646950938145,1.1905295787216925,0.625725032661163,1.177637957583433,0.19882742693306846,1.5,0.0034748622284410005,0.0038156995766484196,0.006839475428014536,-0.009283123188411502,0.05233062942494008,-0.013873133743669608,-6455.619350209719,False
26,stress,10081,hybrid_warm_start_slack_mpc,38.0,0.1964855954810992,0.04199150759810683,1.858841255948828,0.19412869219204176,0.048353451520921076,1.8537754943427263,0.20665980795610428,-0.0017656323242187522,0.042969296875,0.13665980795610427,0.2766598079561043,-0.08,0.08,-0.010174212475005079,0.043757139922325584,1.8158719590738281,Solve_Succeeded,0.02115470904391259,False,2.0915991626679897e-05,0.14360882431840122,-0.07827348007061292,-0.22188230438901413,0.9488274269330684,28.061680008190816,0.05746888423593749,1.270454262510651e-09,1.923968768759415e-08,-6819.889407397958,-0.06251848156880643,0.45250680427969014,-0.07827348007061292,-0.048718456987030936,-0.04830074526427536,-0.04830074526427536,-0.009493282882169746,False,False,76445.39453125,5604.4916667489015,18.99389739550893,1.4492143552871477e-05,227.60148282320515,1.2080646950938145,1.1905295787216925,0.625725032661163,1.177637957583433,0.19882742693306846,1.5,0.0034748622284410005,0.0038156995766484196,0.006839475428014536,-0.009283123188411502,0.05233062942494008,-0.013873133743669608,-6455.619350209719,False
26,stress,10081,hybrid_warm_start_slack_mpc,38.5,0.19586781279452017,0.04185512526194206,1.8798029128761014,0.19619601892521785,0.043447045527668676,1.882198106670495,0.20831993741426613,-0.0017815332031249978,0.042082481689453125,0.13831993741426613,0.27831993741426614,-0.08,0.08,-0.012452124619745958,0.043636658465067056,1.8377204311866482,held,0.0,False,3.116601146757603e-05,-0.0023110495231892098,-0.07827348007061292,-0.07596243054742371,0.9488274269330684,28.061680008190816,0.05746888423593749,1.270454262510651e-09,1.923968768759415e-08,-6795.083535306416,-0.057315362896293395,0.4539721536912043,-0.07827348007061292,-0.11497774764477096,-0.10958466846352012,-0.10958466846352012,-0.12256784639848953,False,False,76312.37225341797,5591.588640557487,18.950168406308123,1.4799345769913312e-05,231.35716255226308,1.2080646950938145,1.1905295787216925,0.625725032661163,1.177637957583433,0.19882742693306846,1.5,0.0034748622284410005,0.0038156995766484196,0.006839475428014536,-0.009283123188411502,0.05233062942494008,-0.013873133743669608,-6455.619350209719,False
26,stress,10081,hybrid_warm_start_slack_mpc,39.0,0.19524992715047024,0.041719239292279,1.9006965027062475,0.1945698647369646,0.0430818105331332,1.9118544000502207,0.20997685185185183,-0.0017972436523437524,0.041187763671875,0.13997685185185182,0.27997685185185184,-0.08,0.08,-0.014726924701381594,0.04351648294462275,1.8595087390343725,Solve_Succeeded,0.021653041942045093,False,5.216698627918959e-05,-0.017631566813898367,-0.09691839770107268,-0.07928683088717431,0.9488274269330684,31.238467802840205,0.05153589604295772,1.7015710833666104e-09,1.87859827739442e-08,-6796.27757766443,-0.05657501062094349,0.4554513129369436,-0.09691839770107268,-0.11497774764477096,-0.11454153572736556,-0.11454153572736556,-0.00991373452769087,False,False,76178.16455078125,5578.601503484431,18.90615436120024,1.5115885356724982e-05,235.20918270978729,1.2080646950938145,1.1905295787216925,0.625725032661163,1.177637957583433,0.19882742693306846,1.5,0.0034748622284410005,0.0038156995766484196,0.006839475428014536,-0.009283123188411502,0.05233062942494008,-0.013873133743669608,-6455.619350209719,False
26,stress,10081,hybrid_warm_start_slack_mpc,39.5,0.1946320589297546,0.04158332969290402,1.9215221436232017,0.19259028055862454,0.041858649793165476,1.9281514523673082,0.21162990826474626,-0.001812763671875002,0.04028523803710937,0.14162990826474625,0.28162990826474626,-0.08,0.08,-0.016997849334991655,0.04339609336477902,1.8812369055860922,held,0.0,False,3.504101186990738e-05,-0.05915838667325077,-0.09691839770107268,-0.03776001102782191,0.9488274269330684,31.238467802840205,0.05153589604295772,1.7015710833666104e-09,1.87859827739442e-08,-6816.217821871513,-0.05889734521386995,0.4569441742381477,-0.09691839770107268,-0.07827348007061292,-0.08120697271310903,-0.08120697271310903,0.06666912602851305,False,False,76042.7857055664,5565.531731061606,18.861860260835236,1.5442046868039207e-05,239.15980844534997,1.2080646950938145,1.1905295787216925,0.625725032661163,1.177637957583433,0.19882742693306846,1.5,0.0034748622284410005,0.0038156995766484196,0.006839475428014536,-0.009283123188411502,0.05233062942494008,-0.013873133743669608,-6455.619350209719,False
26,stress,10081,hybrid_warm_start_slack_mpc,40.0,0.19401410474182013,0.0414470215480617,1.9422797300824188,0.19574758465683686,0.041378903911348866,1.9499150485290007,0.21327846364883404,-0.0018280932617187468,0.039375,0.14327846364883404,0.283278463648834,-0.08,0.08,-0.019264358907013918,0.04327511480978045,1.902904730082419,Solve_Succeeded,0.023211417021229863,False,2.2500054910779e-05,-0.06997086739210351,-0.12502674680550807,-0.05505587941340456,0.9488274269330684,33.384405771040214,0.046759725106454875,8.950305134837799e-10,7.527489795528117e-09,-6821.5713945338775,-0.05877604409320219,0.45845062964685884,-0.12502674680550807,-0.07827348007061292,-0.07851075165652373,-0.07851075165652373,0.005392442113170609,False,False,75906.25,5552.380789624953,18.817291074697604,1.5778124165381173e-05,243.2113619069805,1.2080646950938145,1.1905295787216925,0.625725032661163,1.177637957583433,0.19882742693306846,1.5,0.0034748622284410005,0.0038156995766484196,0.006839475428014536,-0.009283123188411502,0.05233062942494008,-0.013873133743669608,-6455.619350209719,False
